-- phpMyAdmin SQL Dump
-- version 4.1.14
-- http://www.phpmyadmin.net
--
-- Host: 127.0.0.1
-- Generation Time: Feb 04, 2017 at 09:41 AM
-- Server version: 5.6.17
-- PHP Version: 5.5.12

SET SQL_MODE = "NO_AUTO_VALUE_ON_ZERO";
SET time_zone = "+00:00";


/*!40101 SET @OLD_CHARACTER_SET_CLIENT=@@CHARACTER_SET_CLIENT */;
/*!40101 SET @OLD_CHARACTER_SET_RESULTS=@@CHARACTER_SET_RESULTS */;
/*!40101 SET @OLD_COLLATION_CONNECTION=@@COLLATION_CONNECTION */;
/*!40101 SET NAMES utf8 */;

--
-- Database: `wfdb`
--
CREATE DATABASE IF NOT EXISTS `wfdb` DEFAULT CHARACTER SET utf8 COLLATE utf8_general_ci;
USE `wfdb`;

-- --------------------------------------------------------

--
-- Table structure for table `wf_logistics_cardclient`
--

DROP TABLE IF EXISTS `wf_logistics_cardclient`;
CREATE TABLE IF NOT EXISTS `wf_logistics_cardclient` (
  `cardid` int(11) DEFAULT NULL,
  `clientid` int(11) DEFAULT NULL,
  UNIQUE KEY `cardid` (`cardid`,`clientid`)
) ENGINE=MyISAM DEFAULT CHARSET=utf8 ROW_FORMAT=DYNAMIC COMMENT='卡终端绑定关系';

--
-- Dumping data for table `wf_logistics_cardclient`
--

INSERT INTO `wf_logistics_cardclient` (`cardid`, `clientid`) VALUES
(13, 51),
(13, 61),
(14, 51),
(14, 61),
(15, 52),
(15, 58),
(16, 52),
(16, 58),
(17, 53),
(18, 53),
(19, 54),
(20, 54),
(21, 55),
(22, 55),
(23, 56),
(23, 62),
(24, 56),
(24, 62),
(25, 57),
(26, 59),
(26, 60),
(28, 59),
(28, 60);

-- --------------------------------------------------------

--
-- Table structure for table `wf_logistics_cardinfo`
--

DROP TABLE IF EXISTS `wf_logistics_cardinfo`;
CREATE TABLE IF NOT EXISTS `wf_logistics_cardinfo` (
  `id` int(11) NOT NULL AUTO_INCREMENT,
  `createuser` varchar(50) DEFAULT NULL,
  `createtime` int(11) DEFAULT NULL,
  `updateuser` varchar(50) DEFAULT NULL,
  `updatetime` int(11) DEFAULT NULL,
  `status` int(1) DEFAULT NULL,
  `cardno` varchar(100) DEFAULT NULL,
  `othercardno` varchar(100) DEFAULT NULL,
  `account` varchar(50) DEFAULT NULL,
  `nickname` varchar(50) DEFAULT NULL,
  `password` varchar(50) DEFAULT NULL,
  `courierid` int(11) DEFAULT NULL,
  `remark` varchar(500) DEFAULT NULL,
  `money` decimal(10,2) DEFAULT NULL,
  `warn` decimal(10,2) DEFAULT NULL,
  `unit` decimal(10,2) DEFAULT NULL,
  `type` int(2) DEFAULT NULL,
  PRIMARY KEY (`id`)
) ENGINE=MyISAM  DEFAULT CHARSET=utf8 COMMENT='快递员卡信息' AUTO_INCREMENT=29 ;

--
-- Dumping data for table `wf_logistics_cardinfo`
--

INSERT INTO `wf_logistics_cardinfo` (`id`, `createuser`, `createtime`, `updateuser`, `updatetime`, `status`, `cardno`, `othercardno`, `account`, `nickname`, `password`, `courierid`, `remark`, `money`, `warn`, `unit`, `type`) VALUES
(23, '8705', 1474877134, '8705', 1479172408, 2, '123456', '20308d356c7db859e4c37bcbc4cc353e', '13706228705', 'charge', '04380aae1c3f4f21623e0f97215572cd', 32, '', NULL, NULL, NULL, 0),
(24, '8705', 1474877160, '8705', 1479172421, 2, '02', 'a7a4e60ee76989acf04bf03239725eb6', '18913614962', 'charge', '04380aae1c3f4f21623e0f97215572cd', 32, '', NULL, NULL, NULL, 1),
(25, 'charge1620914', 1477272556, 'charge1620914', 1477551018, 2, '-', 'f7e64e30500dd2fd4a09e34017b54ba8', '606373638', '606373638', 'db224891d3c3a845362b56b13725a83a', 33, '', NULL, NULL, NULL, 0),
(13, 'charge1670412', 1469493741, 'charge1670412', 1478736266, 2, '001', '002', '13706228705', 'charge', '04380aae1c3f4f21623e0f97215572cd', 27, '', '0.00', '0.00', '0.00', 0),
(14, 'charge1670412', 1469493789, 'charge1670412', 1478661381, 2, '01', '02', '18913614962', 'charge', '04380aae1c3f4f21623e0f97215572cd', 27, '', '0.00', '0.00', '0.00', 1),
(15, 'charge1630603', 1469501708, 'charge1630603', 1477983534, 2, '2ced222b', '', '001', 'charge', '04380aae1c3f4f21623e0f97215572cd', 28, '', '0.00', '0.00', '0.00', 0),
(16, 'charge1630603', 1469501739, 'charge1630603', 1477983541, 2, 'd9480a0a', '', '002', 'charge', '04380aae1c3f4f21623e0f97215572cd', 28, '', '0.00', '0.00', '0.00', 1),
(17, 'charge1670430', 1469578463, 'charge1670430', 1469578531, 2, '2ced222b', '', '13706228705', '001', '04380aae1c3f4f21623e0f97215572cd', 29, '', '0.00', '0.00', '0.00', 0),
(18, 'charge1670430', 1469578522, 'charge1670430', 1469600253, 2, 'd9480a0a', '', '18913614962', '', '04380aae1c3f4f21623e0f97215572cd', 29, '', '0.00', '0.00', '0.00', 1),
(19, 'charge1630606', 1469603155, 'charge1630606', 1469847402, 2, '2ced222b', '', '13706228705', 'charge', '04380aae1c3f4f21623e0f97215572cd', 30, '', '0.00', '0.00', '0.00', 0),
(20, 'charge1630606', 1469603183, 'charge1630606', 1469847415, 2, 'd9480a0a', '', '18913614962', 'charge', '04380aae1c3f4f21623e0f97215572cd', 30, '', '0.00', '0.00', '0.00', 1),
(21, 'charge1630509', 1470271073, 'charge1630509', 1470272749, 2, '2ced222b', '01', '13706228705', 'charge', '04380aae1c3f4f21623e0f97215572cd', 31, '', '0.00', '0.00', '0.00', 0),
(22, 'charge1630509', 1470271117, 'charge1630509', 1470272754, 2, 'd9480a0a', '', '18913614962', '002', '04380aae1c3f4f21623e0f97215572cd', 31, '', '0.00', '0.00', '0.00', 1),
(26, 'charge1630922', 1478567874, 'charge1630922', 1478656627, 2, '001', '994441a4ada03574917abbf1b813dc42', '13706228705', '01', '04380aae1c3f4f21623e0f97215572cd', 34, '', NULL, NULL, NULL, 0),
(27, NULL, NULL, NULL, NULL, 2, NULL, NULL, NULL, NULL, NULL, NULL, NULL, NULL, NULL, NULL, NULL),
(28, 'charge1630922', 1478567912, 'charge1630922', 1478656640, 2, '002', 'cfc8e67284b07ebfe903d271f68e3349', '18913614962', '02', '04380aae1c3f4f21623e0f97215572cd', 34, '03', NULL, NULL, NULL, 0);

-- --------------------------------------------------------

--
-- Table structure for table `wf_logistics_cardrecord`
--

DROP TABLE IF EXISTS `wf_logistics_cardrecord`;
CREATE TABLE IF NOT EXISTS `wf_logistics_cardrecord` (
  `id` int(11) NOT NULL AUTO_INCREMENT,
  `createuser` varchar(50) DEFAULT NULL,
  `createtime` int(11) DEFAULT NULL,
  `updateuser` varchar(50) DEFAULT NULL,
  `updatetime` int(11) DEFAULT NULL,
  `cardid` int(11) DEFAULT NULL,
  `orderid` int(11) DEFAULT NULL,
  `operatetype` int(2) DEFAULT NULL,
  `operatetime` int(11) DEFAULT NULL,
  `changemoney` decimal(10,2) DEFAULT NULL,
  `remark` varchar(500) DEFAULT NULL,
  PRIMARY KEY (`id`)
) ENGINE=MyISAM  DEFAULT CHARSET=utf8 COMMENT='快递员卡使用记录' AUTO_INCREMENT=6 ;

-- --------------------------------------------------------

--
-- Table structure for table `wf_logistics_courier`
--

DROP TABLE IF EXISTS `wf_logistics_courier`;
CREATE TABLE IF NOT EXISTS `wf_logistics_courier` (
  `id` int(11) NOT NULL AUTO_INCREMENT,
  `createuser` varchar(50) DEFAULT NULL,
  `createtime` int(11) DEFAULT NULL,
  `updateuser` varchar(50) DEFAULT NULL,
  `updatetime` int(11) DEFAULT NULL,
  `guid` varchar(50) DEFAULT NULL,
  `status` int(1) DEFAULT NULL,
  `name` varchar(100) DEFAULT NULL,
  `code` varchar(50) DEFAULT NULL,
  `short` varchar(50) DEFAULT NULL,
  `address` varchar(500) DEFAULT NULL,
  `linkman` varchar(100) DEFAULT NULL,
  `phone` varchar(50) DEFAULT NULL,
  `email` varchar(100) DEFAULT NULL,
  `regdate` int(11) DEFAULT NULL,
  `companyid` int(11) DEFAULT NULL,
  PRIMARY KEY (`id`)
) ENGINE=MyISAM  DEFAULT CHARSET=utf8 COMMENT='快递公司信息' AUTO_INCREMENT=35 ;

--
-- Dumping data for table `wf_logistics_courier`
--

INSERT INTO `wf_logistics_courier` (`id`, `createuser`, `createtime`, `updateuser`, `updatetime`, `guid`, `status`, `name`, `code`, `short`, `address`, `linkman`, `phone`, `email`, `regdate`, `companyid`) VALUES
(32, '8705', 1474877056, '8705', 1479172390, NULL, 1, 'EMS', '01', 'EMS', 'chejian', 'charge', '123456', '123456@163.com', 1474877056, 14),
(33, 'charge1620914', 1477272478, 'charge1620914', 1477550928, NULL, 1, 'EMS', 'EMS', 'EMS', '-', '-', '-', 'welcome@winnsen.com', 1477272478, 15),
(34, 'charge1630922', 1478567783, 'charge1630922', 1478656609, NULL, 1, 'EMS', '01', 'EMS', '12', 'charge', '13706228605', '123456@163.com', 1478567783, 16),
(27, 'charge1670412', 1469493687, 'charge1670412', 1478661357, NULL, 1, 'EMS', '001', 'EMS', 'winnsen', 'winnsen', '13706228705', '123456@163.com', 1469462400, 9),
(28, 'charge1630603', 1469501656, 'charge1630603', 1477983519, NULL, 1, 'EMS', '001', 'EMS', 'winnsen', 'winnsen', '13706228605', '123456@163.com', 1469462400, 10),
(29, 'charge1670430', 1469578294, NULL, NULL, NULL, 1, 'EMS', '001', 'EMS', 'winnsen', '123456', '123456', '123456@163.com', 1469548800, 11),
(30, 'charge1630606', 1469603092, NULL, NULL, NULL, 0, 'EMS', '001', 'EMS', 'qw', 'qw', '13706228705', '123456@163.com', 1469548800, 12),
(31, 'charge1630509', 1470270910, 'charge1630509', 1478064413, NULL, 1, 'EMS', '001', 'EMS', 'q', 'charge', '123456', '123456@163.com', 1470153600, 13);

-- --------------------------------------------------------

--
-- Table structure for table `wf_logistics_courierclient`
--

DROP TABLE IF EXISTS `wf_logistics_courierclient`;
CREATE TABLE IF NOT EXISTS `wf_logistics_courierclient` (
  `courierid` int(11) DEFAULT NULL,
  `clientid` int(11) DEFAULT NULL
) ENGINE=MyISAM DEFAULT CHARSET=utf8 ROW_FORMAT=DYNAMIC COMMENT='快递公司与终端绑定信息';

--
-- Dumping data for table `wf_logistics_courierclient`
--

INSERT INTO `wf_logistics_courierclient` (`courierid`, `clientid`) VALUES
(32, 56),
(33, 57),
(28, 52),
(28, 58),
(31, 55),
(27, 51),
(34, 59),
(34, 60),
(27, 61),
(32, 62);

-- --------------------------------------------------------

--
-- Table structure for table `wf_logistics_order`
--

DROP TABLE IF EXISTS `wf_logistics_order`;
CREATE TABLE IF NOT EXISTS `wf_logistics_order` (
  `id` int(11) NOT NULL AUTO_INCREMENT,
  `createuser` varchar(50) DEFAULT NULL,
  `createtime` int(11) DEFAULT NULL,
  `updateuser` varchar(50) DEFAULT NULL,
  `updatetime` int(11) DEFAULT NULL,
  `status` int(1) DEFAULT NULL,
  `orderno` varchar(200) DEFAULT NULL,
  `courierid` int(11) DEFAULT NULL,
  `clientid` int(11) DEFAULT NULL,
  `tid` varchar(50) DEFAULT NULL,
  `type` int(2) DEFAULT NULL,
  `customname` varchar(50) DEFAULT NULL,
  `telphone` varchar(50) DEFAULT NULL,
  `membernumber` varchar(50) DEFAULT NULL,
  `citizennumber` varchar(200) DEFAULT NULL,
  `inputtime` int(11) DEFAULT NULL,
  `pickuptime` int(11) DEFAULT NULL,
  `price` decimal(10,2) DEFAULT NULL,
  `retention` decimal(10,2) DEFAULT NULL,
  `paystatus` int(1) DEFAULT NULL,
  `paymoney` decimal(10,2) DEFAULT NULL,
  `password` varchar(500) DEFAULT NULL,
  `orders` varchar(200) DEFAULT NULL,
  `cnt` int(2) DEFAULT NULL,
  PRIMARY KEY (`id`)
) ENGINE=MyISAM  DEFAULT CHARSET=utf8 ROW_FORMAT=DYNAMIC COMMENT='运单信息' AUTO_INCREMENT=150 ;

--
-- Dumping data for table `wf_logistics_order`
--

INSERT INTO `wf_logistics_order` (`id`, `createuser`, `createtime`, `updateuser`, `updatetime`, `status`, `orderno`, `courierid`, `clientid`, `tid`, `type`, `customname`, `telphone`, `membernumber`, `citizennumber`, `inputtime`, `pickuptime`, `price`, `retention`, `paystatus`, `paymoney`, `password`, `orders`, `cnt`) VALUES
(27, '1469493032', 1469495273, '1469493032', 1469513499, 0, '142536', 27, 51, '1028200726090752852', 2, NULL, '18913614962', NULL, NULL, NULL, NULL, NULL, NULL, 0, NULL, '545471', NULL, NULL),
(28, '1469493032', 1469515017, '1469493032', 1469515051, 0, '14256878808527', 27, 51, '1025430726143658767', 2, NULL, '13706228705', NULL, NULL, NULL, NULL, NULL, NULL, 0, NULL, '106491', NULL, NULL),
(29, '1469493032', 1469517676, '1469493032', 1469517731, 0, '6920459905401', 27, 51, '1016970726152117508', 2, NULL, '13806220600', NULL, NULL, NULL, NULL, NULL, NULL, 0, NULL, '938619', NULL, NULL),
(30, '1469501045', 1469579409, '1469520428', 1469581740, 0, '6922646102242', 28, 51, '1027680727083211836', 2, NULL, '13706228705', NULL, NULL, NULL, NULL, NULL, NULL, 0, NULL, '660200,135280,356613', NULL, NULL),
(31, '1469501045', 1469583727, '1469501045', 1469585024, 0, '1235555754', 28, 52, '1032780727093912992', 2, NULL, '18913614962', NULL, NULL, NULL, NULL, NULL, NULL, 0, NULL, '736300', NULL, NULL),
(32, '1469501045', 1469583743, '1469501045', 1469584934, 3, '2536987095', 28, 52, '1033000727093928999', 2, NULL, '18913614962', NULL, NULL, NULL, NULL, NULL, NULL, 0, NULL, '494746', NULL, NULL),
(33, '1469501045', 1469585210, '1469501045', 1469585261, 0, '14290094424', 28, 52, '1005900727100356169', 2, NULL, '13706228705', NULL, NULL, NULL, NULL, NULL, NULL, 0, NULL, '805239', NULL, NULL),
(34, '1469520428', 1469599787, '1469520428', 1469600448, 0, '12369800', 29, 53, '1002630727140945069', 2, NULL, '13706228705', NULL, NULL, NULL, NULL, NULL, NULL, 0, NULL, '698609', NULL, NULL),
(35, '1469520428', 1469600020, '1469520428', 1469600476, 0, '108608467', 29, 53, '1009980727141338294', 2, NULL, '13706228705', NULL, NULL, NULL, NULL, NULL, NULL, 0, NULL, '557501', NULL, NULL),
(36, '1469520428', 1469600522, '1469520428', 1469600563, 0, '17809800978', 29, 53, '1003650727142200100', 2, NULL, '18913614962', NULL, NULL, NULL, NULL, NULL, NULL, 0, NULL, '207564', NULL, NULL),
(37, '1469493032', 1469601292, '1469493032', 1469601380, 0, '1462905547615754', 27, 51, '1012370727143451367', 2, NULL, '13706228705', NULL, NULL, NULL, NULL, NULL, NULL, 0, NULL, '187739', NULL, NULL),
(38, '1469493032', 1469665776, '1469493032', 1469665989, 0, '14500985289985', 27, 51, '1018830728082933565', 2, NULL, '13706228705', NULL, NULL, NULL, NULL, NULL, NULL, 0, NULL, '394293', NULL, NULL),
(39, '1469493032', 1469673107, '1469493032', 1469673154, 0, '1489500085458', 27, 51, '1022550728103145679', 2, NULL, '18913614962', NULL, NULL, NULL, NULL, NULL, NULL, 0, NULL, '922171', NULL, NULL),
(40, '1469501045', 1469692372, '1469501045', 1469693095, 0, '1225588976', 28, 52, '1004070728154957113', 2, NULL, '18913614962', NULL, NULL, NULL, NULL, NULL, NULL, 0, NULL, '982571', NULL, NULL),
(41, '1469501045', 1469692389, '1469501045', 1469693124, 0, '12578578777700', 28, 52, '1029480728155013891', 2, NULL, '18913614962', NULL, NULL, NULL, NULL, NULL, NULL, 0, NULL, '170763', NULL, NULL),
(42, '1469501045', 1469694790, '1469501045', 1469694857, 3, '1422555458', 28, 52, '1001750728163256042', 2, NULL, '13706228705', NULL, NULL, NULL, NULL, NULL, NULL, 0, NULL, '498303', NULL, NULL),
(43, '1469501045', 1469694871, '1469501045', 1469695017, 0, '14758980610000', 28, 52, '1013510728163417402', 2, NULL, '18913614962', NULL, NULL, NULL, NULL, NULL, NULL, 0, NULL, '118533', NULL, NULL),
(44, '1469501045', 1469695439, '1469501045', 1469695507, 0, '12570889997778', 28, 52, '1013120728164344390', 2, NULL, '13706228705', NULL, NULL, NULL, NULL, NULL, NULL, 0, NULL, '926379', NULL, NULL),
(45, '1469520428', 1469777767, '1469520428', 1469777888, 0, '1580078809888', 29, 53, '1010640729153553314', 2, NULL, '18913614962', NULL, NULL, NULL, NULL, NULL, NULL, 0, NULL, '275635', NULL, NULL),
(46, '1469520428', 1469862693, '1469520428', 1469862902, 0, '255659', 29, 53, '1006910730151126200', 2, NULL, '13706228705', NULL, NULL, NULL, NULL, NULL, NULL, 0, NULL, '124829', NULL, NULL),
(47, '1469520428', 1469862708, '1469520428', 1469863097, 0, '15808995498', 29, 53, '1011480730151141340', 2, NULL, '13706228705', NULL, NULL, NULL, NULL, NULL, NULL, 0, NULL, '211420', NULL, NULL),
(48, '1469520428', 1469862736, '1469520428', 1469863070, 0, '158098770857', 29, 53, '1018900730151208567', 2, NULL, '13706228705', NULL, NULL, NULL, NULL, NULL, NULL, 0, NULL, '883735', NULL, NULL),
(49, '1469520428', 1469862759, '1469520428', 1469862932, 0, '5525852698', 29, 53, '1026800730151231809', 2, NULL, '13706228606', NULL, NULL, NULL, NULL, NULL, NULL, 0, NULL, '956915', NULL, NULL),
(50, '1469520428', 1469862816, '1469520428', 1469862958, 0, '25855688', 29, 53, '1016380730151328490', 2, NULL, '13706228606', NULL, NULL, NULL, NULL, NULL, NULL, 0, NULL, '407558', NULL, NULL),
(51, '1469520428', 1469862829, '1469520428', 1469862990, 0, '56325996', 29, 53, '1020600730151341619', 2, NULL, '13706228606', NULL, NULL, NULL, NULL, NULL, NULL, 0, NULL, '223256', NULL, NULL),
(52, '1469520428', 1469862838, '1469520428', 1469863014, 0, '2375698', 29, 53, '1032120730151350972', 2, NULL, '13706228606', NULL, NULL, NULL, NULL, NULL, NULL, 0, NULL, '692614', NULL, NULL),
(53, '1469520428', 1469862854, '1469520428', 1469863038, 0, '1370622860', 29, 53, '1031890730151406965', 2, NULL, '13706228606', NULL, NULL, NULL, NULL, NULL, NULL, 0, NULL, '147675', NULL, NULL),
(54, '1469847050', 1470104354, '1469847050', 1470104437, 0, '1553785885', 30, 54, '1029770801191914900', 2, NULL, '13706228705', NULL, NULL, NULL, NULL, NULL, NULL, 0, NULL, '463615', NULL, NULL),
(55, '1469847050', 1470189077, '1469847050', 1470189116, 0, '1575545588457', 30, 54, '1005610802185117160', 2, NULL, '13706228705', NULL, NULL, NULL, NULL, NULL, NULL, 0, NULL, '671890', NULL, NULL),
(56, '1469847050', 1470209128, '1469847050', 1470209171, 0, '2850097427', 30, 54, '1032710803002526990', 2, NULL, '13706228705', NULL, NULL, NULL, NULL, NULL, NULL, 0, NULL, '906663', NULL, NULL),
(57, '1470272190', 1470273057, '1470272190', 1470273648, 0, '14256007890546', 31, 55, '1016480803181054493', 2, NULL, '13706228705', NULL, NULL, NULL, NULL, NULL, NULL, 0, NULL, '506471', NULL, NULL),
(58, '1470272190', 1470273848, '1470272190', 1470273974, 0, '12500975607000', 31, 55, '1017560803182405526', 2, NULL, '13706228705', NULL, NULL, NULL, NULL, NULL, NULL, 0, NULL, '845175', NULL, NULL),
(59, '1470272190', 1470274038, '1470272190', 1470274104, 0, '147288990570077', 31, 55, '1017330803182715519', 2, NULL, '13706228705', NULL, NULL, NULL, NULL, NULL, NULL, 0, NULL, '706929', NULL, NULL),
(60, '1470272190', 1470467467, '1470272190', 1470619618, 0, '5365789656369', 31, 55, '1010830806151102320', 2, NULL, '5869', NULL, NULL, NULL, NULL, NULL, NULL, 0, NULL, '261173', NULL, NULL),
(61, '1470272190', 1470467512, '1470272190', 1470619578, 0, '56987553269', 31, 55, '1009690806151146285', 2, NULL, '8965', NULL, NULL, NULL, NULL, NULL, NULL, 0, NULL, '177695', NULL, NULL),
(62, '1470272190', 1470467580, '1470272190', 1470619544, 0, '8652369874566', 31, 55, '1028070806151254848', 2, NULL, '8856', NULL, NULL, NULL, NULL, NULL, NULL, 0, NULL, '763723', NULL, NULL),
(63, '1470272190', 1470620282, '1470272190', 1470624779, 0, '089756890788011', 31, 55, '1015400808093802460', 2, NULL, '13706228705', NULL, NULL, NULL, NULL, NULL, NULL, 0, NULL, '721775', NULL, NULL),
(64, '1470272190', 1470624454, '1470272190', 1470624807, 0, '0088009977580', 31, 55, '1002600808104735068', 2, NULL, '13706228705', NULL, NULL, NULL, NULL, NULL, NULL, 0, NULL, '810979', NULL, NULL),
(65, '1470272190', 1470642618, '1470272190', 1470702545, 0, '25097137185', 31, 55, '1014420808155017430', 2, NULL, '13706228705', NULL, NULL, NULL, NULL, NULL, NULL, 0, NULL, '657952', NULL, NULL),
(66, '1470272190', 1470642627, '1470272190', 1470702570, 0, '089757147788900', 31, 55, '1013380808155028398', 2, NULL, '13706228705', NULL, NULL, NULL, NULL, NULL, NULL, 0, NULL, '996166', NULL, NULL),
(67, '1470272190', 1470705394, '1470272190', 1470725087, 0, '159357789654', 31, 55, '1026080809091632787', 2, NULL, '13706228705', NULL, NULL, NULL, NULL, NULL, NULL, 0, NULL, '550166', NULL, NULL),
(68, '1469501045', 1471050794, '1469501045', 1471050852, 0, '14525987755457877', 28, 52, '1024510813091223739', 2, NULL, '13706228705', NULL, NULL, NULL, NULL, NULL, NULL, 0, NULL, '568184', NULL, NULL),
(69, '1469501045', 1472691756, '1469501045', 1472691839, 0, '1425369870987', 28, 52, '1009980901090236294', 2, NULL, '13706228705', NULL, NULL, NULL, NULL, NULL, NULL, 0, NULL, '581709', NULL, NULL),
(70, '1469501045', 1472863450, '1469501045', 1472863496, 0, '25598754545', 28, 52, '1015500903084405463', 2, NULL, '13706228705', NULL, NULL, NULL, NULL, NULL, NULL, 0, NULL, '666236', NULL, NULL),
(71, '1469501045', 1472864911, '1469501045', 1472866213, 0, '09870648322654', 28, 52, '1022780903090826687', 2, NULL, '18913614962', NULL, NULL, NULL, NULL, NULL, NULL, 0, NULL, '954393', NULL, NULL),
(72, '1469501045', 1472866260, '1469501045', 1472867005, 3, '167897428777889', 28, 52, '1003740903093055103', 2, NULL, '13706228705', NULL, NULL, NULL, NULL, NULL, NULL, 0, NULL, '796509', NULL, NULL),
(73, '1469501045', 1472867418, '1469501045', 1473667160, 0, '258000789654', 28, 52, '1002730912155812072', 2, NULL, '18913614962', NULL, NULL, NULL, NULL, NULL, NULL, 0, NULL, '853572,984424', NULL, NULL),
(74, '1469501045', 1472872897, '1469501045', 1472872947, 3, '25870963147687554', 28, 52, '1015300903112131457', 2, NULL, '18913614962', NULL, NULL, NULL, NULL, NULL, NULL, 0, NULL, '739375', NULL, NULL),
(75, '1469501045', 1472884046, '1469501045', 1472884095, 0, '14256987084632', 28, 52, '1026050903142722786', 2, NULL, '18913614962', NULL, NULL, NULL, NULL, NULL, NULL, 0, NULL, '706703', NULL, NULL),
(76, '1469501045', 1472885379, '1469501045', 1472885479, 0, '6920057824203', 28, 52, '1026870903144935811', 2, NULL, '13806220600', NULL, NULL, NULL, NULL, NULL, NULL, 0, NULL, '701335', NULL, NULL),
(77, '1469501045', 1473037734, '1469501045', 1473039059, 0, '14259870235411', 28, 52, '1008250905090854241', 2, NULL, '18913614962', NULL, NULL, NULL, NULL, NULL, NULL, 0, NULL, '704905', NULL, NULL),
(78, '1469501045', 1473037750, '1469501045', 1473039122, 0, '458097523688', 28, 52, '1022260905090910670', 2, NULL, '18913614962', NULL, NULL, NULL, NULL, NULL, NULL, 0, NULL, '257240', NULL, NULL),
(79, '1469501045', 1473667301, '1469501045', 1473667602, 3, '145658955556', 28, 52, '1032420912160140981', 2, NULL, '15021494690', NULL, NULL, NULL, NULL, NULL, NULL, 0, NULL, '634921', NULL, NULL),
(80, '1469501045', 1473667474, '1469501045', 1473667507, 0, '148615555555', 28, 52, '1008190912160434239', 2, NULL, '15021494690', NULL, NULL, NULL, NULL, NULL, NULL, 0, NULL, '546857', NULL, NULL),
(81, '1469493032', 1474639600, '1469493032', 1474640936, 3, '12345', 27, 51, '1000840923220641014', 2, NULL, '40745077808', NULL, NULL, NULL, NULL, NULL, NULL, 0, NULL, '945818', NULL, NULL),
(82, '1477272288', 1477276713, '1477272288', 1477277326, 0, '14772722881477276668', 31, 57, '1031271024103832946', 1, NULL, '18913614962', NULL, NULL, 1477276714, 1477277326, NULL, NULL, 0, NULL, NULL, '201610240001', 1),
(83, '1477272288', 1477277554, '1477272288', 1477277685, 0, '14772722881477277553', 31, 57, '1020171024105233606', 1, NULL, '18913614962', NULL, NULL, 1477277554, 1477277685, NULL, NULL, 0, NULL, '{"23":"485538"}', '201610240001', NULL),
(84, '1477272288', 1477278006, '1477272288', 1477278126, 0, '14772722881477277963', 31, 57, '1031761024110005961', 1, NULL, '18913614962', NULL, NULL, 1477278006, 1477278126, NULL, NULL, 0, NULL, NULL, '201610240002', 2),
(85, '1477272288', 1477278198, '1477272288', 1477278318, 0, '14772722881477278197', 31, 57, '1023501024110327708', 1, NULL, '18913614962', NULL, NULL, 1477278208, 1477278318, NULL, NULL, 0, NULL, '{"23":"799387","24":"551498"}', '201610240002', NULL),
(86, '1477272288', 1477279340, '1477272288', 1477286172, 0, '14772722881477279229', 31, 57, '1013211024112219393', 1, NULL, '18913614962', NULL, NULL, 1477279340, 1477286172, NULL, NULL, 0, NULL, NULL, '201610240003', 1),
(87, '1477272288', 1477286320, '1477272288', 1477286743, 0, '14772722881477286296', 31, 57, '1028041024131840847', 1, NULL, '13706228705', NULL, NULL, 1477286321, 1477286743, NULL, NULL, 0, NULL, NULL, '201610240004', 1),
(88, '1477272288', 1477287149, '1477272288', 1477287232, 0, '14772722881477287115', 31, 57, '1003711024133230102', 1, NULL, '13706228705', NULL, NULL, 1477287151, 1477287232, NULL, NULL, 0, NULL, NULL, '201610240005', 1),
(89, '1477272288', 1477287249, '1477272288', 1477287297, 0, '14772722881477287249', 31, 57, '1018931024133409568', 1, NULL, '13706228705', NULL, NULL, 1477287249, 1477287297, NULL, NULL, 0, NULL, '{"1":"569635"}', '201610240005', NULL),
(90, '1477272288', 1477289253, '1477272288', 1477289292, 0, '14772722881477289214', 31, 57, '1014981024140734447', 1, NULL, '13706228212', NULL, NULL, 1477289254, 1477289292, NULL, NULL, 0, NULL, NULL, '201610240006', 1),
(91, '1477272288', 1477289415, '1477272288', 1477289456, 0, '14772722881477289415', 31, 57, '1025201024141015760', 1, NULL, '13706228212', NULL, NULL, 1477289415, 1477289456, NULL, NULL, 0, NULL, '{"1":"594825"}', '201610240006', NULL),
(92, '1477272288', 1477289584, 'charge1620914', 1477290084, 0, '14772722881477289548', 31, 57, '1005341024141305152', 1, NULL, '13706228212', NULL, NULL, 1477289585, 1477289616, '100.00', NULL, 0, NULL, NULL, '201610240007', 1),
(93, '1477272288', 1477289694, '1477272288', 1477289901, 0, '14772722881477289694', 31, 57, '1024741024141454746', 1, NULL, '13706228212', NULL, NULL, 1477289694, 1477289901, NULL, NULL, 0, NULL, '{"1":"414221"}', '201610240007', NULL),
(94, '1477272288', 1477290679, '1477272288', 1477290759, 0, '14772722881477290610', 31, 57, '1025851024143118780', 1, NULL, '13706228705', NULL, NULL, 1477290679, 1477290759, NULL, NULL, 0, NULL, NULL, '201610240008', 1),
(95, '1477272288', 1477290833, '1477272288', 1477290883, 0, '14772722881477290833', 31, 57, '1011451024143353339', 1, NULL, '13706228705', NULL, NULL, 1477290834, 1477290883, NULL, NULL, 0, NULL, '{"1":"337156"}', '201610240008', NULL),
(96, '1477272288', 1477291119, '1477272288', 1477291264, 0, '14772722881477291054', 31, 57, '1005151024143838146', 1, NULL, '18913614962', NULL, NULL, 1477291120, 1477291264, NULL, NULL, 0, NULL, NULL, '201610240009', 1),
(97, '1477272288', 1477291354, '1477272288', 1477291386, 0, '14772722881477291354', 31, 57, '1010731024144234317', 1, NULL, '18913614962', NULL, NULL, 1477291355, 1477291386, NULL, NULL, 0, NULL, '{"1":"159602"}', '201610240009', NULL),
(98, '1477983357', 1477985119, '1477983357', 1477985171, 0, '14256398001123', 28, 58, '1024021101152518724', 2, NULL, '18913614962', NULL, NULL, 1477985119, 1477985171, NULL, NULL, 0, NULL, '{"":"130218"}', NULL, NULL),
(99, '1477983357', 1477989567, '1477983357', 1477989655, 0, '145998082564', 28, 58, '1006851101163927198', 2, NULL, '18913614962', NULL, NULL, 1477989567, 1477989655, NULL, NULL, 0, NULL, '{"":"432619"}', NULL, NULL),
(100, '1477983357', 1478046706, '1477983357', 1478046748, 0, '14256978007', 28, 58, '1026471102083146799', 2, NULL, '18913614962', NULL, NULL, 1478046706, 1478046748, NULL, NULL, 0, NULL, '{"":"261923"}', NULL, NULL),
(101, '1477983357', 1478065989, '1477983357', 1478066028, 0, '159357789580', 28, 58, '1013671102135312407', 2, NULL, '18913614962', NULL, NULL, 1478065990, 1478066028, NULL, NULL, 0, NULL, '{"":"227611"}', NULL, NULL),
(102, '1477983357', 1478069401, '1477983357', 1478069402, 1, '255455845645687', 28, 58, '1025621102145004773', 2, NULL, '15624388500', NULL, NULL, 1478069402, NULL, NULL, NULL, 0, NULL, '{"":"828923"}', NULL, NULL),
(103, '1477983357', 1478069428, '1477983357', 1478069431, 1, '555512235588545', 28, 58, '1012501102145031371', 2, NULL, '13806220600', NULL, NULL, 1478069431, NULL, NULL, NULL, 0, NULL, '{"":"421956"}', NULL, NULL),
(104, '1477983357', 1478069457, '1477983357', 1478069559, 0, '5244896325596', 28, 58, '1005051102145059143', 2, NULL, '15624388500', NULL, NULL, 1478069457, 1478069559, NULL, NULL, 0, NULL, '{"":"951847"}', NULL, NULL),
(105, '1477272288', 1478266107, '1477272288', 1478266571, 0, '14772722881478265994', 31, 57, '1003061104212827082', 1, NULL, '606373638', NULL, NULL, 1478266107, 1478266571, NULL, NULL, 0, NULL, NULL, '201611040001', 3),
(106, '1477272288', 1478266903, '1477272288', 1478267295, 0, '14772722881478266903', 31, 57, '1012101104214143359', 1, NULL, '606373638', NULL, NULL, 1478266903, 1478267295, NULL, NULL, 0, NULL, '{"23":"515502"}', '201611040001', NULL),
(107, '1478503957', 1478572478, '1478503957', 1478574969, 0, '14785039571478572477', 30, 59, '1000971107183438018', 1, NULL, '', NULL, NULL, 1478572478, 1478574969, NULL, NULL, 0, NULL, '{"2":"555546"}', '142569870857866', NULL),
(108, '1478503957', 1478575061, '1478503957', 1478575167, 0, '14785039571478575055', 30, 59, '1006651107191735192', 1, NULL, '18913614962', NULL, NULL, NULL, 1478575167, NULL, NULL, 0, NULL, '{"7":"310666"}', '125687708902580986', NULL),
(109, '1478503957', 1478584709, '1478503957', 1478584774, 0, '14785039571478584710', 30, 59, '1008091107215830236', 1, NULL, '18913614962', NULL, NULL, 1478584710, 1478584774, NULL, NULL, 0, NULL, '{"7":"324538"}', '14809708526649', NULL),
(110, '1478503957', 1478586196, '1478503957', 1478586232, 0, '14785039571478586197', 30, 59, '1026731107222317807', 1, NULL, '13706228536', NULL, NULL, 1478586197, 1478586232, NULL, NULL, 0, NULL, '{"2":"953911"}', '558996355775654', NULL),
(111, '1478503957', 1478588044, '1478503957', 1478588200, 0, '14785039571478588045', 30, 59, '1015701107225405469', 1, NULL, '18913614962', NULL, NULL, 1478588045, 1478588200, NULL, NULL, 0, NULL, '{"1":"652298"}', '1408789025800988', NULL),
(112, '1478503957', 1478588062, '1478503957', 1478591209, 0, '14785039571478588063', 30, 59, '1005151107225423146', 1, NULL, '13706228705', NULL, NULL, 1478588062, 1478591209, NULL, NULL, 0, NULL, '{"9":"949118"}', '14708523690852', NULL),
(113, '1478503957', 1478591287, '1478503957', 1478591328, 0, '14785039571478591286', 30, 59, '1006101107234806175', 1, NULL, '18913614962', NULL, NULL, 1478591287, 1478591328, NULL, NULL, 0, NULL, '{"7":"277279"}', '145632445621463', NULL),
(114, '1478503957', 1478592057, '1478503957', 1478592276, 0, '14785039571478592056', 30, 59, '1031631108000056957', 1, NULL, '18913614962', NULL, NULL, 1478592057, 1478592276, NULL, NULL, 0, NULL, '{"2":"458848"}', '12369858085800', NULL),
(115, '1478503957', 1478592341, '1478503957', 1478592420, 0, '14785039571478592339', 30, 59, '1013841108000539412', 1, NULL, '18913614962', NULL, NULL, 1478592341, 1478592420, NULL, NULL, 0, NULL, '{"2":"622730"}', '2231231580064', NULL),
(116, '1478503957', 1478594556, '1478503957', 1478594597, 3, '14785039571478594556', 30, 59, '1012561108004236373', 1, NULL, '13706228705', NULL, NULL, 1478594556, 1478594597, NULL, NULL, 0, NULL, '{"2":"571732"}', '5214171748659', NULL),
(117, '1478503957', 1478594572, '1478503957', 1478594734, 0, '14785039571478594572', 30, 59, '1012861108004252382', 1, NULL, '18913614962', NULL, NULL, 1478594572, 1478594734, NULL, NULL, 0, NULL, '{"3":"798909"}', '321321321322', NULL),
(118, '1478503957', 1478652891, '1478503957', 1478653283, 0, '14785039571478652890', 30, 59, '1009491108165450279', 1, NULL, '18913614962', NULL, NULL, 1478652891, 1478653283, NULL, NULL, 0, NULL, '{"2":"230154"}', '3236525896580', NULL),
(119, '1478503957', 1478653705, '1478503957', 1478654269, 0, '14785039571478653704', 30, 59, '1013081109090824389', 1, NULL, '18913614962', NULL, NULL, 1478653705, 1478654269, NULL, NULL, 0, NULL, '{"23":"503556"}', '85966958695847', NULL),
(120, '1478503957', 1478653744, '1478503957', 1478654148, 0, '14785039571478653743', 30, 59, '1025331109090903764', 1, NULL, '13706228705', NULL, NULL, 1478653745, 1478654148, NULL, NULL, 0, NULL, '{"24":"485488"}', '12598898', NULL),
(121, '1478655872', 1478658188, '1478655872', 1478658282, 0, '14786558721440844639', 30, 60, '1003810829033719105', 1, NULL, '18913614962', NULL, NULL, 1478658188, 1478658282, NULL, NULL, 0, NULL, '{"1":"733113"}', '1465898989898', NULL),
(122, '1478660487', 1478661415, '1478660487', 1478661688, 0, '14786604871478661414', 30, 61, '1004791109111655135', 1, NULL, '18913614962', NULL, NULL, 1478661415, 1478661688, NULL, NULL, 0, NULL, '{"3":"280803"}', '25636548980500', NULL),
(123, '1478655872', 1478738287, '1478655872', 1478738394, 0, '14786558721440924737', 30, 60, '1016420830015217491', 1, NULL, '18913614962', NULL, NULL, 1478738287, 1478738394, NULL, NULL, 0, NULL, '{"25":"856346"}', '885569708855', NULL),
(124, '1478655872', 1478738536, '1478655872', 1478739468, 0, '14786558721440924986', 30, 60, '1012200830015626362', 1, NULL, '18913614962', NULL, NULL, 1478738536, 1478739468, NULL, NULL, 0, NULL, '{"17":"653872"}', '33665548988', NULL),
(125, '1478655872', 1478740195, '1478655872', 1478740410, 0, '14786558721440926645', 30, 60, '1032740830022405991', 1, NULL, '18913614962', NULL, NULL, 1478740196, 1478740410, NULL, NULL, 0, NULL, '{"17":"575339"}', '14144141415556', NULL),
(126, '1478655872', 1478743001, '1478655872', 1478743224, 0, '14786558721440929451', 30, 60, '1021280830031051640', 1, NULL, '18913614962', NULL, NULL, 1478743001, 1478743224, NULL, NULL, 0, NULL, '{"17":"186239"}', '2565459878888', NULL),
(127, '1478655872', 1478743620, '1478655872', 1478743689, 0, '14786558721440930070', 30, 60, '1014720830032110439', 1, NULL, '18913614962', NULL, NULL, 1478743620, 1478743689, NULL, NULL, 0, NULL, '{"2":"303362"}', '5698888887779', NULL),
(128, '1478503957', 1478744386, '1478503957', 1478744571, 0, '14785039571478744341', 30, 59, '1021901110101901659', 1, NULL, '18913614962', NULL, NULL, 1478744386, 1478744571, NULL, NULL, 0, NULL, '{"17":"803295"}', '565654566488', NULL),
(129, '1478503957', 1478758267, '1478503957', 1478758339, 0, '14785039571478758224', 30, 59, '1011481110141024340', 1, NULL, '18913614962', NULL, NULL, 1478758268, 1478758339, NULL, NULL, 0, NULL, '{"1":"343869"}', '6H002004', NULL),
(130, '1478503957', 1478758466, '1478503957', 1478758522, 0, '14785039571478758423', 30, 59, '1013351110141343397', 1, NULL, '18913614962', NULL, NULL, 1478758467, 1478758522, NULL, NULL, 0, NULL, '{"1":"635482"}', '6I005657', NULL),
(131, '1478503957', 1478758590, '1478503957', 1478758647, 0, '14785039571478758546', 30, 59, '1022981110141546692', 1, NULL, '18913614962', NULL, NULL, 1478758590, 1478758647, NULL, NULL, 0, NULL, '{"1":"660609"}', '6H002011', NULL),
(132, '1478503957', 1478758714, '1478503957', 1478758762, 0, '14785039571478758670', 30, 59, '1023571110141750710', 1, NULL, '18913614962', NULL, NULL, 1478758714, 1478758762, NULL, NULL, 0, NULL, '{"1":"739742"}', '6I005645', NULL),
(133, '1469493032', 1478763044, '1469493032', 1478763418, 3, '14694930321478763065', 30, 51, '1030391110153105919', 1, NULL, '0730069233', NULL, NULL, 1478763044, 1478763418, NULL, NULL, 0, NULL, '{"3":"327862"}', '55555555', NULL),
(134, '1469493032', 1478763227, '1469493032', 1478763411, 3, '14694930321478763249', 30, 51, '1014391110153409429', 1, NULL, '40730069233', NULL, NULL, 1478763228, 1478763411, NULL, NULL, 0, NULL, '{"1":"105569"}', '44444444', NULL),
(135, '1469493032', 1478763531, '1469493032', 1478764401, 0, '14694930321478763552', 30, 51, '1015501110153912463', 1, NULL, '40730069233', NULL, NULL, 1478763531, 1478764401, NULL, NULL, 0, NULL, '{"3":"671824"}', '111111', NULL),
(136, '1469493032', 1478764591, '1469493032', 1478764719, 0, '14694930321478764589', 30, 51, '1022131110155629666', 1, NULL, '0730069233', NULL, NULL, 1478764591, 1478764719, NULL, NULL, 0, NULL, '{"7":"642354"}', 'SD7twjr4HR', NULL),
(137, '1469493032', 1478764784, '1469493032', 1478764954, 0, '14694930321478764782', 30, 51, '1025691110155942775', 1, NULL, '730069233', NULL, NULL, 1478764784, 1478764954, NULL, NULL, 0, NULL, '{"3":"399988"}', '1010241029898890211202', NULL),
(138, '1477272288', 1478773959, '1477272288', 1478774060, 0, '14772722881478773934', 31, 57, '1029051110113254878', 1, NULL, '625061440', NULL, NULL, 1478773959, 1478774060, NULL, NULL, 0, NULL, NULL, '201611100001', 10),
(139, '1477272288', 1478774129, '1477272288', 1478774155, 0, '14772722881478774144', 31, 57, '1032741110113544991', 1, NULL, '625061440', NULL, NULL, 1478774129, 1478774155, NULL, NULL, 0, NULL, '{"1":"450233"}', '201611100001', NULL),
(140, '1477272288', 1478774245, '1477272288', 1478774294, 0, '14772722881478774237', 31, 57, '1009231110113741271', 1, NULL, '625061440', NULL, NULL, 1478774245, 1478774294, NULL, NULL, 0, NULL, NULL, '201611100002', 50),
(141, '1477272288', 1478774334, '1477272288', 1478774349, 0, '14772722881478774350', 31, 57, '1005871110113910168', 1, NULL, '625061440', NULL, NULL, 1478774334, 1478774349, NULL, NULL, 0, NULL, '{"23":"320261"}', '201611100002', NULL),
(142, '1477272288', 1478796231, '1477272288', 1478796289, 0, '14772722881478796227', 31, 57, '1021121110174409635', 1, NULL, '625061440', NULL, NULL, 1478796231, 1478796289, NULL, NULL, 0, NULL, NULL, '201611110001', 100),
(143, '1477272288', 1478796345, '1477272288', 1478796362, 0, '14772722881478796363', 31, 57, '1005311110174603151', 1, NULL, '625061440', NULL, NULL, 1478796345, 1478796362, NULL, NULL, 0, NULL, '{"1":"284336"}', '201611110001', NULL),
(144, '1469493032', 1478869294, '1469493032', 1478869340, 0, '14694930321478869301', 30, 51, '1000871111210142015', 1, NULL, '730512513', NULL, NULL, 1478869294, 1478869340, NULL, NULL, 0, NULL, '{"3":"666464"}', '34170009628881000096288800000000967725072016', NULL),
(145, '1479171844', 1479172549, '1479171844', 1479172610, 0, '14791718441479172549', 30, 62, '1024911115091549751', 1, NULL, '18913614962', NULL, NULL, 1479172550, 1479172610, NULL, NULL, 0, NULL, '{"2":"359549"}', '1425654885522', NULL),
(146, '1478655872', 1479172952, '1478655872', 1479173003, 0, '14786558721441359394', 30, 60, '1030130904023634911', 1, NULL, '18913614962', NULL, NULL, 1479172953, 1479173003, NULL, NULL, 0, NULL, '{"7":"298334"}', '14568709545', NULL),
(147, '1477272288', 1479285414, '1477272288', 1479285501, 0, '14772722881479285399', 31, 57, '1019351116093721581', 1, NULL, '695205702', NULL, NULL, 1479285414, 1479285501, NULL, NULL, 0, NULL, NULL, '201611160001', 2),
(148, '1477272288', 1479285549, '1477272288', 1479285569, 0, '14772722881479285576', 31, 57, '1023631116093936712', 1, NULL, '695205702', NULL, NULL, 1479285549, 1479285569, NULL, NULL, 0, NULL, '{"23":"788378"}', '201611160001', NULL),
(149, '1477272288', 1479456673, '1477272288', 1479456673, 1, '14772722881479456654', 31, 57, '1006651118091157192', 1, NULL, '655267025', NULL, NULL, 1479456673, NULL, NULL, NULL, 0, NULL, NULL, '201611180001', 1);

-- --------------------------------------------------------

--
-- Table structure for table `wf_logistics_vipvalid`
--

DROP TABLE IF EXISTS `wf_logistics_vipvalid`;
CREATE TABLE IF NOT EXISTS `wf_logistics_vipvalid` (
  `id` int(11) NOT NULL AUTO_INCREMENT,
  `createuser` varchar(50) DEFAULT NULL,
  `createtime` int(11) DEFAULT NULL,
  `updateuser` varchar(50) DEFAULT NULL,
  `updatetime` int(11) DEFAULT NULL,
  `status` int(1) DEFAULT NULL,
  `valid` int(1) DEFAULT NULL,
  `token` varchar(50) DEFAULT NULL,
  `vipid` varchar(50) DEFAULT NULL,
  `customerid` varchar(50) DEFAULT NULL,
  `name` varchar(50) DEFAULT NULL,
  PRIMARY KEY (`id`)
) ENGINE=MyISAM  DEFAULT CHARSET=utf8 COMMENT='第三方会员验证信息' AUTO_INCREMENT=44 ;

-- --------------------------------------------------------

--
-- Table structure for table `wf_sys_authorization`
--

DROP TABLE IF EXISTS `wf_sys_authorization`;
CREATE TABLE IF NOT EXISTS `wf_sys_authorization` (
  `id` int(11) NOT NULL AUTO_INCREMENT,
  `createuser` varchar(50) DEFAULT NULL,
  `createtime` int(11) DEFAULT NULL,
  `updateuser` varchar(50) DEFAULT NULL,
  `updatetime` int(11) DEFAULT NULL,
  `status` int(1) DEFAULT NULL,
  `pid` int(11) DEFAULT NULL,
  `name` varchar(100) DEFAULT NULL,
  `action` varchar(200) DEFAULT NULL,
  `target` varchar(50) DEFAULT NULL,
  `type` int(2) DEFAULT NULL,
  `sort` int(11) DEFAULT NULL,
  `count` int(11) DEFAULT NULL,
  PRIMARY KEY (`id`)
) ENGINE=InnoDB  DEFAULT CHARSET=utf8 CHECKSUM=1 DELAY_KEY_WRITE=1 ROW_FORMAT=DYNAMIC COMMENT='系统权限数据' AUTO_INCREMENT=629 ;

--
-- Dumping data for table `wf_sys_authorization`
--

INSERT INTO `wf_sys_authorization` (`id`, `createuser`, `createtime`, `updateuser`, `updatetime`, `status`, `pid`, `name`, `action`, `target`, `type`, `sort`, `count`) VALUES
(203, NULL, 1460621019, 'charge1630922', 1486195510, 0, NULL, NULL, '/Admin/Index/index', NULL, NULL, NULL, 5362),
(204, NULL, 1460621159, NULL, 1486197604, 0, NULL, NULL, '/Admin/Index/login', NULL, NULL, NULL, 10277),
(205, NULL, 1460621454, NULL, 1477272322, 0, NULL, NULL, '/Admin/Index/doLogin', NULL, NULL, NULL, 1568),
(210, 'admin', 1460621837, 'admin', 1468397499, 1, NULL, NULL, '/Admin/VendingStorage/ajaxMilkStorage2', NULL, NULL, NULL, 1452),
(211, 'admin', 1460623129, 'admin', 1465287012, 1, NULL, '跳转上下货记录页面', '/Admin/VendingStorage/milkStorageRecord', '1', NULL, 10111200, 104),
(212, 'admin', 1460623362, 'admin', 1474860999, 0, NULL, NULL, '/Admin/SysAuthorization/toList', NULL, NULL, NULL, 145),
(213, 'admin', 1460623363, 'admin', 1474861000, 0, NULL, NULL, '/Admin/SysAuthorization/ajaxList', NULL, NULL, NULL, 817),
(214, 'admin', 1460623365, 'admin', 1474861003, 0, NULL, NULL, '/Admin/SysAuthorization/toAllotAuthList', NULL, NULL, NULL, 223),
(215, 'admin', 1460623365, 'admin', 1474861008, 0, NULL, NULL, '/Admin/SysAuthorization/ajaxListByRole', NULL, NULL, NULL, 1280),
(216, 'admin', 1460623367, 'admin', 1474861010, 0, NULL, NULL, '/Admin/SysRole/toList', NULL, NULL, NULL, 89),
(217, 'admin', 1460623367, 'admin', 1474861237, 0, NULL, NULL, '/Admin/SysRole/ajaxList', NULL, NULL, NULL, 139),
(218, 'admin', 1460623416, 'admin', 1474861004, 0, NULL, NULL, '/Admin/SysRole/ajaxListByAuth', NULL, NULL, NULL, 1045),
(219, 'admin', 1460623418, 'admin', 1477120409, 0, NULL, NULL, '/Admin/SysUser/toList', NULL, NULL, NULL, 143),
(220, 'admin', 1460623419, 'admin', 1477120477, 0, NULL, NULL, '/Admin/SysUser/ajaxList', NULL, NULL, NULL, 410),
(221, 'admin', 1460623421, 'admin', 1477120482, 0, NULL, NULL, '/Admin/SysUser/toAllotUserList', NULL, NULL, NULL, 124),
(222, 'admin', 1460623421, 'admin', 1477120487, 0, NULL, NULL, '/Admin/SysUser/ajaxListByRole', NULL, NULL, NULL, 432),
(223, 'admin', 1460623451, 'admin', 1477120483, 0, NULL, NULL, '/Admin/SysRole/ajaxListByUser', NULL, NULL, NULL, 308),
(224, 'admin', 1460623587, 'admin', 1474856063, 0, NULL, NULL, '/Admin/SysRole/ajaxDelUser', NULL, NULL, NULL, 41),
(225, 'admin', 1460623655, 'admin', 1477120492, 0, NULL, NULL, '/Admin/SysRole/ajaxAddUser', NULL, NULL, NULL, 29),
(226, 'admin', 1460624084, 'admin', 1474863313, 1, NULL, '跳转终端配置页面', '/Admin/SysClient/milkClientList', '1', NULL, 10101000, 337),
(227, 'admin', 1460624085, 'admin', 1474863316, 1, NULL, '加载终端配置数据', '/Admin/SysClient/ajaxMilkClientList', '0', NULL, 10101001, 961),
(228, 'admin', 1460624525, 'admin', 1472538941, 0, NULL, NULL, '/Admin/SysAuthorization/ajaxAdd', NULL, NULL, NULL, 58),
(230, 'admin', 1460624530, 'admin', 1472864331, 0, NULL, NULL, '/Admin/SysAuthorization/ajaxGetDataById', NULL, NULL, NULL, 82),
(231, 'admin', 1460624533, 'admin', 1472864368, 0, NULL, NULL, '/Admin/SysAuthorization/ajaxEdit', NULL, NULL, NULL, 71),
(232, 'admin', 1460624542, 'admin', 1463734691, 0, NULL, NULL, '/Admin/SysAuthorization/ajaxDel', NULL, NULL, NULL, 9),
(233, 'admin', 1460624554, 'admin', 1474702835, 0, NULL, NULL, '/Admin/SysRole/ajaxAddAuth', NULL, NULL, NULL, 386),
(234, 'admin', 1460624918, 'admin', 1466038731, 0, NULL, NULL, '/Admin/SysRole/ajaxGetDataById', NULL, NULL, NULL, 10),
(235, 'admin', 1460624947, 'admin', 1466038735, 0, NULL, NULL, '/Admin/SysRole/ajaxEdit', NULL, NULL, NULL, 6),
(236, 'admin', 1460624952, 'admin', 1466038229, 0, NULL, NULL, '/Admin/SysRole/ajaxAdd', NULL, NULL, NULL, 5),
(237, 'admin', 1460624981, 'admin', 1462243884, 0, NULL, NULL, '/Admin/SysRole/ajaxDel', NULL, NULL, NULL, 2),
(238, 'admin', 1460625120, NULL, 1477120893, 0, NULL, NULL, '/Admin/SysUser/ajaxAdd', NULL, NULL, NULL, 22),
(239, 'admin', 1460625123, 'admin', 1474862159, 0, NULL, NULL, '/Admin/SysUser/ajaxGetDataById', NULL, NULL, NULL, 40),
(240, 'admin', 1460625126, 'admin', 1474861166, 0, NULL, NULL, '/Admin/SysUser/ajaxEdit', NULL, NULL, NULL, 18),
(241, 'admin', 1460625155, 'admin', 1474856075, 0, NULL, NULL, '/Admin/SysUser/ajaxDel', NULL, NULL, NULL, 51),
(242, 'admin', 1460625268, 'admin', 1468825663, 1, NULL, '货道配置', '/Admin/SysBox/milkBoxList', '1', NULL, 10101100, 230),
(243, 'admin', 1460625269, 'admin', 1468825664, 1, NULL, NULL, '/Admin/SysBox/ajaxMilkList', NULL, NULL, NULL, 1918),
(244, 'admin', 1460625756, 'ladmin', 1469002725, 0, NULL, NULL, '/Admin/SysClient/ajaxSelectList', NULL, NULL, NULL, 1874),
(245, 'admin', 1460625920, 'admin', 1468825663, 1, NULL, NULL, '/Admin/VendingProduct/ajaxSelectList', NULL, NULL, NULL, 913),
(246, 'admin', 1460625928, 'admin', 1468397508, 1, NULL, '运行状态', '/Admin/SysClient/milkStatusList', '1', NULL, 10101200, 210),
(247, 'admin', 1460680340, 'admin', 1467094703, 1, NULL, '分类销售占比', '/Admin/VendingStorage/milkStatistics3', '1', NULL, 10131200, 52),
(248, 'admin', 1460680340, 'admin', 1467094703, 1, NULL, NULL, '/Admin/VendingStorage/ajaxMilkStorage3', NULL, NULL, NULL, 58),
(249, 'admin', 1460680342, 'admin', 1468397499, 1, NULL, '月度别销售情况', '/Admin/VendingStorage/milkStatistics2', '1', NULL, 10131100, 58),
(250, 'admin', 1460680345, 'admin', 1467094701, 1, NULL, '各终端销售情况', '/Admin/VendingStorage/milkStatistics1', '1', NULL, 10131000, 82),
(251, 'admin', 1460680345, 'admin', 1467094701, 1, NULL, NULL, '/Admin/VendingStorage/ajaxMilkStorage1', NULL, NULL, NULL, 95),
(252, 'admin', 1460680771, 'admin', 1465370588, 1, NULL, '商品信息', '/Admin/VendingProduct/milkProductList', '1', NULL, 10111000, 168),
(253, 'admin', 1460680772, 'admin', 1465370589, 1, NULL, NULL, '/Admin/VendingProduct/ajaxMilkProductList', NULL, NULL, NULL, 328),
(254, 'admin', 1460681066, 'admin', 1466649032, 1, NULL, NULL, '/Admin/VendingStore/ajaxSelectList', NULL, NULL, NULL, 625),
(255, 'admin', 1460681105, 'admin', 1468825668, 0, NULL, NULL, '/Admin/SysItem/ajaxSelectList', NULL, NULL, NULL, 1248),
(256, 'admin', 1460681320, 'admin', 1468399002, 1, NULL, '跳转上下货管理页面', '/Admin/VendingConsignment/milkConsignmentList', '1', NULL, 10111100, 237),
(257, 'admin', 1460681321, 'admin', 1468399002, 1, NULL, '加载上下货管理数据', '/Admin/VendingConsignment/ajaxMilkConsignmentList', '0', NULL, 10111101, 571),
(258, 'admin', 1460681693, 'admin', 1464420541, 1, NULL, '跳转上下货清单页面', '/Admin/VendingStorage/milkStorageList', '0', NULL, 10111102, 275),
(259, 'admin', 1460681693, 'admin', 1464420580, 1, NULL, '加载上下货清单列表', '/Admin/VendingStorage/ajaxMilkStorageList', '0', NULL, 10111103, 749),
(260, 'admin', 1460682042, 'admin', 1465287013, 1, NULL, '加载上下货记录数据', '/Admin/VendingStorage/ajaxMilkRecordList', '0', NULL, 10111201, 170),
(261, 'admin', 1460682553, 'admin', 1465374420, 1, NULL, '跳转销售数据', '/Admin/VendingOrder/milkOrderList', '1', NULL, 10111300, 79),
(262, 'admin', 1460682554, 'admin', 1465374420, 1, NULL, '加载销售数据', '/Admin/VendingOrder/ajaxMilkOrderList', '0', NULL, 10111301, 149),
(263, 'admin', 1460682554, 'admin', 1465374420, 1, NULL, '根据订单号码获取销售商品信息', '/Admin/VendingOrder/ajaxGetStorageDataById', '0', NULL, 10111302, 189),
(264, 'admin', 1460682887, 'admin', 1467094687, 1, NULL, '卡片充值', '/Admin/VendingConsumer/milkRecharge', '1', NULL, 10121100, 73),
(265, 'admin', 1460682888, 'admin', 1467094688, 1, NULL, '加载卡片充值数据', '/Admin/VendingConsumer/ajaxMilkRechargeList', '0', NULL, 10121201, 158),
(266, 'admin', 1460682889, 'admin', 1467094692, 1, NULL, '充值记录', '/Admin/VendingConsumerrecord/milkRechargeRecord', '1', NULL, 10121200, 60),
(267, 'admin', 1460682889, 'admin', 1467094692, 1, NULL, '加载卡片充值记录数据', '/Admin/VendingConsumerrecord/ajaxMilkRechargeRecordList', '0', NULL, 10111201, 99),
(268, 'admin', 1460682890, 'admin', 1467094698, 1, NULL, '消费记录', '/Admin/VendingConsumerrecord/milkConsumingRecord', '1', NULL, 10121300, 54),
(269, 'admin', 1460682890, 'admin', 1467094698, 1, NULL, '加载卡片销售记录数据', '/Admin/VendingConsumerrecord/ajaxMilkConsumingList', '0', NULL, 10121301, 76),
(270, 'admin', 1460682987, 'admin', 1467094682, 1, NULL, '卡片管理', '/Admin/VendingConsumer/milkConsumerList', '1', NULL, 10121000, 96),
(271, 'admin', 1460682988, 'admin', 1467094682, 1, NULL, '加载卡片管理数据', '/Admin/VendingConsumer/ajaxMilkConsumerList', '0', NULL, 10121001, 242),
(272, 'admin', 1460683613, 'admin', 1466123709, 0, NULL, NULL, '/Admin/SysClient/toList', NULL, NULL, NULL, 21),
(273, 'admin', 1460683613, 'admin', 1466123715, 0, NULL, NULL, '/Admin/SysClient/ajaxList', NULL, NULL, NULL, 43),
(274, 'admin', 1460683621, 'admin', 1464854033, 0, NULL, NULL, '/Admin/SysCommand/toList', NULL, NULL, NULL, 12),
(275, 'admin', 1460683621, 'admin', 1464854038, 0, NULL, NULL, '/Admin/SysCommand/ajaxList', NULL, NULL, NULL, 50),
(276, 'admin', 1460683622, 'admin', 1461563627, 1, NULL, NULL, '/Admin/AccessCardrecord/toList', NULL, NULL, NULL, 8),
(277, 'admin', 1460683622, 'admin', 1461563627, 1, NULL, NULL, '/Admin/AccessCardrecord/ajaxList', NULL, NULL, NULL, 11),
(278, 'admin', 1460684490, 'admin', 1469171529, 0, NULL, NULL, '/Admin/SysClient/ajaxGetDataById', NULL, NULL, NULL, 173),
(279, 'admin', 1460685221, 'admin', 1464853979, 0, NULL, NULL, '/Admin/SysConfig/toList', NULL, NULL, NULL, 37),
(280, 'admin', 1460685221, 'admin', 1464853980, 0, NULL, NULL, '/Admin/SysConfig/ajaxList', NULL, NULL, NULL, 71),
(281, 'admin', 1460685228, 'admin', 1464854016, 0, NULL, NULL, '/Admin/SysBox/toList', NULL, NULL, NULL, 14),
(282, 'admin', 1460685229, 'admin', 1464854017, 0, NULL, NULL, '/Admin/SysBox/ajaxList', NULL, NULL, NULL, 22),
(283, 'admin', 1460685231, 'admin', 1464854028, 0, NULL, NULL, '/Admin/SysBoxrecord/toList', NULL, NULL, NULL, 12),
(284, 'admin', 1460685231, 'admin', 1464854028, 0, NULL, NULL, '/Admin/SysBoxrecord/ajaxList', NULL, NULL, NULL, 27),
(285, 'admin', 1460685319, 'company', 1466585081, 0, NULL, NULL, '/Admin/SysClient/ajaxVerify', NULL, NULL, NULL, 25),
(286, 'admin', 1460685434, 'company', 1466407372, 0, NULL, NULL, '/Admin/SysClient/ajaxEdit', NULL, NULL, NULL, 22),
(287, 'admin', 1460685451, 'admin', 1469171410, 0, NULL, NULL, '/Admin/SysClient/ajaxGetConfigDataById', NULL, NULL, NULL, 304),
(288, 'admin', 1460685803, 'admin', 1464836516, 0, NULL, NULL, '/Admin/SysClient/ajaxSaveConfig', NULL, NULL, NULL, 75),
(289, 'admin', 1460686224, 'company', 1466490683, 0, NULL, NULL, '/Admin/SysClient/ajaxLogoff', NULL, NULL, NULL, 14),
(290, 'admin', 1460686536, 'admin', 1466055943, 1, NULL, NULL, '/Admin/SysBox/milkBoxStatusList', NULL, NULL, NULL, 190),
(291, 'admin', 1460686538, 'admin', 1463730001, 1, NULL, NULL, '/Admin/SysBox/ajaxGetMilkBoxProductInfoById', NULL, NULL, NULL, 696),
(292, 'admin', 1460686784, 'admin', 1464224359, 0, NULL, NULL, '/Admin/SysBox/ajaxGetConfig', NULL, NULL, NULL, 192),
(293, 'admin', 1460686788, 'admin', 1464224374, 0, NULL, NULL, '/Admin/SysBox/ajaxGetDataById', NULL, NULL, NULL, 87),
(294, 'admin', 1460686793, 'admin', 1461824067, 0, NULL, NULL, '/Admin/SysBox/ajaxEdit', NULL, NULL, NULL, 42),
(297, 'admin', 1460687595, 'admin', 1464230875, 1, NULL, '添加配置', '/Admin/SysConfig/ajaxAdd', '0', NULL, 1, 6),
(298, 'admin', 1460687597, 'admin', 1468391671, 0, NULL, NULL, '/Admin/SysConfig/ajaxGetDataById', NULL, NULL, NULL, 51),
(299, 'admin', 1460687604, 'company', 1467341504, 0, NULL, NULL, '/Admin/SysConfig/ajaxEdit', NULL, NULL, NULL, 13),
(300, 'admin', 1460687609, 'admin', 1464231018, 1, NULL, '删除系统配置', '/Admin/SysConfig/ajaxDel', '0', NULL, 1, 6),
(301, 'admin', 1460687934, 'admin', 1463553417, 1, NULL, NULL, '/Admin/VendingProduct/ajaxMilkProductAdd', NULL, NULL, NULL, 21),
(302, 'admin', 1460688065, 'admin', 1464418867, 1, NULL, NULL, '/Admin/VendingProduct/ajaxGetDataById', NULL, NULL, NULL, 63),
(303, 'admin', 1460688085, 'admin', 1463730969, 1, NULL, NULL, '/Admin/VendingProduct/ajaxMilkProductEdit', NULL, NULL, NULL, 29),
(304, 'admin', 1460688095, 'vadmin', 1463535592, 1, NULL, NULL, '/Admin/VendingProduct/ajaxVoid', NULL, NULL, NULL, 25),
(305, 'admin', 1460688246, 'admin', 1462499919, 0, NULL, NULL, '/Admin/SysBox/ajaxSaveConfig', NULL, NULL, NULL, 120),
(309, 'admin', 1460690330, 'admin', 1463043324, 1, NULL, NULL, '/Admin/VendingConsumer/ajaxMilkConsumerAdd', NULL, NULL, NULL, 9),
(310, 'admin', 1460690345, 'admin', 1463730066, 1, NULL, NULL, '/Admin/VendingConsumer/ajaxGetDataById', NULL, NULL, NULL, 34),
(311, 'admin', 1460690367, 'admin', 1463730058, 1, NULL, NULL, '/Admin/VendingConsumer/ajaxMilkRecharge', NULL, NULL, NULL, 20),
(312, 'admin', 1460690379, 'admin', 1463730075, 1, NULL, NULL, '/Admin/VendingConsumer/ajaxMilkRefund', NULL, NULL, NULL, 8),
(313, 'admin', 1460690388, 'admin', 1460705088, 1, NULL, NULL, '/Admin/VendingConsumer/ajaxFreeze', NULL, NULL, NULL, 3),
(314, 'admin', 1460690392, 'admin', 1460705091, 1, NULL, NULL, '/Admin/VendingConsumer/ajaxtThaw', NULL, NULL, NULL, 2),
(315, 'admin', 1460690400, 'admin', 1460705293, 1, NULL, NULL, '/Admin/VendingConsumer/ajaxVoid', NULL, NULL, NULL, 2),
(316, 'admin', 1460690428, 'admin', 1464420547, 1, NULL, NULL, '/Admin/VendingStorage/ajaxBuildStorageInfo', NULL, NULL, NULL, 119),
(317, 'admin', 1460691316, 'admin', 1468397508, 1, NULL, NULL, '/Admin/SysClient/ajaxMilkClientStatusList', NULL, NULL, NULL, 355),
(318, 'admin', 1460700186, 'vadmin', 1463622427, 1, NULL, NULL, '/Admin/VendingStorage/printMilkStorage', NULL, NULL, NULL, 110),
(319, 'admin', 1460705004, 'admin', 1463204302, 1, NULL, NULL, '/Admin/VendingConsignment/ajaxVoid', NULL, NULL, NULL, 10),
(320, 'admin', 1460705641, 'admin', 1466752193, 1, NULL, NULL, '/Admin/CertificateInfo/toList', NULL, NULL, NULL, 35),
(321, 'admin', 1460705641, 'admin', 1466752194, 1, NULL, NULL, '/Admin/CertificateInfo/ajaxList', NULL, NULL, NULL, 102),
(322, 'admin', 1460705715, 'admin', 1463477114, 1, NULL, NULL, '/Admin/CertificateAttachment/toList', NULL, NULL, NULL, 77),
(323, 'admin', 1460705715, 'admin', 1463477114, 1, NULL, NULL, '/Admin/CertificateAttachment/ajaxList', NULL, NULL, NULL, 157),
(324, 'admin', 1460706260, 'admin', 1460968315, 1, NULL, NULL, '/Admin/CertificateInfo/ajaxAdd', NULL, NULL, NULL, 15),
(325, 'admin', 1460706263, 'admin', 1462844814, 1, NULL, NULL, '/Admin/CertificateInfo/ajaxGetDataById', NULL, NULL, NULL, 50),
(326, 'admin', 1460706267, 'admin', 1460969609, 1, NULL, NULL, '/Admin/CertificateInfo/ajaxEdit', NULL, NULL, NULL, 27),
(327, 'admin', 1460712363, 'admin', 1464854051, 1, NULL, NULL, '/Admin/VendingOrder/toList', NULL, NULL, NULL, 11),
(328, 'admin', 1460712365, 'admin', 1464854053, 1, NULL, NULL, '/Admin/VendingOrder/ajaxList', NULL, NULL, NULL, 24),
(329, 'admin', 1460712366, 'admin', 1460970586, 1, NULL, NULL, '/Admin/AccessOrderdetail/toList', NULL, NULL, NULL, 7),
(330, 'admin', 1460712367, 'admin', 1460970586, 1, NULL, NULL, '/Admin/AccessOrderdetail/ajaxList', NULL, NULL, NULL, 13),
(331, 'admin', 1460770395, 'admin', 1463477114, 1, NULL, NULL, '/Admin/CertificateInfo/ajaxSelectList', NULL, NULL, NULL, 186),
(332, 'admin', 1460770458, 'admin', 1460792900, 1, NULL, NULL, '/Admin/CertificateAttachment/ajaxAdd', NULL, NULL, NULL, 26),
(333, 'admin', 1460770460, 'admin', 1462844746, 1, NULL, NULL, '/Admin/CertificateAttachment/ajaxGetDataById', NULL, NULL, NULL, 66),
(334, 'admin', 1460770799, 'admin', 1460968737, 1, NULL, NULL, '/Admin/CertificateAttachment/ajaxEdit', NULL, NULL, NULL, 15),
(335, 'admin', 1460774609, 'admin', 1477272312, 0, NULL, NULL, '/Admin/Index/outLogin', NULL, NULL, NULL, 871),
(336, 'admin', 1460776573, 'admin', 1460968566, 1, NULL, NULL, '/Admin/CertificateAttachment/ajaxDel', NULL, NULL, NULL, 14),
(337, 'admin', 1460787627, 'admin', 1464854041, 0, NULL, NULL, '/Admin/SysClientconfig/toList', NULL, NULL, NULL, 10),
(338, 'admin', 1460787628, 'admin', 1464854042, 0, NULL, NULL, '/Admin/SysClientconfig/ajaxList', NULL, NULL, NULL, 11),
(339, 'admin', 1460789519, 'admin', 1460964587, 1, NULL, NULL, '/Admin/AccessRate/toList', NULL, NULL, NULL, 6),
(340, 'admin', 1460789520, 'admin', 1460964587, 1, NULL, NULL, '/Admin/AccessRate/ajaxList', NULL, NULL, NULL, 6),
(341, 'admin', 1460789648, 'admin', 1464854059, 1, NULL, NULL, '/Admin/VendingProduct/toList', NULL, NULL, NULL, 8),
(342, 'admin', 1460789649, 'admin', 1464854060, 1, NULL, NULL, '/Admin/VendingProduct/ajaxList', NULL, NULL, NULL, 11),
(343, 'admin', 1460789807, 'admin', 1460964590, 1, NULL, NULL, '/Admin/VendingStore/toList', NULL, NULL, NULL, 4),
(344, 'admin', 1460789808, 'admin', 1460964591, 1, NULL, NULL, '/Admin/VendingStore/ajaxList', NULL, NULL, NULL, 7),
(345, 'admin', 1460939207, 'admin', 1460939682, 1, NULL, '自动售货机菜单栏', '/Admin/Vending/menu', '0', NULL, 10000000, NULL),
(346, 'admin', 1460939805, 'admin', 1460943014, 1, NULL, '货终端管理菜单', '/Admin/Vending/menuClient', '0', NULL, 10100000, NULL),
(347, 'admin', 1460941506, 'admin', 1460943008, 1, NULL, '商品管理菜单', '/Admin/Vending/menuProduct', '0', NULL, 10110000, NULL),
(348, 'admin', 1460942712, 'admin', 1460943025, 1, NULL, '卡片管理菜单', '/Admin/Vending/menuConsumer', '0', NULL, 10120000, NULL),
(349, 'admin', 1460943205, NULL, NULL, 1, NULL, '统计分析菜单', '/Admin/Vending/menuStatistics', '0', NULL, 10130000, NULL),
(350, 'admin', 1460945351, NULL, NULL, 1, NULL, '证件打印柜菜单栏', '/Admin/Certificate/menu', '0', NULL, 11000000, NULL),
(351, 'admin', 1460945496, 'admin', 1460946351, 1, NULL, '终端管理菜单', '/Admin/Certificate/menuClient', '0', NULL, 11100000, NULL),
(352, 'admin', 1460945647, 'admin', 1468825668, 1, NULL, '终端信息', '/Admin/SysClient/certificateClientList', '1', NULL, 11101000, 104),
(353, 'admin', 1460945707, 'admin', 1460946360, 1, NULL, '证件管理菜单', '/Admin/Certificate/menuCertificate', '0', NULL, 11110000, NULL),
(354, 'admin', 1460945792, 'ladmin', 1468487120, 1, NULL, '证件信息', '/Admin/CertificateInfo/certificateList', '1', NULL, 11111000, 148),
(355, 'admin', 1460946200, 'admin', 1466123247, 1, NULL, '打印记录', '/Admin/CertificateInfo/certificatePrintList', '1', NULL, 11111100, 44),
(356, 'admin', 1460948266, 'admin', 1469171536, 0, NULL, NULL, '/Admin/SysClient/doClientReboot', NULL, NULL, NULL, 9),
(357, 'admin', 1460949003, 'company', 1464315873, 0, NULL, NULL, '/Admin/SysClient/doClientStop', NULL, NULL, NULL, 9),
(358, 'admin', 1460957966, 'company', 1464315877, 0, NULL, NULL, '/Admin/SysClient/doClientStart', NULL, NULL, NULL, 7),
(359, 'admin', 1460958875, 'company', 1467967393, 0, NULL, NULL, '/Admin/SysBox/doClientBoxStop', NULL, NULL, NULL, 22),
(360, 'admin', 1460958884, 'company', 1467967396, 0, NULL, NULL, '/Admin/SysBox/doClientBoxStart', NULL, NULL, NULL, 14),
(361, 'admin', 1460960352, 'admin', 1468825668, 1, NULL, NULL, '/Admin/SysClient/ajaxCertificateClientList', NULL, NULL, NULL, 178),
(362, 'admin', 1460962510, 'admin', 1472872982, 0, NULL, NULL, '/Admin/SysRole/ajaxDelAuth', NULL, NULL, NULL, 145),
(363, 'admin', 1460963711, 'admin', 1466123246, 1, NULL, NULL, '/Admin/CertificateInfo/ajaxCertificateInfoList', NULL, NULL, NULL, 305),
(364, 'admin', 1460964169, NULL, NULL, 1, NULL, '开发测试平台', '/Admin/Test/menu', '0', NULL, 98000000, NULL),
(365, 'admin', 1460964293, NULL, NULL, 1, NULL, '超级管理员菜单栏', '/Admin/Admin/menu', '0', NULL, 99000000, NULL),
(366, 'admin', 1460964576, 'admin', 1463477110, 1, NULL, NULL, '/Admin/AccessCardinfo/toList', NULL, NULL, NULL, 2),
(367, 'admin', 1460964577, 'admin', 1463477111, 1, NULL, NULL, '/Admin/AccessCardinfo/ajaxList', NULL, NULL, NULL, 2),
(368, 'admin', 1460964578, 'admin', 1460965518, 0, NULL, NULL, '/Admin/SysSms/toList', NULL, NULL, NULL, 8),
(369, 'admin', 1460964578, 'admin', 1460965585, 0, NULL, NULL, '/Admin/SysSms/ajaxList', NULL, NULL, NULL, 12),
(370, 'admin', 1460964579, 'admin', 1462844826, 0, NULL, NULL, '/Admin/SysSmsstencil/toList', NULL, NULL, NULL, 2),
(371, 'admin', 1460964579, 'admin', 1462844828, 0, NULL, NULL, '/Admin/SysSmsstencil/ajaxList', NULL, NULL, NULL, 2),
(372, 'admin', 1460964580, 'admin', 1463477106, 0, NULL, NULL, '/Admin/SysLog/toList', NULL, NULL, NULL, 4),
(373, 'admin', 1460964580, 'admin', 1463477106, 0, NULL, NULL, '/Admin/SysLog/ajaxList', NULL, NULL, NULL, 6),
(374, 'admin', 1460964581, 'admin', 1467095337, 0, NULL, NULL, '/Admin/SysItem/toList', NULL, NULL, NULL, 3),
(375, 'admin', 1460964581, 'admin', 1467095337, 0, NULL, NULL, '/Admin/SysItem/ajaxList', NULL, NULL, NULL, 4),
(376, 'admin', 1460964586, 'admin', 1477120208, 0, NULL, NULL, '/Admin/SysCompany/toList', NULL, NULL, NULL, 54),
(377, 'admin', 1460964586, 'admin', 1477120403, 0, NULL, NULL, '/Admin/SysCompany/ajaxList', NULL, NULL, NULL, 128),
(378, 'admin', 1460965518, 'admin', 1460965585, NULL, NULL, NULL, '/Admin/SysSmsstencil/ajaxSelectList', NULL, NULL, NULL, 6),
(379, 'admin', 1460968442, 'admin', 1463040675, NULL, NULL, NULL, '/Admin/CertificateInfo/ajaxCertificateInfoAdd', NULL, NULL, NULL, 20),
(380, 'admin', 1460968620, 'admin', 1461140470, NULL, NULL, NULL, '/Admin/CertificateInfo/ajaxDel', NULL, NULL, NULL, 9),
(381, 'admin', 1460969142, 'admin', 1464826424, 0, NULL, '获取打印证件信息', '/Admin/CertificateInfo/ajaxCertificateInfoDataById', '0', NULL, 1, 92),
(382, 'admin', 1460970186, 'admin', 1461221634, NULL, NULL, NULL, '/Admin/CertificateInfo/ajaxCertificateInfoEdit', NULL, NULL, NULL, 21),
(383, 'admin', 1460971084, 'admin', 1461219315, NULL, NULL, NULL, '/Admin/SysBoxrecord/certificatePrintList', NULL, NULL, NULL, 39),
(384, 'admin', 1460971365, 'admin', 1461217914, NULL, NULL, NULL, '/Admin/SysBoxrecord/ajaxCertificatePrintList', NULL, NULL, NULL, 63),
(385, 'admin', 1461200177, 'admin', 1467968913, 0, NULL, NULL, '/Admin/Index/getClientInfoPanel', NULL, NULL, NULL, 205542),
(386, 'admin', 1461200177, 'admin', 1468545413, 0, NULL, NULL, '/Admin/Index/getNewsInfoPanel', NULL, NULL, NULL, 2591),
(387, 'admin', 1461200177, 'admin', 1468545413, 0, NULL, NULL, '/Admin/Index/getSalesInfoPanel', NULL, NULL, NULL, 2485),
(391, 'admin', 1461208571, NULL, NULL, NULL, NULL, NULL, '/Admin/CertificateInfo/ajaxVoid', NULL, NULL, NULL, 1),
(392, 'admin', 1461219421, 'admin', 1466123247, NULL, NULL, NULL, '/Admin/CertificateInfo/ajaxCertificatePrintList', NULL, NULL, NULL, 78),
(393, 'vadmin', 1461308474, 'admin', 1464420576, 1, NULL, '上下货管理编辑', '/Admin/VendingConsignment/ajaxGetDataById', '0', NULL, 1, 280),
(394, 'vadmin', 1461308607, 'admin', 1464420579, 1, NULL, '上下货管理编辑保存', '/Admin/VendingConsignment/ajaxMilkStorageEdit', '0', NULL, 1, 266),
(395, 'vadmin', 1461309583, 'admin', 1462952278, NULL, NULL, NULL, '/Admin/SysBoxrecord/printMilkRecord', NULL, NULL, NULL, 10),
(396, 'admin', 1461718701, 'admin', 1461719852, 1, NULL, '智能洗衣柜_管理平台', '/Admin/Access/menu', '0', NULL, 0, NULL),
(397, 'admin', 1461718820, 'admin', 1461719857, 1, NULL, '智能洗衣柜_终端管理', '/Admin/Access/menuClient', '0', NULL, 0, NULL),
(398, 'admin', 1461719001, 'company', 1464834857, 1, NULL, '智能洗衣柜_终端信息', '/Admin/SysClient/accessClientList', '1', NULL, 1, 271),
(399, 'admin', 1461719441, 'admin', 1461719845, 1, NULL, '智能洗衣柜_店铺管理', '/Admin/AccessStore/menuStore', '0', NULL, 1, NULL),
(400, 'admin', 1461719509, 'admin', 1461719825, 1, NULL, '智能洗衣柜_订单管理', '/Admin/AccessOrder/menuOrder', '0', NULL, 1, NULL),
(401, 'admin', 1461719588, 'admin', 1461719830, 1, NULL, '智能洗衣柜_雇员管理', '/Admin/AccessCardinfo/menuCardinfo', '0', NULL, 1, NULL),
(402, 'admin', 1461719637, 'admin', 1461719836, 1, NULL, '智能洗衣柜_短信中心', '/Admin/Access/menuSms', '0', NULL, 1, NULL),
(403, 'admin', 1461719724, 'admin', 1461719840, 1, NULL, '智能洗衣柜_统计分析', '/Admin/Access/menuStatistics', '0', NULL, 1, NULL),
(404, 'admin', 1461721527, 'admin', 1469434161, NULL, NULL, NULL, '/Admin/SysClient/ajaxAccessClientList', NULL, NULL, NULL, 668),
(405, 'admin', 1461722926, 'admin', 1469433974, NULL, NULL, NULL, '/Admin/SysClient/accessStatusList', NULL, NULL, NULL, 213),
(406, 'admin', 1461722926, 'admin', 1469434165, NULL, NULL, NULL, '/Admin/SysClient/ajaxAccessClientStatusList', NULL, NULL, NULL, 402),
(407, 'admin', 1461723186, 'company', 1468215691, NULL, NULL, NULL, '/Admin/SysBox/accessBoxStatusList', NULL, NULL, NULL, 212),
(408, 'admin', 1461723330, 'company', 1468215691, NULL, NULL, NULL, '/Admin/SysBox/ajaxAccessList', NULL, NULL, NULL, 411),
(409, 'admin', 1462235086, 'company', 1468401119, NULL, NULL, NULL, '/Admin/SysBoxrecord/accessHistoryList', NULL, NULL, NULL, 198),
(410, 'admin', 1462239158, 'company', 1468401120, NULL, NULL, NULL, '/Admin/SysBoxrecord/ajaxAccessPrintList', NULL, NULL, NULL, 383),
(411, 'admin', 1462255567, 'admin', 1463801586, 1, NULL, '店铺信息', '/Admin/AccessStore/accessStoreList', '1', NULL, 1, 67),
(412, 'admin', 1462255644, 'admin', 1468392294, 1, NULL, '价目设置', '/Admin/AccessProduct/accessProductList', '1', NULL, 2, 273),
(413, 'admin', 1462255743, NULL, NULL, 1, NULL, '使用历史', '/Admin/SysClient/accessHistoryList', '1', NULL, 3, NULL),
(414, 'admin', 1462257580, 'admin', 1463800766, NULL, NULL, NULL, '/Admin/AccessStore/ajaxAccessStoreList', NULL, NULL, NULL, 113),
(415, 'admin', 1462258976, 'admin', 1463800712, NULL, NULL, NULL, '/Admin/AccessStore/ajaxAccessStoreAdd', NULL, NULL, NULL, 5),
(416, 'admin', 1462259394, 'admin', 1468400914, NULL, NULL, NULL, '/Admin/AccessStore/ajaxGetDataById', NULL, NULL, NULL, 239),
(417, 'admin', 1462259601, 'admin', 1462325108, NULL, NULL, NULL, '/Admin/AccessStore/ajaxAccessStoreEdit', NULL, NULL, NULL, 4),
(418, 'admin', 1462260392, 'admin', 1462325126, NULL, NULL, NULL, '/Admin/AccessStore/ajaxVoid', NULL, NULL, NULL, 8),
(419, 'admin', 1462262794, 'admin', 1469434161, NULL, NULL, NULL, '/Admin/AccessStore/ajaxSelectList', NULL, NULL, NULL, 1057),
(420, 'admin', 1462263800, 'admin', 1468392295, NULL, NULL, NULL, '/Admin/AccessProduct/ajaxAccessProductList', NULL, NULL, NULL, 444),
(421, 'admin', 1462321484, 'charge1620914', 1477272323, 0, NULL, 'formatter多语言', '/Admin/Index/formatterJS', '0', NULL, 1, 5016),
(422, 'admin', 1462325025, '18913614962', 1467334775, NULL, NULL, NULL, '/Admin/AccessProduct/ajaxAccessProductAdd', NULL, NULL, NULL, 63),
(423, 'admin', 1462325480, 'admin', 1468205600, NULL, NULL, NULL, '/Admin/AccessProduct/ajaxGetDataById', NULL, NULL, NULL, 90),
(424, 'admin', 1462325757, '18913614962', 1467334671, NULL, NULL, NULL, '/Admin/AccessProduct/ajaxAccessProductEdit', NULL, NULL, NULL, 17),
(425, 'admin', 1462326543, 'admin', 1466128973, NULL, NULL, NULL, '/Admin/AccessProduct/ajaxVoid', NULL, NULL, NULL, 6),
(426, 'admin', 1462344310, 'admin', 1468545418, NULL, NULL, NULL, '/Admin/SysSmsstencil/accessSmsstencilList', NULL, NULL, NULL, 305),
(427, 'admin', 1462344321, 'admin', 1468455867, NULL, NULL, NULL, '/Admin/SysSms/accessSmsList', NULL, NULL, NULL, 213),
(428, 'admin', 1462347874, 'admin', 1468545418, NULL, NULL, NULL, '/Admin/SysSmsstencil/ajaxSmsstencilList', NULL, NULL, NULL, 675),
(429, 'admin', 1462408104, 'admin', 1468456194, NULL, NULL, NULL, '/Admin/SysSmsstencil/ajaxAdd', NULL, NULL, NULL, 40),
(430, 'admin', 1462409696, 'admin', 1468456680, NULL, NULL, NULL, '/Admin/SysSmsstencil/ajaxGetDataById', NULL, NULL, NULL, 150),
(431, 'admin', 1462409945, 'admin', 1468456685, NULL, NULL, NULL, '/Admin/SysSmsstencil/ajaxEdit', NULL, NULL, NULL, 91),
(432, 'admin', 1462410615, NULL, NULL, NULL, NULL, NULL, '/Admin/SysSmsstencil/ajaxDel', NULL, NULL, NULL, 1),
(433, 'admin', 1462412168, 'admin', 1462591810, NULL, NULL, NULL, '/Admin/SysSmsstencil/ajaxCancel', NULL, NULL, NULL, 10),
(434, 'admin', 1462430362, 'admin', 1468455868, NULL, NULL, NULL, '/Admin/SysSms/ajaxSmsList', NULL, NULL, NULL, 536),
(435, 'admin', 1462432635, NULL, NULL, NULL, NULL, NULL, '/Admin/SysSms/ajaxDel', NULL, NULL, NULL, 1),
(436, 'admin', 1462433526, 'admin', 1462435930, NULL, NULL, NULL, '/Admin/SysSms/ajaxGetDataById', NULL, NULL, NULL, 6),
(437, 'admin', 1462436375, 'admin', 1468399069, NULL, NULL, NULL, '/Admin/SysSms/ajaxGetShowById', NULL, NULL, NULL, 74),
(438, 'admin', 1462760533, 'admin', 1468465493, 1, NULL, '订单查看', '/Admin/AccessOrder/accessOrderList', '1', NULL, 0, 276),
(439, 'admin', 1462760565, 'admin', 1463015979, 1, NULL, '历史订单', '/Admin/AccessOrder/accessOrderHistoryList', '1', NULL, 1, 20),
(440, 'admin', 1462780406, 'admin', 1468465636, NULL, NULL, NULL, '/Admin/AccessOrder/ajaxAccessOrderList', NULL, NULL, NULL, 490),
(441, 'admin', 1462839322, 'admin', 1463357397, 1, NULL, '雇员信息', '/Admin/AccessCardinfo/accessCardinfoList', '1', NULL, 0, 23),
(442, 'admin', 1462839356, 'admin', 1462853293, 1, NULL, '操作记录', '/Admin/AccessCardrecord/accessCardrecordList', '1', NULL, 1, 8),
(443, 'admin', 1462839395, 'admin', 1468565430, 1, NULL, '销售报表', '/Admin/AccessOrder/accessStatistics1', '1', NULL, 0, 167),
(444, 'admin', 1462840239, 'admin', 1463016835, NULL, NULL, NULL, '/Admin/AccessOrder/ajaxAccessOrderHistoryList', NULL, NULL, NULL, 19),
(445, 'admin', 1462842450, 'admin', 1463357398, NULL, NULL, NULL, '/Admin/AccessCardinfo/ajaxAccessCardinfoList', NULL, NULL, NULL, 22),
(446, 'admin', 1462844158, 'admin', 1462853293, NULL, NULL, NULL, '/Admin/AccessCardrecord/ajaxAccessCardrecordList', NULL, NULL, NULL, 12),
(447, 'admin', 1463365471, NULL, NULL, 1, NULL, '运营商管理', '/Admin/AccessStore/menuCompany', '0', NULL, 0, NULL),
(448, 'admin', 1463365519, NULL, NULL, 1, NULL, '承包商信息', '/Admin/SysUser/accessOwnerList', '1', NULL, 0, NULL),
(449, 'admin', 1463365578, NULL, NULL, 1, NULL, '洗衣店信息', '/Admin/SysUser/accessSupplierList', '1', NULL, 0, NULL),
(450, 'admin', 1463365650, 'admin', 1477120149, 1, NULL, '参数配置', '/Admin/SysConfig/accessConfigList', '1', NULL, 0, 109),
(451, 'admin', 1463365913, NULL, NULL, 1, NULL, '承包商管理', '/Admin/AccessOrder/menuOwner', '0', NULL, 0, NULL),
(452, 'admin', 1463365953, NULL, NULL, 1, NULL, '洗衣店管控', '/Admin/SysUser/accessSupplierForOwnerList', '1', NULL, 0, NULL),
(453, 'admin', 1463365982, 'admin', 1468205597, 1, NULL, '价目管控', '/Admin/AccessProduct/accessProductForOwnerList', '1', NULL, 0, 137),
(454, 'admin', 1463366028, 'admin', 1468205251, 1, NULL, '订单管控', '/Admin/AccessOrder/accessOrderForOwnerList', '1', NULL, 0, 181),
(455, 'admin', 1463366057, 'admin', 1468205239, 1, NULL, '结算管理', '/Admin/AccessOrder/accessPayList', '1', NULL, 0, 177),
(456, 'admin', 1463366086, NULL, NULL, 1, NULL, '洗衣店管理', '/Admin/AccessCardinfo/menuSupplier', '0', NULL, 0, NULL),
(457, 'admin', 1463366149, NULL, NULL, 1, NULL, '订单管理', '/Admin/AccessOrder/accessOrderForSupplierList', '1', NULL, 0, NULL),
(458, 'admin', 1463366225, 'admin', 1468400881, 1, NULL, '短信推广', '/Admin/SysSms/accessSmsPromotionList', '1', NULL, 0, 146),
(459, 'admin', 1463366526, 'admin', 1468400878, 1, NULL, '终端报表', '/Admin/AccessOrder/accessStatistics2', '1', NULL, 0, 120),
(460, 'admin', 1463383042, 'admin', 1468205243, 1, NULL, '利润率设置', '/Admin/SysClient/accessProfitConfigList', '1', NULL, 0, 138),
(461, 'admin', 1463386436, 'admin', 1463973295, NULL, NULL, NULL, '/Admin/SysUser/ajaxSelectListByRole', NULL, NULL, NULL, 100),
(462, 'admin', 1463448751, NULL, NULL, NULL, NULL, NULL, '/Admin/AccessCompany/test', NULL, NULL, NULL, 1),
(463, 'admin', 1463448956, 'admin', 1463562666, NULL, NULL, NULL, '/Admin/AccessCompany/ajaxList', NULL, NULL, NULL, 86),
(464, 'admin', 1463453800, 'admin', 1463710165, NULL, NULL, NULL, '/Admin/AccessOwner/accessSupplierForOwnerList', NULL, NULL, NULL, 8),
(465, 'admin', 1463453834, 'admin', 1463562351, NULL, NULL, NULL, '/Admin/AccessCompany/accessOwnerList', NULL, NULL, NULL, 40),
(466, 'admin', 1463453850, 'admin', 1463562681, NULL, NULL, NULL, '/Admin/AccessCompany/accessSupplierList', NULL, NULL, NULL, 6),
(467, 'admin', 1463537062, 'admin', 1463562373, NULL, NULL, NULL, '/Admin/AccessCompany/ajaxGetDataById', NULL, NULL, NULL, 15),
(468, 'admin', 1463554001, 'admin', 1463561654, NULL, NULL, NULL, '/Admin/AccessCompany/ajaxAdd', NULL, NULL, NULL, 12),
(469, 'admin', 1463557560, 'admin', 1463560237, NULL, NULL, NULL, '/Admin/AccessCompany/ajaxDel', NULL, NULL, NULL, 4),
(470, 'admin', 1463561806, 'admin', 1463562390, NULL, NULL, NULL, '/Admin/AccessCompany/ajaxEdit', NULL, NULL, NULL, 7),
(471, 'admin', 1463563286, 'admin', 1463801540, NULL, NULL, NULL, '/Admin/AccessOwner/accessOwnerList', NULL, NULL, NULL, 58),
(472, 'admin', 1463563287, 'admin', 1468458134, NULL, NULL, NULL, '/Admin/AccessOwner/ajaxList', NULL, NULL, NULL, 625),
(473, 'admin', 1463563369, 'admin', 1463724898, NULL, NULL, NULL, '/Admin/AccessSupplier/accessSupplierList', NULL, NULL, NULL, 35),
(474, 'admin', 1463563370, 'admin', 1463727220, NULL, NULL, NULL, '/Admin/AccessSupplier/ajaxList', NULL, NULL, NULL, 119),
(475, 'admin', 1463563525, 'admin', 1468458138, NULL, NULL, NULL, '/Admin/AccessOwner/ajaxGetDataById', NULL, NULL, NULL, 158),
(476, 'admin', 1463563742, 'company', 1467619665, NULL, NULL, NULL, '/Admin/AccessOwner/ajaxAdd', NULL, NULL, NULL, 26),
(477, 'admin', 1463638113, 'admin', 1463642238, NULL, NULL, NULL, '/Admin/AccessSupplier/ajaxAdd', NULL, NULL, NULL, 10),
(478, 'admin', 1463638118, 'admin', 1463642280, NULL, NULL, NULL, '/Admin/AccessSupplier/ajaxGetDataById', NULL, NULL, NULL, 7),
(479, 'admin', 1463638121, 'admin', 1463642289, NULL, NULL, NULL, '/Admin/AccessSupplier/ajaxEdit', NULL, NULL, NULL, 5),
(480, 'admin', 1463638227, 'admin', 1467620891, NULL, NULL, NULL, '/Admin/AccessOwner/ajaxEdit', NULL, NULL, NULL, 31),
(481, 'admin', 1463638624, 'admin', 1464832885, NULL, NULL, NULL, '/Admin/AccessOwner/ajaxDel', NULL, NULL, NULL, 25),
(482, 'admin', 1463638637, 'admin', 1463641856, NULL, NULL, NULL, '/Admin/AccessSupplier/ajaxDel', NULL, NULL, NULL, 9),
(483, 'admin', 1463734680, NULL, NULL, 1, NULL, '承包商管理', '/Admin/AccessOwner/menuOwner', '1', NULL, 0, NULL),
(484, 'admin', 1463734957, NULL, NULL, 1, NULL, '运营商管理', '/Admin/Access/menuCompany', '0', NULL, 0, NULL),
(485, 'admin', 1463735011, NULL, NULL, 1, NULL, '承包商管理', '/Admin/Access/menuOwner', '0', NULL, 0, NULL),
(486, 'admin', 1463735065, NULL, NULL, 1, NULL, '洗衣店管理', '/Admin/Access/menuStore', '0', NULL, 0, NULL),
(487, 'admin', 1463735710, NULL, NULL, 1, NULL, '洗衣店信息', '/Admin/AccessStore/accessSotreList', '1', NULL, 0, NULL),
(488, 'admin', 1463735778, NULL, NULL, 1, NULL, '洗衣店管控', '/Admin/AccessStore/accessStoreForOwnerList', '1', NULL, 0, NULL),
(489, 'admin', 1463735859, 'admin', 1468455863, 1, NULL, '订单管理', '/Admin/AccessOrder/accessOrderForStoreList', '1', NULL, 0, 127),
(490, 'admin', 1463801387, 'admin', 1468458104, NULL, NULL, NULL, '/Admin/AccessStore/ajaxList', NULL, NULL, NULL, 497),
(491, 'admin', 1463801398, 'han', 1466469838, NULL, NULL, NULL, '/Admin/AccessStore/ajaxEdit', NULL, NULL, NULL, 51),
(492, 'admin', 1463801427, 'company', 1466585636, NULL, NULL, NULL, '/Admin/AccessStore/ajaxAdd', NULL, NULL, NULL, 37),
(493, 'admin', 1463808938, 'admin', 1468458133, NULL, NULL, NULL, '/Admin/AccessOwner/toList', NULL, NULL, NULL, 220),
(494, 'admin', 1463808950, 'admin', 1468458103, NULL, NULL, NULL, '/Admin/AccessStore/toList', NULL, NULL, NULL, 228),
(495, 'admin', 1463811654, 'admin', 1469434161, NULL, NULL, NULL, '/Admin/AccessOwner/ajaxSelectList', NULL, NULL, NULL, 354),
(496, 'admin', 1463815430, 'admin', 1463815514, NULL, NULL, NULL, '/Admin/SysUser/ajaxSelectList', NULL, NULL, NULL, 6),
(497, 'admin', 1463818498, 'admin', 1468465494, NULL, NULL, NULL, '/Admin/AccessOrder/ajaxGetOrderDetailByOrderId', NULL, NULL, NULL, 811),
(498, 'admin', 1463818501, 'admin', 1468400909, NULL, NULL, NULL, '/Admin/AccessOrder/ajaxGetDataById', NULL, NULL, NULL, 159),
(499, 'admin', 1463985627, 'company', 1466409483, NULL, NULL, NULL, '/Admin/AccessStore/ajaxDel', NULL, NULL, NULL, 21),
(500, 'admin', 1463991740, 'admin', 1468205251, NULL, NULL, NULL, '/Admin/AccessOrder/ajaxAccessOrderForOwnerList', NULL, NULL, NULL, 385),
(501, 'admin', 1464056351, 'owner', 1464081602, NULL, NULL, NULL, '/Admin/SysSms/ajaxSendSMS', NULL, NULL, NULL, 24),
(502, 'admin', 1464079359, 'admin', 1468455864, NULL, NULL, NULL, '/Admin/AccessOrder/ajaxAccessOrderForStoreList', NULL, NULL, NULL, 201),
(503, 'admin', 1464143106, 'admin', 1477120150, NULL, NULL, NULL, '/Admin/SysConfig/ajaxAccessConfigList', NULL, NULL, NULL, 146),
(504, 'admin', 1464167662, 'admin', 1464251433, NULL, NULL, NULL, '/Admin/AccessProduct/toList', NULL, NULL, NULL, 30),
(505, 'admin', 1464167745, 'admin', 1464251435, NULL, NULL, NULL, '/Admin/AccessProduct/ajaxList', NULL, NULL, NULL, 59),
(506, 'admin', 1464167761, NULL, NULL, NULL, NULL, NULL, '/Admin/AccessProduct/ajaxDel', NULL, NULL, NULL, 1),
(507, 'admin', 1464224774, 'admin', 1468205244, NULL, NULL, NULL, '/Admin/SysClient/ajaxAccessProfitConfigList', NULL, NULL, NULL, 211),
(508, 'admin', 1464224998, 'admin', 1464232670, NULL, NULL, NULL, '/Admin/AccessProduct/ajaxEdit', NULL, NULL, NULL, 8),
(509, 'admin', 1464227590, 'admin', 1468205251, NULL, NULL, NULL, '/Admin/SysClient/ajaxSelectListForOwner', NULL, NULL, NULL, 342),
(510, 'admin', 1464227936, 'admin', 1468455863, NULL, NULL, NULL, '/Admin/SysClient/ajaxSelectListForStore', NULL, NULL, NULL, 145),
(511, 'admin', 1464231179, 'admin', 1468205246, NULL, NULL, NULL, '/Admin/SysClient/accessGetProfitInfo', NULL, NULL, NULL, 69),
(512, 'admin', 1464231830, 'han', 1467098374, NULL, NULL, NULL, '/Admin/SysClientconfig/accessDoProfitConfig', NULL, NULL, NULL, 27),
(513, 'admin', 1464232120, 'company', 1467619665, NULL, NULL, NULL, '/Admin/SysUser/ajaxJudgeUsernameIsExist', NULL, NULL, NULL, 76),
(514, 'admin', 1464243172, 'admin', 1468205597, NULL, NULL, NULL, '/Admin/AccessStore/ajaxSelectListForOwner', NULL, NULL, NULL, 352),
(515, 'admin', 1464243560, 'admin', 1468392295, NULL, NULL, NULL, '/Admin/AccessStore/ajaxSelectListForStore', NULL, NULL, NULL, 566),
(516, 'admin', 1464245214, 'admin', 1468205597, NULL, NULL, NULL, '/Admin/AccessProduct/ajaxAccessProductForOwnerList', NULL, NULL, NULL, 184),
(517, 'supplier', 1464246929, 'admin', 1468545414, 0, NULL, '洗衣柜首页显示最新订单', '/Admin/AccessOrder/ajaxGetSixOrderList', '0', NULL, 1, 1085),
(518, 'admin', 1464255075, 'admin', 1468640011, 0, NULL, '洗衣柜首页获取终端信息', '/Admin/Index/getClientInfoPanelAccess', '0', NULL, 1, 221473),
(519, 'admin', 1464308126, 'admin', 1468400912, NULL, NULL, NULL, '/Admin/AccessStore/ajaxListByOwner', NULL, NULL, NULL, 435),
(520, 'admin', 1464308264, 'admin', 1468400892, NULL, NULL, NULL, '/Admin/AccessStore/toListByOwner', NULL, NULL, NULL, 232),
(521, 'admin', 1464331451, 'admin', 1468205239, NULL, NULL, NULL, '/Admin/AccessOrder/ajaxAccessPayList', NULL, NULL, NULL, 212),
(522, 'admin', 1464399872, 'admin', 1468400912, NULL, NULL, NULL, '/Admin/SysClient/ajaxSelectListAccessByOwner', NULL, NULL, NULL, 331),
(523, 'admin', 1464401396, 'han', 1467363030, NULL, NULL, NULL, '/Admin/AccessOrder/ajaxBalanceAccessPay', NULL, NULL, NULL, 13),
(524, 'owner', 1464414213, 'admin', 1468400912, NULL, NULL, NULL, '/Admin/SysClient/ajaxSelectListAccessEditByOwner', NULL, NULL, NULL, 206),
(525, 'admin', 1464579525, 'admin', 1468565430, 0, NULL, '洗衣柜销售报表', '/Admin/AccessOrder/ajaxOrderStorage1', '0', NULL, 1, 813),
(526, 'admin', 1464590512, 'admin', 1468400878, NULL, NULL, NULL, '/Admin/AccessOrder/ajaxOrderStorage2', NULL, NULL, NULL, 130),
(527, 'admin', 1464835468, 'admin', 1469433965, NULL, NULL, NULL, '/Admin/AccessClient/accessClientList', NULL, NULL, NULL, 124),
(528, 'admin', 1464836613, 'admin', 1468200375, NULL, NULL, NULL, '/Admin/AccessClient/ajaxSaveConfig', NULL, NULL, NULL, 18),
(529, 'admin', 1465269661, 'admin', 1468400882, NULL, NULL, NULL, '/Admin/SysSms/ajaxSmsPromotionList', NULL, NULL, NULL, 98),
(530, 'admin', 1466038608, 'admin', 1466038724, 1, NULL, '智能物流柜菜单', '/Admin/Logistics/menu', '0', NULL, 1, NULL),
(531, 'admin', 1466038951, NULL, NULL, 1, NULL, '智能物流柜终端管理', '/Admin/Logistics/menuClient', '0', NULL, 1, NULL),
(532, 'admin', 1466038987, NULL, NULL, 1, NULL, '智能物流柜系统配置', '/Admin/Logistics/menuConfig', '0', NULL, 1, NULL),
(533, 'admin', 1466039017, NULL, NULL, 1, NULL, '智能物流柜运单管理', '/Admin/Logistics/menuOrder', '0', NULL, 1, NULL),
(534, 'admin', 1466039049, NULL, NULL, 1, NULL, '智能物流柜短信中心', '/Admin/Logistics/menuSms', '0', NULL, 1, NULL),
(535, 'admin', 1466039081, NULL, NULL, 1, NULL, '智能物流柜统计分析', '/Admin/Logistics/menuStatistics', '0', NULL, 1, NULL),
(536, 'admin', 1466043379, 'charge1620914', 1477272328, NULL, NULL, NULL, '/Admin/LogisticsClient/logisticsClientList', NULL, NULL, NULL, 327),
(537, 'admin', 1466043975, 'charge1620914', 1477272344, NULL, NULL, NULL, '/Admin/LogisticsClient/ajaxLogisticsClientList', NULL, NULL, NULL, 582),
(538, 'admin', 1466044261, 'charge1620914', 1477272332, NULL, NULL, NULL, '/Admin/LogisticsClient/ajaxGetDataById', NULL, NULL, NULL, 142),
(539, 'admin', 1466044263, 'charge1620914', 1477272343, NULL, NULL, NULL, '/Admin/LogisticsClient/ajaxVerify', NULL, NULL, NULL, 17),
(540, 'admin', 1466044294, 'admin', 1470792642, NULL, NULL, NULL, '/Admin/LogisticsClient/ajaxEdit', NULL, NULL, NULL, 21),
(541, 'admin', 1466044302, '8705', 1474877407, NULL, NULL, NULL, '/Admin/LogisticsClient/ajaxGetConfigDataById', NULL, NULL, NULL, 164),
(542, 'admin', 1466044315, '8705', 1474877414, NULL, NULL, NULL, '/Admin/LogisticsClient/ajaxSaveConfig', NULL, NULL, NULL, 50),
(543, 'admin', 1466044328, NULL, NULL, NULL, NULL, NULL, '/Admin/LogisticsClient/ajaxLogoff', NULL, NULL, NULL, 1),
(544, 'admin', 1466057455, 'charge1620914', 1477272389, NULL, NULL, NULL, '/Admin/LogisticsClient/logisticsStatusList', NULL, NULL, NULL, 244),
(545, 'admin', 1466057792, 'charge1620914', 1477272390, NULL, NULL, NULL, '/Admin/LogisticsClient/ajaxLogisticsClientStatusList', NULL, NULL, NULL, 452),
(546, 'admin', 1466057887, '8705', 1474877923, NULL, NULL, NULL, '/Admin/LogisticsClient/doClientStop', NULL, NULL, NULL, 21),
(547, 'admin', 1466057898, '8705', 1474877954, NULL, NULL, NULL, '/Admin/LogisticsClient/doClientStart', NULL, NULL, NULL, 25),
(548, 'admin', 1466058474, '8705', 1474878212, NULL, NULL, NULL, '/Admin/LogisticsBox/logisticsBoxStatusList', NULL, NULL, NULL, 126),
(549, 'admin', 1466058475, 'admin', 1466058818, NULL, NULL, NULL, '/Admin/LogisticsBox/ajaxAccessList', NULL, NULL, NULL, 6),
(550, 'admin', 1466058827, '8705', 1474878343, NULL, NULL, NULL, '/Admin/LogisticsBox/ajaxLogisticsList', NULL, NULL, NULL, 344),
(551, 'admin', 1466059087, '8705', 1474877794, NULL, NULL, NULL, '/Admin/LogisticsBox/doClientBoxStop', NULL, NULL, NULL, 45),
(552, 'admin', 1466059089, '8705', 1474878343, NULL, NULL, NULL, '/Admin/LogisticsBox/doClientBoxStart', NULL, NULL, NULL, 39),
(553, 'admin', 1466059964, 'charge1670412', 1474863481, NULL, NULL, NULL, '/Admin/LogisticsBoxrecord/logisticsHistoryList', NULL, NULL, NULL, 132),
(554, 'admin', 1466060051, 'charge1670412', 1474863484, NULL, NULL, NULL, '/Admin/LogisticsBoxrecord/ajaxLogisticsPrintList', NULL, NULL, NULL, 212),
(555, 'admin', 1466063219, '8705', 1474877295, NULL, NULL, NULL, '/Admin/LogisticsSmsstencil/logisticsSmsstencilList', NULL, NULL, NULL, 157),
(556, 'admin', 1466063223, 'charge1670412', 1474724736, NULL, NULL, NULL, '/Admin/LogisticsSms/logisticsSmsList', NULL, NULL, NULL, 113),
(557, 'admin', 1466063361, '8705', 1474877299, NULL, NULL, NULL, '/Admin/LogisticsSmsstencil/ajaxSmsstencilList', NULL, NULL, NULL, 273),
(558, 'admin', 1466063375, 'charge1670412', 1474724741, NULL, NULL, NULL, '/Admin/LogisticsSms/ajaxSmsList', NULL, NULL, NULL, 183),
(559, 'admin', 1466132736, 'admin', 1477120531, 1, NULL, '物流柜显示配置', '/Admin/LogisticsConfig/logisticsConfigList', '0', NULL, 1, 80),
(560, 'admin', 1466132736, NULL, NULL, NULL, NULL, NULL, '/Admin/LogisticsConfig/ajaxAccessConfigList', NULL, NULL, NULL, 1),
(561, 'admin', 1466132820, 'admin', 1477120693, NULL, NULL, NULL, '/Admin/LogisticsConfig/ajaxLogisticsConfigList', NULL, NULL, NULL, 108),
(562, 'admin', 1466387873, 'company', 1468284094, NULL, NULL, NULL, '/Admin/AccessStore/ajaxGetDataByIdNoClient', NULL, NULL, NULL, 38),
(563, 'admin', 1466405222, 'charge1620914', 1477272421, NULL, NULL, NULL, '/Admin/LogisticsCourier/toList', NULL, NULL, NULL, 174),
(564, 'admin', 1466405223, 'charge1620914', 1477272489, NULL, NULL, NULL, '/Admin/LogisticsCourier/ajaxList', NULL, NULL, NULL, 301),
(565, 'admin', 1466406532, 'charge1620914', 1477272478, NULL, NULL, NULL, '/Admin/LogisticsCourier/ajaxAdd', NULL, NULL, NULL, 15),
(566, 'admin', 1466406535, 'charge1620914', 1477272485, NULL, NULL, NULL, '/Admin/LogisticsCourier/ajaxGetDataById', NULL, NULL, NULL, 52),
(567, 'admin', 1466406541, 'charge1620914', 1477272488, NULL, NULL, NULL, '/Admin/LogisticsCourier/ajaxEdit', NULL, NULL, NULL, 16),
(568, 'admin', 1466407164, 'charge1620914', 1477272491, NULL, NULL, NULL, '/Admin/LogisticsCardinfo/toList', NULL, NULL, NULL, 220),
(569, 'admin', 1466407165, 'charge1620914', 1477272556, NULL, NULL, NULL, '/Admin/LogisticsCardinfo/ajaxList', NULL, NULL, NULL, 375),
(570, 'admin', 1466413622, 'charge1620914', 1477272556, NULL, NULL, NULL, '/Admin/LogisticsCardinfo/ajaxAdd', NULL, NULL, NULL, 20),
(571, 'admin', 1466413623, 'charge1630603', 1476499839, NULL, NULL, NULL, '/Admin/LogisticsCardinfo/ajaxGetDataById', NULL, NULL, NULL, 140),
(572, 'admin', 1466490366, 'charge1620914', 1477272493, NULL, NULL, NULL, '/Admin/LogisticsCourier/ajaxSelectList', NULL, NULL, NULL, 1810),
(573, 'admin', 1466490399, 'charge1630509', 1470272754, NULL, NULL, NULL, '/Admin/LogisticsCardinfo/ajaxEdit', NULL, NULL, NULL, 44),
(574, 'admin', 1466495030, 'ladmin', 1467267184, NULL, NULL, NULL, '/Admin/LogisticsOrder/toList', NULL, NULL, NULL, 17),
(575, 'admin', 1466495031, 'ladmin', 1467267871, NULL, NULL, NULL, '/Admin/LogisticsOrder/ajaxList', NULL, NULL, NULL, 50),
(576, 'admin', 1466497801, 'charge1620914', 1477272423, NULL, NULL, NULL, '/Admin/LogisticsClient/ajaxSelectList', NULL, NULL, NULL, 1775),
(577, 'admin', 1466497952, 'admin', 1466643893, NULL, NULL, NULL, '/Admin/LogisticsOrder/ajaxAdd', NULL, NULL, NULL, 4),
(578, 'admin', 1466497954, 'charge1670412', 1474863446, NULL, NULL, NULL, '/Admin/LogisticsOrder/ajaxGetDataById', NULL, NULL, NULL, 187),
(579, 'admin', 1466498057, 'admin', 1466823157, NULL, NULL, NULL, '/Admin/LogisticsOrder/ajaxEdit', NULL, NULL, NULL, 14),
(580, 'admin', 1466643005, 'charge1670412', 1474863419, NULL, NULL, NULL, '/Admin/LogisticsOrder/toInfoList', NULL, NULL, NULL, 378),
(581, 'admin', 1466644286, 'charge1670412', 1474863421, NULL, NULL, NULL, '/Admin/LogisticsOrder/ajaxInfoList', NULL, NULL, NULL, 548),
(582, 'admin', 1466644924, 'charge1670412', 1474863426, NULL, NULL, NULL, '/Admin/LogisticsOrder/toHistoryList', NULL, NULL, NULL, 200),
(583, 'admin', 1466644925, 'charge1670412', 1474863428, NULL, NULL, NULL, '/Admin/LogisticsOrder/ajaxHistoryList', NULL, NULL, NULL, 296),
(584, 'admin', 1466750739, 'charge1670412', 1474726151, NULL, NULL, NULL, '/Admin/LogisticsStatistics/logisticsStatistics1', NULL, NULL, NULL, 143),
(585, 'admin', 1466750745, 'charge1670412', 1474726207, NULL, NULL, NULL, '/Admin/LogisticsStatistics/logisticsStatistics2', NULL, NULL, NULL, 101),
(586, 'admin', 1466752196, 'charge1670412', 1474726155, NULL, NULL, NULL, '/Admin/LogisticsStatistics/ajaxStorage1', NULL, NULL, NULL, 163),
(587, 'admin', 1466752198, 'charge1620914', 1477272326, NULL, NULL, NULL, '/Admin/LogisticsStatistics/ajaxStorage2', NULL, NULL, NULL, 1056),
(588, 'admin', 1466990323, 'charge1620914', 1477273576, NULL, NULL, NULL, '/Admin/Logistics/getClientInfoPanelAccess', NULL, NULL, NULL, 132889),
(589, 'admin', 1466992916, 'charge1620914', 1477272325, NULL, NULL, NULL, '/Admin/Logistics/getSalesInfoPanel', NULL, NULL, NULL, 970),
(590, 'admin', 1466995252, 'charge1620914', 1477272325, NULL, NULL, NULL, '/Admin/Logistics/getNewsInfoPanel', NULL, NULL, NULL, 971),
(591, 'admin', 1466995253, 'charge1620914', 1477272326, NULL, NULL, NULL, '/Admin/LogisticsOrder/ajaxGetSixOrderList', NULL, NULL, NULL, 965),
(592, 'admin', 1467014728, '18913614962', 1467334772, NULL, NULL, NULL, '/Admin/AccessProduct/judgeCode', NULL, NULL, NULL, 40),
(593, 'admin', 1467094126, NULL, 1477120582, NULL, NULL, NULL, '/Admin/SysCompany/ajaxAdd', NULL, NULL, NULL, 17),
(594, 'admin', 1467094129, 'admin', 1475893327, NULL, NULL, NULL, '/Admin/SysCompany/ajaxGetDataById', NULL, NULL, NULL, 44),
(595, 'admin', 1467094804, 'admin', 1474856832, NULL, NULL, NULL, '/Admin/SysCompany/ajaxDel', NULL, NULL, NULL, 2),
(596, 'admin', 1467094943, 'admin', 1472866181, NULL, NULL, NULL, '/Admin/SysCompany/ajaxEdit', NULL, NULL, NULL, 22),
(597, 'admin', 1467097524, 'admin', 1477120499, NULL, NULL, NULL, '/Admin/SysCompany/toAllotCompanyList', NULL, NULL, NULL, 92),
(598, 'admin', 1467097534, 'admin', 1477120500, NULL, NULL, NULL, '/Admin/SysCompany/ajaxListByUser', NULL, NULL, NULL, 260),
(599, 'admin', 1467097536, 'admin', 1477120505, NULL, NULL, NULL, '/Admin/SysUser/ajaxListByCompany', NULL, NULL, NULL, 437),
(600, 'admin', 1467097714, 'admin', 1477120509, NULL, NULL, NULL, '/Admin/SysCompany/ajaxAddUser', NULL, NULL, NULL, 42),
(601, 'admin', 1467097928, 'admin', 1467276596, NULL, NULL, NULL, '/Admin/SysCompany/ajaxDelUser', NULL, NULL, NULL, 22),
(602, 'admin', 1467159699, 'admin', 1477272293, NULL, NULL, NULL, '/Admin/SysClient/toAllotClientList', NULL, NULL, NULL, 46),
(603, 'admin', 1467160621, 'admin', 1477272296, NULL, NULL, NULL, '/Admin/SysClient/ajaxListByCompany', NULL, NULL, NULL, 194),
(604, 'admin', 1467161872, 'admin', 1477272294, NULL, NULL, NULL, '/Admin/SysCompany/ajaxListByClient', NULL, NULL, NULL, 77),
(605, 'admin', 1467162118, 'admin', 1477272308, NULL, NULL, NULL, '/Admin/SysCompany/ajaxAddClient', NULL, NULL, NULL, 20),
(606, 'admin', 1467162151, 'admin', 1467162429, NULL, NULL, NULL, '/Admin/SysCompany/ajaxDelClient', NULL, NULL, NULL, 4),
(607, 'ladmin', 1467170686, 'charge1670412', 1474698655, NULL, NULL, NULL, '/Admin/LogisticsCardinfo/ajaxSelectList', NULL, NULL, NULL, 363);
INSERT INTO `wf_sys_authorization` (`id`, `createuser`, `createtime`, `updateuser`, `updatetime`, `status`, `pid`, `name`, `action`, `target`, `type`, `sort`, `count`) VALUES
(608, 'admin', 1467188282, 'charge1630509', 1470271259, NULL, NULL, NULL, '/Admin/LogisticsSmsstencil/ajaxAdd', NULL, NULL, NULL, 43),
(609, 'admin', 1467188301, '8705', 1474877212, NULL, NULL, NULL, '/Admin/LogisticsSmsstencil/ajaxGetDataById', NULL, NULL, NULL, 75),
(610, 'admin', 1467188315, 'charge1670412', 1469578647, NULL, NULL, NULL, '/Admin/LogisticsSmsstencil/ajaxDel', NULL, NULL, NULL, 14),
(611, 'admin', 1467188333, 'ladmin', 1467275446, NULL, NULL, NULL, '/Admin/LogisticsSmsstencil/ajaxCancel', NULL, NULL, NULL, 3),
(612, 'ladmin', 1467274838, 'ladmin', 1469521239, NULL, NULL, NULL, '/Admin/LogisticsSmsstencil/ajaxEdit', NULL, NULL, NULL, 24),
(613, 'ladmin2', 1467275785, 'charge1630603', 1472874281, NULL, NULL, NULL, '/Admin/LogisticsSms/ajaxGetShowById', NULL, NULL, NULL, 14),
(614, 'xucc', 1467362623, 'admin', 1469434928, 0, NULL, '用户修改密码', '/Admin/SysUser/ajaxEditPassword', '0', NULL, 1, 5),
(615, 'company', 1467968212, 'admin', 1468545413, 0, NULL, '洗衣柜formatterJS', '/Admin/Index/formatterJsAccess', '0', NULL, 1, 198),
(616, 'admin', 1467968903, 'admin', 1467969028, 0, NULL, '自动售货柜formatterJS', '/Admin/Index/formatterJsVending', '0', NULL, 1, 1),
(617, 'admin', 1467968913, 'admin', 1467969088, 0, NULL, '证件打印formatterJS', '/Admin/Index/formatterJsCertificate', '0', NULL, 1, 1),
(618, 'admin', 1467968933, 'charge1620914', 1477272323, 0, NULL, '物流柜formatterJS', '/Admin/Index/formatterJsLogistics', '0', NULL, 1, 1227),
(619, 'ladmin', 1468981049, 'charge1670412', 1474863443, NULL, NULL, NULL, '/Admin/LogisticsBoxrecord/ajaxLogisticsBoxrecordList', NULL, NULL, NULL, 120),
(620, 'charge1670430', 1469588830, '8705', 1474878236, NULL, NULL, NULL, '/Admin/LogisticsClient/doClientReboot', NULL, NULL, NULL, 64),
(621, 'admin', 1472538941, 'charge1620914', 1477272323, 0, NULL, 'JsCurd调用', '/Admin/Index/formatterJsCurd', '0', NULL, 1, 248),
(622, 'ladmin', 1474699754, '8705', 1474863173, NULL, NULL, NULL, '/Admin/SysBox/toErrList', NULL, NULL, NULL, 13),
(623, 'ladmin', 1474699905, '8705', 1474863174, NULL, NULL, NULL, '/Admin/SysBox/ajaxErrList', NULL, NULL, NULL, 20),
(624, 'ladmin', 1474700086, 'charge1670412', 1474863463, NULL, NULL, NULL, '/Admin/LogisticsOrder/overdueList', NULL, NULL, NULL, 21),
(625, 'ladmin', 1474700192, 'charge1670412', 1474863465, NULL, NULL, NULL, '/Admin/LogisticsOrder/ajaxOverdueList', NULL, NULL, NULL, 20),
(626, 'ladmin', 1474702741, 'charge1620914', 1477272501, NULL, NULL, NULL, '/Admin/LogisticsCourier/ajaxSelectClientListByCourierid', NULL, NULL, NULL, 24),
(627, '8705', 1474877438, '8705', 1474878349, NULL, NULL, NULL, '/Admin/LogisticsBox/openBox', NULL, NULL, NULL, 3),
(628, 'admin', 1477120692, NULL, 1477120872, NULL, NULL, NULL, '/Admin/LogisticsConfig/ajaxAdd', NULL, NULL, NULL, 2);

-- --------------------------------------------------------

--
-- Table structure for table `wf_sys_box`
--

DROP TABLE IF EXISTS `wf_sys_box`;
CREATE TABLE IF NOT EXISTS `wf_sys_box` (
  `id` int(11) NOT NULL AUTO_INCREMENT,
  `createuser` varchar(50) DEFAULT NULL,
  `createtime` int(11) DEFAULT NULL,
  `updateuser` varchar(50) DEFAULT NULL,
  `updatetime` int(11) DEFAULT NULL,
  `sysid` varchar(20) DEFAULT NULL,
  `status` int(1) DEFAULT NULL,
  `clientid` int(11) DEFAULT NULL,
  `no` int(11) DEFAULT NULL,
  `type` int(2) DEFAULT NULL,
  `storagestatus` int(2) DEFAULT NULL,
  `norm` int(2) DEFAULT NULL,
  `isopen` int(1) DEFAULT NULL,
  PRIMARY KEY (`id`),
  KEY `FK_wf_sys_box` (`clientid`)
) ENGINE=InnoDB  DEFAULT CHARSET=utf8 CHECKSUM=1 DELAY_KEY_WRITE=1 ROW_FORMAT=DYNAMIC COMMENT='柜箱信息' AUTO_INCREMENT=1023 ;

--
-- Dumping data for table `wf_sys_box`
--

INSERT INTO `wf_sys_box` (`id`, `createuser`, `createtime`, `updateuser`, `updatetime`, `sysid`, `status`, `clientid`, `no`, `type`, `storagestatus`, `norm`, `isopen`) VALUES
(656, '1469493032', 1469493557, NULL, NULL, NULL, 1, 51, 1, NULL, 0, 1, 0),
(657, '1469493032', 1469493557, NULL, NULL, NULL, 1, 51, 2, NULL, 0, 1, 0),
(658, '1469493032', 1469493557, NULL, NULL, NULL, 1, 51, 3, NULL, 0, 1, 0),
(659, '1469493032', 1469493557, NULL, NULL, NULL, 1, 51, 4, NULL, 0, 1, 0),
(660, '1469493032', 1469493557, NULL, NULL, NULL, 1, 51, 5, NULL, 0, 1, 0),
(661, '1469493032', 1469493557, NULL, NULL, NULL, 1, 51, 6, NULL, 0, 1, 0),
(662, '1469493032', 1469493557, NULL, NULL, NULL, 1, 51, 7, NULL, 0, 1, 0),
(663, '1469493032', 1469493557, NULL, NULL, NULL, 1, 51, 8, NULL, 0, 1, 0),
(664, '1469493032', 1469493557, NULL, NULL, NULL, 1, 51, 9, NULL, 0, 1, 0),
(665, '1469493032', 1469493557, NULL, NULL, NULL, 1, 51, 10, NULL, 0, 1, 0),
(666, '1469493032', 1469493557, NULL, NULL, NULL, 1, 51, 11, NULL, 0, 1, 0),
(667, '1469493032', 1469493557, NULL, NULL, NULL, 1, 51, 12, NULL, 0, 1, 0),
(668, '1469501045', 1469501486, NULL, NULL, NULL, 1, 52, 1, NULL, 0, 1, 0),
(669, '1469501045', 1469501486, NULL, NULL, NULL, 1, 52, 2, NULL, 0, 1, 0),
(670, '1469501045', 1469501486, NULL, NULL, NULL, 1, 52, 3, NULL, 0, 1, 0),
(671, '1469501045', 1469501486, NULL, NULL, NULL, 1, 52, 4, NULL, 0, 1, 0),
(672, '1469501045', 1469501487, NULL, NULL, NULL, 1, 52, 5, NULL, 0, 1, 0),
(673, '1469501045', 1469501487, NULL, NULL, NULL, 1, 52, 6, NULL, 0, 1, 0),
(674, '1469501045', 1469501487, NULL, NULL, NULL, 1, 52, 7, NULL, 0, 1, 0),
(675, '1469501045', 1469501487, NULL, NULL, NULL, 1, 52, 8, NULL, 0, 1, 0),
(676, '1469501045', 1469501487, NULL, NULL, NULL, 1, 52, 9, NULL, 0, 1, 0),
(677, '1469501045', 1469501487, NULL, NULL, NULL, 1, 52, 10, NULL, 0, 1, 0),
(678, '1469501045', 1469501487, NULL, NULL, NULL, 1, 52, 11, NULL, 0, 1, 0),
(679, '1469501045', 1469501487, NULL, NULL, NULL, 1, 52, 12, NULL, 0, 1, 0),
(680, '1469501045', 1469501487, NULL, NULL, NULL, 1, 52, 13, NULL, 0, 1, 0),
(681, '1469501045', 1469501487, NULL, NULL, NULL, 1, 52, 14, NULL, 0, 1, 0),
(682, '1469501045', 1469501487, NULL, NULL, NULL, 1, 52, 15, NULL, 0, 1, 0),
(683, '1469501045', 1469501487, NULL, NULL, NULL, 1, 52, 16, NULL, 0, 1, 0),
(684, '1469501045', 1469501487, NULL, NULL, NULL, 1, 52, 17, NULL, 0, 1, 0),
(685, '1469501045', 1469501487, NULL, NULL, NULL, 1, 52, 18, NULL, 0, 1, 0),
(686, '1469501045', 1469501487, NULL, NULL, NULL, 1, 52, 19, NULL, 0, 1, 0),
(687, '1469501045', 1469501487, NULL, NULL, NULL, 1, 52, 20, NULL, 0, 1, 0),
(688, '1469501045', 1469501487, NULL, NULL, NULL, 1, 52, 21, NULL, 0, 1, 0),
(689, '1469501045', 1469501487, NULL, NULL, NULL, 1, 52, 22, NULL, 0, 1, 0),
(690, '1469501045', 1469501487, NULL, NULL, NULL, 1, 52, 23, NULL, 0, 1, 0),
(691, '1469501045', 1469501487, NULL, NULL, NULL, 1, 52, 24, NULL, 0, 1, 0),
(692, '1469501045', 1469501487, NULL, NULL, NULL, 1, 52, 25, NULL, 0, 1, 0),
(693, '1469501045', 1469501487, NULL, NULL, NULL, 1, 52, 26, NULL, 0, 1, 0),
(694, '1469520428', 1469521071, NULL, NULL, NULL, 1, 53, 1, NULL, 0, 1, 0),
(695, '1469520428', 1469521071, NULL, NULL, NULL, 1, 53, 2, NULL, 0, 1, 0),
(696, '1469520428', 1469521071, NULL, NULL, NULL, 1, 53, 3, NULL, 0, 1, 0),
(697, '1469520428', 1469521071, NULL, NULL, NULL, 1, 53, 4, NULL, 0, 1, 0),
(698, '1469520428', 1469521071, NULL, NULL, NULL, 1, 53, 5, NULL, 0, 1, 0),
(699, '1469520428', 1469521071, NULL, NULL, NULL, 1, 53, 6, NULL, 0, 1, 0),
(700, '1469520428', 1469521071, NULL, NULL, NULL, 1, 53, 7, NULL, 0, 1, 0),
(701, '1469520428', 1469521071, NULL, NULL, NULL, 1, 53, 8, NULL, 0, 1, 0),
(702, '1469520428', 1469521071, NULL, NULL, NULL, 1, 53, 9, NULL, 0, 1, 0),
(703, '1469520428', 1469521071, NULL, NULL, NULL, 1, 53, 10, NULL, 0, 1, 0),
(704, '1469520428', 1469521071, NULL, NULL, NULL, 1, 53, 11, NULL, 0, 1, 0),
(705, '1469520428', 1469521071, NULL, NULL, NULL, 1, 53, 12, NULL, 0, 1, 0),
(706, '1469520428', 1469521071, NULL, NULL, NULL, 1, 53, 13, NULL, 0, 1, 0),
(707, '1469520428', 1469521071, NULL, NULL, NULL, 1, 53, 14, NULL, 0, 1, 0),
(708, '1469520428', 1469521071, NULL, NULL, NULL, 1, 53, 15, NULL, 0, 1, 0),
(709, '1469520428', 1469521071, NULL, NULL, NULL, 1, 53, 16, NULL, 0, 1, 0),
(710, '1469520428', 1469521071, NULL, NULL, NULL, 1, 53, 17, NULL, 0, 1, 0),
(711, '1469520428', 1469521071, NULL, NULL, NULL, 1, 53, 18, NULL, 0, 1, 0),
(712, '1469520428', 1469521071, NULL, NULL, NULL, 1, 53, 19, NULL, 0, 1, 0),
(713, '1469520428', 1469521071, NULL, NULL, NULL, 1, 53, 20, NULL, 0, 1, 0),
(714, '1469520428', 1469521071, NULL, NULL, NULL, 1, 53, 21, NULL, 0, 1, 0),
(715, '1469520428', 1469521071, NULL, NULL, NULL, 1, 53, 22, NULL, 0, 1, 0),
(716, '1469520428', 1469521071, NULL, NULL, NULL, 1, 53, 23, NULL, 0, 1, 0),
(717, '1469520428', 1469521071, NULL, NULL, NULL, 1, 53, 24, NULL, 0, 1, 0),
(718, '1469520428', 1469521071, NULL, NULL, NULL, 1, 53, 25, NULL, 0, 1, 0),
(719, '1469520428', 1469521071, NULL, NULL, NULL, 1, 53, 26, NULL, 0, 1, 0),
(720, '1469520428', 1469521071, NULL, NULL, NULL, 1, 53, 27, NULL, 0, 1, 0),
(721, '1469520428', 1469521071, NULL, NULL, NULL, 1, 53, 28, NULL, 0, 1, 0),
(722, '1469520428', 1469521071, NULL, NULL, NULL, 1, 53, 29, NULL, 0, 1, 0),
(723, '1469520428', 1469521071, NULL, NULL, NULL, 1, 53, 30, NULL, 0, 1, 0),
(724, '1469847050', 1469847328, NULL, NULL, NULL, 1, 54, 1, NULL, 0, 1, 0),
(725, '1469847050', 1469847328, NULL, NULL, NULL, 1, 54, 2, NULL, 0, 1, 0),
(726, '1469847050', 1469847328, NULL, NULL, NULL, 1, 54, 3, NULL, 0, 1, 0),
(727, '1469847050', 1469847328, NULL, NULL, NULL, 1, 54, 4, NULL, 0, 1, 0),
(728, '1469847050', 1469847328, NULL, NULL, NULL, 1, 54, 5, NULL, 0, 1, 0),
(729, '1469847050', 1469847328, NULL, NULL, NULL, 1, 54, 6, NULL, 0, 1, 0),
(730, '1469847050', 1469847328, NULL, NULL, NULL, 1, 54, 7, NULL, 0, 1, 0),
(731, '1469847050', 1469847328, NULL, NULL, NULL, 1, 54, 8, NULL, 0, 1, 0),
(732, '1469847050', 1469847328, NULL, NULL, NULL, 1, 54, 9, NULL, 0, 1, 0),
(733, '1469847050', 1469847328, NULL, NULL, NULL, 1, 54, 10, NULL, 0, 1, 0),
(734, '1469847050', 1469847328, NULL, NULL, NULL, 1, 54, 11, NULL, 0, 1, 0),
(735, '1469847050', 1469847328, NULL, NULL, NULL, 1, 54, 12, NULL, 0, 1, 0),
(736, '1469847050', 1469847328, NULL, NULL, NULL, 1, 54, 13, NULL, 0, 1, 0),
(737, '1469847050', 1469847328, NULL, NULL, NULL, 1, 54, 14, NULL, 0, 1, 0),
(738, '1469847050', 1469847328, NULL, NULL, NULL, 1, 54, 15, NULL, 0, 1, 0),
(739, '1469847050', 1469847328, NULL, NULL, NULL, 1, 54, 16, NULL, 0, 1, 0),
(740, '1470272190', 1470272566, NULL, NULL, NULL, 1, 55, 1, NULL, 0, 1, 0),
(741, '1470272190', 1470272566, NULL, NULL, NULL, 1, 55, 2, NULL, 0, 1, 0),
(742, '1470272190', 1470272566, NULL, NULL, NULL, 1, 55, 3, NULL, 0, 1, 0),
(743, '1470272190', 1470272566, NULL, NULL, NULL, 1, 55, 4, NULL, 0, 1, 0),
(744, '1470272190', 1470272566, NULL, NULL, NULL, 1, 55, 5, NULL, 0, 1, 0),
(745, '1470272190', 1470272566, NULL, NULL, NULL, 1, 55, 6, NULL, 0, 1, 0),
(746, '1470272190', 1470272566, NULL, NULL, NULL, 1, 55, 7, NULL, 0, 1, 0),
(747, '1470272190', 1470272566, NULL, NULL, NULL, 1, 55, 8, NULL, 0, 1, 0),
(748, '1470272190', 1470272566, NULL, NULL, NULL, 1, 55, 9, NULL, 0, 1, 0),
(749, '1470272190', 1470272566, NULL, NULL, NULL, 1, 55, 10, NULL, 0, 1, 0),
(750, '1470272190', 1470272566, NULL, NULL, NULL, 1, 55, 11, NULL, 0, 1, 0),
(751, '1470272190', 1470272566, NULL, NULL, NULL, 1, 55, 12, NULL, 0, 1, 0),
(752, '1470272190', 1470272566, NULL, NULL, NULL, 1, 55, 13, NULL, 0, 1, 0),
(753, '1470272190', 1470272566, NULL, NULL, NULL, 1, 55, 14, NULL, 0, 1, 0),
(754, '1470272190', 1470272566, NULL, NULL, NULL, 1, 55, 15, NULL, 0, 1, 0),
(755, '1470272190', 1470272566, NULL, NULL, NULL, 1, 55, 16, NULL, 0, 1, 0),
(756, '1470272190', 1470272566, NULL, NULL, NULL, 1, 55, 17, NULL, 0, 1, 0),
(757, '1474855494', 1474855633, NULL, NULL, NULL, 1, 56, 1, NULL, 0, 1, 0),
(758, '1474855494', 1474855633, NULL, NULL, NULL, 1, 56, 2, NULL, 0, 1, 0),
(759, '1474855494', 1474855633, NULL, NULL, NULL, 1, 56, 3, NULL, 0, 1, 0),
(760, '1474855494', 1474855633, NULL, NULL, NULL, 1, 56, 4, NULL, 0, 1, 0),
(761, '1474855494', 1474855633, NULL, NULL, NULL, 1, 56, 5, NULL, 0, 1, 0),
(762, '1474855494', 1474855633, NULL, NULL, NULL, 1, 56, 6, NULL, 0, 1, 0),
(763, '1474855494', 1474855633, NULL, NULL, NULL, 1, 56, 7, NULL, 0, 1, 0),
(764, '1474855494', 1474855633, NULL, NULL, NULL, 1, 56, 8, NULL, 0, 1, 0),
(765, '1474855494', 1474855633, NULL, NULL, NULL, 1, 56, 9, NULL, 0, 1, 0),
(766, '1474855494', 1474855633, NULL, NULL, NULL, 1, 56, 10, NULL, 0, 1, 0),
(767, '1474855494', 1474855633, NULL, NULL, NULL, 1, 56, 11, NULL, 0, 1, 0),
(768, '1474855494', 1474855633, NULL, NULL, NULL, 1, 56, 12, NULL, 0, 1, 0),
(769, '1474855494', 1474855633, NULL, NULL, NULL, 1, 56, 13, NULL, 0, 1, 0),
(770, '1474855494', 1474855633, NULL, NULL, NULL, 1, 56, 14, NULL, 0, 1, 0),
(771, '1474855494', 1474855633, NULL, NULL, NULL, 1, 56, 15, NULL, 0, 1, 0),
(772, '1474855494', 1474855633, NULL, NULL, NULL, 1, 56, 16, NULL, 0, 1, 0),
(773, '1477272288', 1477272343, NULL, NULL, NULL, 1, 57, 1, NULL, 1, 2, NULL),
(774, '1477272288', 1477272343, NULL, NULL, NULL, 1, 57, 2, NULL, 0, 2, NULL),
(775, '1477272288', 1477272343, NULL, NULL, NULL, 1, 57, 3, NULL, 0, 2, NULL),
(776, '1477272288', 1477272343, NULL, NULL, NULL, 1, 57, 4, NULL, 0, 2, NULL),
(777, '1477272288', 1477272343, NULL, NULL, NULL, 1, 57, 5, NULL, 0, 2, NULL),
(778, '1477272288', 1477272343, NULL, NULL, NULL, 1, 57, 6, NULL, 0, 2, NULL),
(779, '1477272288', 1477272343, NULL, NULL, NULL, 1, 57, 7, NULL, 0, 2, NULL),
(780, '1477272288', 1477272343, NULL, NULL, NULL, 1, 57, 8, NULL, 0, 2, NULL),
(781, '1477272288', 1477272343, NULL, NULL, NULL, 1, 57, 9, NULL, 0, 2, NULL),
(782, '1477272288', 1477272343, NULL, NULL, NULL, 1, 57, 10, NULL, 0, 2, NULL),
(783, '1477272288', 1477272343, NULL, NULL, NULL, 1, 57, 11, NULL, 0, 2, NULL),
(784, '1477272288', 1477272343, NULL, NULL, NULL, 1, 57, 12, NULL, 0, 2, NULL),
(785, '1477272288', 1477272343, NULL, NULL, NULL, 1, 57, 13, NULL, 0, 2, NULL),
(786, '1477272288', 1477272343, NULL, NULL, NULL, 1, 57, 14, NULL, 0, 2, NULL),
(787, '1477272288', 1477272343, NULL, NULL, NULL, 1, 57, 15, NULL, 0, 2, NULL),
(788, '1477272288', 1477272343, NULL, NULL, NULL, 1, 57, 16, NULL, 0, 2, NULL),
(789, '1477272288', 1477272343, NULL, NULL, NULL, 1, 57, 17, NULL, 0, 2, NULL),
(790, '1477272288', 1477272343, NULL, NULL, NULL, 1, 57, 18, NULL, 0, 2, NULL),
(791, '1477272288', 1477272343, NULL, NULL, NULL, 1, 57, 19, NULL, 0, 2, NULL),
(792, '1477272288', 1477272343, NULL, NULL, NULL, 1, 57, 20, NULL, 0, 2, NULL),
(793, '1477272288', 1477272343, NULL, NULL, NULL, 1, 57, 21, NULL, 0, 2, NULL),
(794, '1477272288', 1477272343, NULL, NULL, NULL, 1, 57, 22, NULL, 0, 2, NULL),
(795, '1477272288', 1477272343, NULL, NULL, NULL, 1, 57, 23, NULL, 0, 1, NULL),
(796, '1477272288', 1477272343, NULL, NULL, NULL, 1, 57, 24, NULL, 0, 1, NULL),
(797, '1477272288', 1477272343, NULL, NULL, NULL, 1, 57, 25, NULL, 0, 1, NULL),
(798, '1477272288', 1477272343, NULL, NULL, NULL, 1, 57, 26, NULL, 0, 1, NULL),
(799, '1477272288', 1477272343, NULL, NULL, NULL, 1, 57, 27, NULL, 0, 1, NULL),
(800, '1477272288', 1477272343, NULL, NULL, NULL, 1, 57, 28, NULL, 0, 1, NULL),
(801, '1477272288', 1477272343, NULL, NULL, NULL, 1, 57, 29, NULL, 0, 1, NULL),
(802, '1477272288', 1477272343, NULL, NULL, NULL, 1, 57, 30, NULL, 0, 1, NULL),
(803, '1477983357', 1477983482, NULL, NULL, NULL, 1, 58, 1, NULL, 0, NULL, NULL),
(804, '1477983357', 1477983482, NULL, NULL, NULL, 1, 58, 2, NULL, 0, NULL, NULL),
(805, '1477983357', 1477983482, NULL, NULL, NULL, 1, 58, 3, NULL, 0, NULL, NULL),
(806, '1477983357', 1477983482, NULL, NULL, NULL, 1, 58, 4, NULL, 0, NULL, NULL),
(807, '1477983357', 1477983482, NULL, NULL, NULL, 1, 58, 5, NULL, 0, NULL, NULL),
(808, '1477983357', 1477983482, NULL, NULL, NULL, 1, 58, 6, NULL, 0, NULL, NULL),
(809, '1477983357', 1477983482, NULL, NULL, NULL, 1, 58, 7, NULL, 0, NULL, NULL),
(810, '1477983357', 1477983482, NULL, NULL, NULL, 1, 58, 8, NULL, 0, NULL, NULL),
(811, '1477983357', 1477983482, NULL, NULL, NULL, 1, 58, 9, NULL, 0, NULL, NULL),
(812, '1477983357', 1477983482, NULL, NULL, NULL, 1, 58, 10, NULL, 0, NULL, NULL),
(813, '1477983357', 1477983482, NULL, NULL, NULL, 1, 58, 11, NULL, 0, NULL, NULL),
(814, '1477983357', 1477983482, NULL, NULL, NULL, 1, 58, 12, NULL, 0, NULL, NULL),
(815, '1477983357', 1477983482, NULL, NULL, NULL, 1, 58, 13, NULL, 0, NULL, NULL),
(816, '1477983357', 1477983482, NULL, NULL, NULL, 1, 58, 14, NULL, 0, NULL, NULL),
(817, '1477983357', 1477983482, NULL, NULL, NULL, 1, 58, 15, NULL, 0, NULL, NULL),
(818, '1477983357', 1477983482, NULL, NULL, NULL, 1, 58, 16, NULL, 0, NULL, NULL),
(819, '1477983357', 1477983482, NULL, NULL, NULL, 1, 58, 17, NULL, 0, NULL, NULL),
(820, '1477983357', 1477983482, NULL, NULL, NULL, 1, 58, 18, NULL, 0, NULL, NULL),
(821, '1477983357', 1477983482, NULL, NULL, NULL, 1, 58, 19, NULL, 0, NULL, NULL),
(822, '1477983357', 1477983482, NULL, NULL, NULL, 1, 58, 20, NULL, 0, NULL, NULL),
(823, '1477983357', 1477983482, NULL, NULL, NULL, 1, 58, 21, NULL, 0, NULL, NULL),
(824, '1477983357', 1477983482, NULL, NULL, NULL, 1, 58, 22, NULL, 0, NULL, NULL),
(825, '1477983357', 1477983482, NULL, NULL, NULL, 1, 58, 23, NULL, 0, NULL, NULL),
(826, '1477983357', 1477983482, NULL, NULL, NULL, 1, 58, 24, NULL, 0, NULL, NULL),
(827, '1477983357', 1477983482, NULL, NULL, NULL, 1, 58, 25, NULL, 0, NULL, NULL),
(828, '1477983357', 1477983482, NULL, NULL, NULL, 1, 58, 26, NULL, 0, NULL, NULL),
(829, '1477983357', 1477983482, NULL, NULL, NULL, 1, 58, 27, NULL, 0, NULL, NULL),
(830, '1477983357', 1477983482, NULL, NULL, NULL, 1, 58, 28, NULL, 0, NULL, NULL),
(831, '1477983357', 1477983482, NULL, NULL, NULL, 1, 58, 29, NULL, 0, NULL, NULL),
(832, '1477983357', 1477983482, NULL, NULL, NULL, 1, 58, 30, NULL, 0, NULL, NULL),
(833, '1477983357', 1477983482, NULL, NULL, NULL, 1, 58, 31, NULL, 0, NULL, NULL),
(834, '1477983357', 1477983482, NULL, NULL, NULL, 1, 58, 32, NULL, 0, NULL, NULL),
(835, '1477983357', 1477983482, NULL, NULL, NULL, 1, 58, 33, NULL, 0, NULL, NULL),
(836, '1477983357', 1477983482, NULL, NULL, NULL, 1, 58, 34, NULL, 0, NULL, NULL),
(837, '1477983357', 1477983482, NULL, NULL, NULL, 1, 58, 35, NULL, 0, NULL, NULL),
(838, '1477983357', 1477983482, NULL, NULL, NULL, 1, 58, 36, NULL, 0, NULL, NULL),
(839, '1477983357', 1477983482, NULL, NULL, NULL, 1, 58, 37, NULL, 0, NULL, NULL),
(840, '1477983357', 1477983482, NULL, NULL, NULL, 1, 58, 38, NULL, 0, NULL, NULL),
(841, '1477983357', 1477983482, NULL, NULL, NULL, 1, 58, 39, NULL, 0, NULL, NULL),
(842, '1477983357', 1477983482, NULL, NULL, NULL, 1, 58, 40, NULL, 0, NULL, NULL),
(843, '1477983357', 1477983482, NULL, NULL, NULL, 1, 58, 41, NULL, 0, NULL, NULL),
(844, '1477983357', 1477983482, NULL, NULL, NULL, 1, 58, 42, NULL, 0, NULL, NULL),
(845, '1477983357', 1477983482, NULL, NULL, NULL, 1, 58, 43, NULL, 0, NULL, NULL),
(846, '1477983357', 1477983482, NULL, NULL, NULL, 1, 58, 44, NULL, 0, NULL, NULL),
(847, '1477983357', 1477983482, NULL, NULL, NULL, 1, 58, 45, NULL, 0, NULL, NULL),
(848, '1477983357', 1477983482, NULL, NULL, NULL, 1, 58, 46, NULL, 0, NULL, NULL),
(849, '1477983357', 1477983482, NULL, NULL, NULL, 1, 58, 47, NULL, 0, NULL, NULL),
(850, '1477983357', 1477983482, NULL, NULL, NULL, 1, 58, 48, NULL, 0, NULL, NULL),
(851, '1477983357', 1477983482, NULL, NULL, NULL, 1, 58, 49, NULL, 0, NULL, NULL),
(852, '1477983357', 1477983482, NULL, NULL, NULL, 1, 58, 50, NULL, 0, NULL, NULL),
(853, '1477983357', 1477983482, NULL, NULL, NULL, 1, 58, 51, NULL, 0, NULL, NULL),
(854, '1477983357', 1477983482, NULL, NULL, NULL, 1, 58, 52, NULL, 0, NULL, NULL),
(855, '1478503957', 1478504167, NULL, NULL, NULL, 1, 59, 1, NULL, 0, 0, NULL),
(856, '1478503957', 1478504167, NULL, NULL, NULL, 1, 59, 2, NULL, 0, 2, NULL),
(857, '1478503957', 1478504167, NULL, NULL, NULL, 1, 59, 3, NULL, 0, 2, NULL),
(858, '1478503957', 1478504167, NULL, NULL, NULL, 1, 59, 4, NULL, 0, 2, NULL),
(859, '1478503957', 1478504167, NULL, NULL, NULL, 1, 59, 5, NULL, 0, 2, NULL),
(860, '1478503957', 1478504167, NULL, NULL, NULL, 1, 59, 6, NULL, 0, 2, NULL),
(861, '1478503957', 1478504167, NULL, NULL, NULL, 1, 59, 7, NULL, 0, 1, NULL),
(862, '1478503957', 1478504167, NULL, NULL, NULL, 1, 59, 8, NULL, 0, 1, NULL),
(863, '1478503957', 1478504167, NULL, NULL, NULL, 1, 59, 9, NULL, 0, 0, NULL),
(864, '1478503957', 1478504167, NULL, NULL, NULL, 1, 59, 10, NULL, 0, 2, NULL),
(865, '1478503957', 1478504167, NULL, NULL, NULL, 1, 59, 11, NULL, 0, 2, NULL),
(866, '1478503957', 1478504167, NULL, NULL, NULL, 1, 59, 12, NULL, 0, 2, NULL),
(867, '1478503957', 1478504167, NULL, NULL, NULL, 1, 59, 13, NULL, 0, 2, NULL),
(868, '1478503957', 1478504167, NULL, NULL, NULL, 1, 59, 14, NULL, 0, 2, NULL),
(869, '1478503957', 1478504167, NULL, NULL, NULL, 1, 59, 15, NULL, 0, 1, NULL),
(870, '1478503957', 1478504167, NULL, NULL, NULL, 1, 59, 16, NULL, 0, 1, NULL),
(871, '1478503957', 1478504167, NULL, NULL, NULL, 1, 59, 17, NULL, 0, 0, NULL),
(872, '1478503957', 1478504167, NULL, NULL, NULL, 1, 59, 18, NULL, 0, 2, NULL),
(873, '1478503957', 1478504167, NULL, NULL, NULL, 1, 59, 19, NULL, 0, 2, NULL),
(874, '1478503957', 1478504167, NULL, NULL, NULL, 1, 59, 20, NULL, 0, 2, NULL),
(875, '1478503957', 1478504167, NULL, NULL, NULL, 1, 59, 21, NULL, 0, 2, NULL),
(876, '1478503957', 1478504167, NULL, NULL, NULL, 1, 59, 22, NULL, 0, 2, NULL),
(877, '1478503957', 1478504167, NULL, NULL, NULL, 1, 59, 23, NULL, 0, 1, NULL),
(878, '1478503957', 1478504167, NULL, NULL, NULL, 1, 59, 24, NULL, 0, 1, NULL),
(879, '1478503957', 1478504167, NULL, NULL, NULL, 1, 59, 25, NULL, 0, 0, NULL),
(880, '1478503957', 1478504167, NULL, NULL, NULL, 1, 59, 26, NULL, 0, 2, NULL),
(881, '1478503957', 1478504167, NULL, NULL, NULL, 1, 59, 27, NULL, 0, 2, NULL),
(882, '1478503957', 1478504167, NULL, NULL, NULL, 1, 59, 28, NULL, 0, 2, NULL),
(883, '1478503957', 1478504167, NULL, NULL, NULL, 1, 59, 29, NULL, 0, 2, NULL),
(884, '1478503957', 1478504167, NULL, NULL, NULL, 1, 59, 30, NULL, 0, 2, NULL),
(885, '1478503957', 1478504167, NULL, NULL, NULL, 1, 59, 31, NULL, 0, 1, NULL),
(886, '1478503957', 1478504167, NULL, NULL, NULL, 1, 59, 32, NULL, 0, 1, NULL),
(887, '1478503957', 1478504167, NULL, NULL, NULL, 1, 59, 33, NULL, 0, 0, NULL),
(888, '1478503957', 1478504167, NULL, NULL, NULL, 1, 59, 34, NULL, 0, 2, NULL),
(889, '1478503957', 1478504167, NULL, NULL, NULL, 1, 59, 35, NULL, 0, 2, NULL),
(890, '1478503957', 1478504167, NULL, NULL, NULL, 1, 59, 36, NULL, 0, 2, NULL),
(891, '1478503957', 1478504167, NULL, NULL, NULL, 1, 59, 37, NULL, 0, 2, NULL),
(892, '1478503957', 1478504167, NULL, NULL, NULL, 1, 59, 38, NULL, 0, 2, NULL),
(893, '1478503957', 1478504167, NULL, NULL, NULL, 1, 59, 39, NULL, 0, 1, NULL),
(894, '1478503957', 1478504167, NULL, NULL, NULL, 1, 59, 40, NULL, 0, 1, NULL),
(895, '1478503957', 1478504167, NULL, NULL, NULL, 1, 59, 41, NULL, 0, 0, NULL),
(896, '1478503957', 1478504167, NULL, NULL, NULL, 1, 59, 42, NULL, 0, 2, NULL),
(897, '1478503957', 1478504167, NULL, NULL, NULL, 1, 59, 43, NULL, 0, 2, NULL),
(898, '1478503957', 1478504167, NULL, NULL, NULL, 1, 59, 44, NULL, 0, 2, NULL),
(899, '1478503957', 1478504167, NULL, NULL, NULL, 1, 59, 45, NULL, 0, 2, NULL),
(900, '1478503957', 1478504167, NULL, NULL, NULL, 1, 59, 46, NULL, 0, 2, NULL),
(901, '1478503957', 1478504167, NULL, NULL, NULL, 1, 59, 47, NULL, 0, 1, NULL),
(902, '1478503957', 1478504167, NULL, NULL, NULL, 1, 59, 48, NULL, 0, 1, NULL),
(903, '1478503957', 1478504167, NULL, NULL, NULL, 1, 59, 49, NULL, 0, 0, NULL),
(904, '1478503957', 1478504167, NULL, NULL, NULL, 1, 59, 50, NULL, 0, 2, NULL),
(905, '1478503957', 1478504167, NULL, NULL, NULL, 1, 59, 51, NULL, 0, 2, NULL),
(906, '1478503957', 1478504167, NULL, NULL, NULL, 1, 59, 52, NULL, 0, 2, NULL),
(907, '1478503957', 1478504167, NULL, NULL, NULL, 1, 59, 53, NULL, 0, 2, NULL),
(908, '1478503957', 1478504167, NULL, NULL, NULL, 1, 59, 54, NULL, 0, 2, NULL),
(909, '1478503957', 1478504167, NULL, NULL, NULL, 1, 59, 55, NULL, 0, 1, NULL),
(910, '1478503957', 1478504167, NULL, NULL, NULL, 1, 59, 56, NULL, 0, 1, NULL),
(911, '1478503957', 1478504167, NULL, NULL, NULL, 1, 59, 57, NULL, 0, 0, NULL),
(912, '1478503957', 1478504167, NULL, NULL, NULL, 1, 59, 58, NULL, 0, 2, NULL),
(913, '1478503957', 1478504167, NULL, NULL, NULL, 1, 59, 59, NULL, 0, 2, NULL),
(914, '1478503957', 1478504167, NULL, NULL, NULL, 1, 59, 60, NULL, 0, 2, NULL),
(915, '1478503957', 1478504167, NULL, NULL, NULL, 1, 59, 61, NULL, 0, 2, NULL),
(916, '1478503957', 1478504167, NULL, NULL, NULL, 1, 59, 62, NULL, 0, 2, NULL),
(917, '1478503957', 1478504167, NULL, NULL, NULL, 1, 59, 63, NULL, 0, 1, NULL),
(918, '1478503957', 1478504167, NULL, NULL, NULL, 1, 59, 64, NULL, 0, 1, NULL),
(919, '1478655872', 1478656525, NULL, NULL, NULL, 1, 60, 1, NULL, 0, 0, NULL),
(920, '1478655872', 1478656525, '1478655872', 1478738048, NULL, 1, 60, 2, NULL, 0, 2, NULL),
(921, '1478655872', 1478656525, NULL, NULL, NULL, 1, 60, 3, NULL, 0, 2, NULL),
(922, '1478655872', 1478656525, NULL, NULL, NULL, 1, 60, 4, NULL, 0, 2, NULL),
(923, '1478655872', 1478656525, NULL, NULL, NULL, 1, 60, 5, NULL, 0, 2, NULL),
(924, '1478655872', 1478656525, NULL, NULL, NULL, 1, 60, 6, NULL, 0, 2, NULL),
(925, '1478655872', 1478656525, NULL, NULL, NULL, 1, 60, 7, NULL, 0, 1, NULL),
(926, '1478655872', 1478656525, NULL, NULL, NULL, 1, 60, 8, NULL, 0, 1, NULL),
(927, '1478655872', 1478656525, NULL, NULL, NULL, 1, 60, 9, NULL, 0, 0, NULL),
(928, '1478655872', 1478656525, NULL, NULL, NULL, 1, 60, 10, NULL, 0, 2, NULL),
(929, '1478655872', 1478656525, NULL, NULL, NULL, 1, 60, 11, NULL, 0, 2, NULL),
(930, '1478655872', 1478656525, NULL, NULL, NULL, 1, 60, 12, NULL, 0, 2, NULL),
(931, '1478655872', 1478656525, NULL, NULL, NULL, 1, 60, 13, NULL, 0, 2, NULL),
(932, '1478655872', 1478656525, NULL, NULL, NULL, 1, 60, 14, NULL, 0, 2, NULL),
(933, '1478655872', 1478656525, NULL, NULL, NULL, 1, 60, 15, NULL, 0, 1, NULL),
(934, '1478655872', 1478656525, NULL, NULL, NULL, 1, 60, 16, NULL, 0, 1, NULL),
(935, '1478655872', 1478656525, '1478655872', 1478738272, NULL, 1, 60, 17, NULL, 0, 0, NULL),
(936, '1478655872', 1478656525, NULL, NULL, NULL, 1, 60, 18, NULL, 0, 2, NULL),
(937, '1478655872', 1478656525, NULL, NULL, NULL, 1, 60, 19, NULL, 0, 2, NULL),
(938, '1478655872', 1478656525, NULL, NULL, NULL, 1, 60, 20, NULL, 0, 2, NULL),
(939, '1478655872', 1478656525, NULL, NULL, NULL, 1, 60, 21, NULL, 0, 2, NULL),
(940, '1478655872', 1478656525, NULL, NULL, NULL, 1, 60, 22, NULL, 0, 2, NULL),
(941, '1478655872', 1478656525, NULL, NULL, NULL, 1, 60, 23, NULL, 0, 1, NULL),
(942, '1478655872', 1478656525, NULL, NULL, NULL, 1, 60, 24, NULL, 0, 1, NULL),
(943, '1478655872', 1478656525, NULL, NULL, NULL, 1, 60, 25, NULL, 0, 0, NULL),
(944, '1478655872', 1478656525, NULL, NULL, NULL, 1, 60, 26, NULL, 0, 2, NULL),
(945, '1478655872', 1478656525, NULL, NULL, NULL, 1, 60, 27, NULL, 0, 2, NULL),
(946, '1478655872', 1478656525, NULL, NULL, NULL, 1, 60, 28, NULL, 0, 2, NULL),
(947, '1478655872', 1478656525, NULL, NULL, NULL, 1, 60, 29, NULL, 0, 2, NULL),
(948, '1478655872', 1478656525, NULL, NULL, NULL, 1, 60, 30, NULL, 0, 2, NULL),
(949, '1478655872', 1478656525, NULL, NULL, NULL, 1, 60, 31, NULL, 0, 1, NULL),
(950, '1478655872', 1478656525, NULL, NULL, NULL, 1, 60, 32, NULL, 0, 1, NULL),
(951, '1478655872', 1478656525, NULL, NULL, NULL, 1, 60, 33, NULL, 0, 0, NULL),
(952, '1478655872', 1478656525, NULL, NULL, NULL, 1, 60, 34, NULL, 0, 2, NULL),
(953, '1478655872', 1478656525, NULL, NULL, NULL, 1, 60, 35, NULL, 0, 2, NULL),
(954, '1478655872', 1478656525, NULL, NULL, NULL, 1, 60, 36, NULL, 0, 2, NULL),
(955, '1478655872', 1478656525, NULL, NULL, NULL, 1, 60, 37, NULL, 0, 2, NULL),
(956, '1478655872', 1478656525, NULL, NULL, NULL, 1, 60, 38, NULL, 0, 2, NULL),
(957, '1478655872', 1478656525, NULL, NULL, NULL, 1, 60, 39, NULL, 0, 1, NULL),
(958, '1478655872', 1478656525, NULL, NULL, NULL, 1, 60, 40, NULL, 0, 1, NULL),
(959, '1478655872', 1478656525, NULL, NULL, NULL, 1, 60, 41, NULL, 0, 0, NULL),
(960, '1478655872', 1478656525, NULL, NULL, NULL, 1, 60, 42, NULL, 0, 2, NULL),
(961, '1478655872', 1478656525, NULL, NULL, NULL, 1, 60, 43, NULL, 0, 2, NULL),
(962, '1478655872', 1478656525, NULL, NULL, NULL, 1, 60, 44, NULL, 0, 2, NULL),
(963, '1478655872', 1478656525, NULL, NULL, NULL, 1, 60, 45, NULL, 0, 2, NULL),
(964, '1478655872', 1478656525, NULL, NULL, NULL, 1, 60, 46, NULL, 0, 2, NULL),
(965, '1478655872', 1478656525, NULL, NULL, NULL, 1, 60, 47, NULL, 0, 1, NULL),
(966, '1478655872', 1478656525, NULL, NULL, NULL, 1, 60, 48, NULL, 0, 1, NULL),
(967, '1478655872', 1478656525, NULL, NULL, NULL, 1, 60, 49, NULL, 0, 0, NULL),
(968, '1478655872', 1478656525, NULL, NULL, NULL, 1, 60, 50, NULL, 0, 2, NULL),
(969, '1478655872', 1478656525, NULL, NULL, NULL, 1, 60, 51, NULL, 0, 2, NULL),
(970, '1478655872', 1478656525, NULL, NULL, NULL, 1, 60, 52, NULL, 0, 2, NULL),
(971, '1478655872', 1478656525, NULL, NULL, NULL, 1, 60, 53, NULL, 0, 2, NULL),
(972, '1478655872', 1478656525, NULL, NULL, NULL, 1, 60, 54, NULL, 0, 2, NULL),
(973, '1478655872', 1478656525, NULL, NULL, NULL, 1, 60, 55, NULL, 0, 1, NULL),
(974, '1478655872', 1478656525, NULL, NULL, NULL, 1, 60, 56, NULL, 0, 1, NULL),
(975, '1478655872', 1478656525, NULL, NULL, NULL, 1, 60, 57, NULL, 0, 0, NULL),
(976, '1478655872', 1478656525, NULL, NULL, NULL, 1, 60, 58, NULL, 0, 2, NULL),
(977, '1478655872', 1478656525, NULL, NULL, NULL, 1, 60, 59, NULL, 0, 2, NULL),
(978, '1478655872', 1478656525, NULL, NULL, NULL, 1, 60, 60, NULL, 0, 2, NULL),
(979, '1478655872', 1478656525, NULL, NULL, NULL, 1, 60, 61, NULL, 0, 2, NULL),
(980, '1478655872', 1478656525, NULL, NULL, NULL, 1, 60, 62, NULL, 0, 2, NULL),
(981, '1478655872', 1478656525, NULL, NULL, NULL, 1, 60, 63, NULL, 0, 1, NULL),
(982, '1478655872', 1478656525, NULL, NULL, NULL, 1, 60, 64, NULL, 0, 1, NULL),
(995, '1479171844', 1479172339, NULL, NULL, NULL, 1, 62, 1, NULL, 0, 0, NULL),
(996, '1479171844', 1479172339, NULL, NULL, NULL, 1, 62, 2, NULL, 0, 2, NULL),
(997, '1479171844', 1479172339, NULL, NULL, NULL, 1, 62, 3, NULL, 0, 2, NULL),
(998, '1479171844', 1479172339, NULL, NULL, NULL, 1, 62, 4, NULL, 0, 2, NULL),
(999, '1479171844', 1479172339, NULL, NULL, NULL, 1, 62, 5, NULL, 0, 2, NULL),
(1000, '1479171844', 1479172339, NULL, NULL, NULL, 1, 62, 6, NULL, 0, 2, NULL),
(1001, '1479171844', 1479172339, NULL, NULL, NULL, 1, 62, 7, NULL, 0, 1, NULL),
(1002, '1479171844', 1479172339, NULL, NULL, NULL, 1, 62, 8, NULL, 0, 1, NULL),
(1003, '1479171844', 1479172339, NULL, NULL, NULL, 1, 62, 9, NULL, 0, 0, NULL),
(1004, '1479171844', 1479172339, NULL, NULL, NULL, 1, 62, 10, NULL, 0, 0, NULL),
(1005, '1479171844', 1479172339, NULL, NULL, NULL, 1, 62, 11, NULL, 0, 1, NULL),
(1006, '1479171844', 1479172339, NULL, NULL, NULL, 1, 62, 12, NULL, 0, 1, NULL),
(1007, '1479171844', 1479172339, NULL, NULL, NULL, 1, 62, 13, NULL, 0, 0, NULL),
(1008, '1479171844', 1479172339, NULL, NULL, NULL, 1, 62, 14, NULL, 0, 2, NULL),
(1009, '1479171844', 1479172339, NULL, NULL, NULL, 1, 62, 15, NULL, 0, 2, NULL),
(1010, '1479171844', 1479172339, NULL, NULL, NULL, 1, 62, 16, NULL, 0, 2, NULL),
(1011, '1479171844', 1479172339, NULL, NULL, NULL, 1, 62, 17, NULL, 0, 2, NULL),
(1012, '1479171844', 1479172339, NULL, NULL, NULL, 1, 62, 18, NULL, 0, 2, NULL),
(1013, '1479171844', 1479172339, NULL, NULL, NULL, 1, 62, 19, NULL, 0, 1, NULL),
(1014, '1479171844', 1479172339, NULL, NULL, NULL, 1, 62, 20, NULL, 0, 1, NULL),
(1015, '1479171844', 1479172339, NULL, NULL, NULL, 1, 62, 21, NULL, 0, 0, NULL),
(1016, '1479171844', 1479172339, NULL, NULL, NULL, 1, 62, 22, NULL, 0, 2, NULL),
(1017, '1479171844', 1479172339, NULL, NULL, NULL, 1, 62, 23, NULL, 0, 2, NULL),
(1018, '1479171844', 1479172339, NULL, NULL, NULL, 1, 62, 24, NULL, 0, 2, NULL),
(1019, '1479171844', 1479172339, NULL, NULL, NULL, 1, 62, 25, NULL, 0, 2, NULL),
(1020, '1479171844', 1479172339, NULL, NULL, NULL, 1, 62, 26, NULL, 0, 2, NULL),
(1021, '1479171844', 1479172339, NULL, NULL, NULL, 1, 62, 27, NULL, 0, 1, NULL),
(1022, '1479171844', 1479172339, NULL, NULL, NULL, 1, 62, 28, NULL, 0, 1, NULL);

-- --------------------------------------------------------

--
-- Table structure for table `wf_sys_boxconfig`
--

DROP TABLE IF EXISTS `wf_sys_boxconfig`;
CREATE TABLE IF NOT EXISTS `wf_sys_boxconfig` (
  `id` int(11) NOT NULL AUTO_INCREMENT,
  `createuser` varchar(50) DEFAULT NULL,
  `createtime` int(11) DEFAULT NULL,
  `updateuser` varchar(50) DEFAULT NULL,
  `updatetime` int(11) DEFAULT NULL,
  `boxid` int(11) DEFAULT NULL,
  `productid` int(11) DEFAULT NULL,
  `maxcapacity` int(3) DEFAULT NULL,
  `onhand` int(3) DEFAULT NULL,
  `xoffset` int(5) DEFAULT NULL,
  `validity` int(1) DEFAULT NULL,
  `vld` varchar(8) DEFAULT NULL,
  PRIMARY KEY (`id`)
) ENGINE=MyISAM  DEFAULT CHARSET=utf8 COMMENT='柜子配置信息' AUTO_INCREMENT=480 ;

-- --------------------------------------------------------

--
-- Table structure for table `wf_sys_boxrecord`
--

DROP TABLE IF EXISTS `wf_sys_boxrecord`;
CREATE TABLE IF NOT EXISTS `wf_sys_boxrecord` (
  `id` int(11) NOT NULL AUTO_INCREMENT,
  `createuser` varchar(50) DEFAULT NULL,
  `createtime` int(11) DEFAULT NULL,
  `updateuser` varchar(50) DEFAULT NULL,
  `updatetime` int(11) DEFAULT NULL,
  `boxid` int(11) DEFAULT NULL,
  `orderid` int(11) DEFAULT NULL,
  `tid` varchar(50) DEFAULT NULL,
  `operateuser` varchar(50) DEFAULT NULL,
  `operatetype` int(2) DEFAULT NULL,
  `operatetime` int(11) DEFAULT NULL,
  `remark` varchar(500) DEFAULT NULL,
  PRIMARY KEY (`id`)
) ENGINE=MyISAM  DEFAULT CHARSET=utf8 COMMENT='柜箱使用记录' AUTO_INCREMENT=1952 ;

--
-- Dumping data for table `wf_sys_boxrecord`
--

INSERT INTO `wf_sys_boxrecord` (`id`, `createuser`, `createtime`, `updateuser`, `updatetime`, `boxid`, `orderid`, `tid`, `operateuser`, `operatetype`, `operatetime`, `remark`) VALUES
(1815, '1477272288', 1477276714, NULL, NULL, 773, 82, '1010861024103833321', '18913614962', 21, 1477276714, 'User put the item into the 1 cabinet.'),
(1816, '1477272288', 1477277326, NULL, NULL, 773, 82, '1027031024104845816', '001', 22, 1477277326, 'Courier remove the item from the 1 cabinet.'),
(1817, '1477272288', 1477277554, NULL, NULL, 795, 83, '1032911024105233996', '001', 23, 1477277554, 'Courier put the item into the 23 cabinet.'),
(1818, '1477272288', 1477277685, NULL, NULL, 795, 83, '1002801024105443074', '18913614962', 24, 1477277685, 'User remove the clothes from the 23 cabinet.'),
(1819, '1477272288', 1477278006, NULL, NULL, 773, 84, '1010861024110006321', '18913614962', 21, 1477278006, 'User put the item into the 1 cabinet.'),
(1820, '1477272288', 1477278126, NULL, NULL, 773, 84, '1010901024110206322', '001', 22, 1477278126, 'Courier remove the item from the 1 cabinet.'),
(1821, '1477272288', 1477278198, NULL, NULL, 795, 85, '1031041024110317939', '001', 23, 1477278198, 'Courier put the item into the 23 cabinet.'),
(1822, '1477272288', 1477278208, NULL, NULL, 796, 85, '1002601024110328068', '001', 23, 1477278208, 'Courier put the item into the 24 cabinet.'),
(1823, '1477272288', 1477278271, NULL, NULL, 796, 85, '1032781024110430992', '18913614962', 24, 1477278271, 'User remove the clothes from the 24 cabinet.'),
(1824, '1477272288', 1477278318, NULL, NULL, 795, 85, '1028891024110516873', '18913614962', 24, 1477278318, 'User remove the clothes from the 23 cabinet.'),
(1825, '1477272288', 1477279340, NULL, NULL, 773, 86, '1032161024112219973', '18913614962', 21, 1477279340, 'User put the item into the 1 cabinet.'),
(1826, '1477272288', 1477286127, NULL, NULL, 773, 86, '1002701024131528071', '001', 22, 1477286127, 'Courier remove the item from the 1 cabinet.'),
(1827, '1477272288', 1477286172, NULL, NULL, 773, 86, '1012861024131612382', '001', 22, 1477286172, 'Courier remove the item from the 1 cabinet.'),
(1828, '1477272288', 1477286321, NULL, NULL, 773, 87, '1006981024131841202', '13706228705', 21, 1477286321, 'User put the item into the 1 cabinet.'),
(1829, '1477272288', 1477286743, NULL, NULL, 773, 87, '1013511024132543402', '001', 22, 1477286743, 'Courier remove the item from the 1 cabinet.'),
(1830, '1477272288', 1477287151, NULL, NULL, 773, 88, '1016611024133231497', '13706228705', 21, 1477287151, 'User put the item into the 1 cabinet.'),
(1831, '1477272288', 1477287232, NULL, NULL, 773, 88, '1028431024133352859', '001', 22, 1477287232, 'Courier remove the item from the 1 cabinet.'),
(1832, '1477272288', 1477287249, NULL, NULL, 773, 89, '1032551024133409985', '001', 23, 1477287249, 'Courier put the item into the 1 cabinet.'),
(1833, '1477272288', 1477287297, NULL, NULL, 773, 89, '1001721024133454041', '13706228705', 24, 1477287297, 'User remove the clothes from the 1 cabinet.'),
(1834, '1477272288', 1477289254, NULL, NULL, 773, 90, '1026571024140734802', '13706228212', 21, 1477289254, 'User put the item into the 1 cabinet.'),
(1835, '1477272288', 1477289292, NULL, NULL, 773, 90, '1012371024140813367', '001', 22, 1477289292, 'Courier remove the item from the 1 cabinet.'),
(1836, '1477272288', 1477289415, NULL, NULL, 773, 91, '1005441024141016155', '001', 23, 1477289415, 'Courier put the item into the 1 cabinet.'),
(1837, '1477272288', 1477289456, NULL, NULL, 773, 91, '1024251024141056731', '13706228212', 24, 1477289456, 'User remove the clothes from the 1 cabinet.'),
(1838, '1477272288', 1477289585, NULL, NULL, 773, 92, '1017101024141305512', '13706228212', 21, 1477289585, 'User put the item into the 1 cabinet.'),
(1839, '1477272288', 1477289616, NULL, NULL, 773, 92, '1027581024141336833', '001', 22, 1477289616, 'Courier remove the item from the 1 cabinet.'),
(1840, '1477272288', 1477289694, NULL, NULL, 773, 93, '1005481024141455156', '001', 23, 1477289694, 'Courier put the item into the 1 cabinet.'),
(1841, '1477272288', 1477289901, NULL, NULL, 773, 93, '1015341024141822458', '13706228212', 24, 1477289901, 'User remove the clothes from the 1 cabinet.'),
(1842, '1477272288', 1477290679, NULL, NULL, 773, 94, '1004401024143119123', '13706228705', 21, 1477290679, 'User put the item into the 1 cabinet.'),
(1843, '1477272288', 1477290759, NULL, NULL, 773, 94, '1010471024143238309', '001', 22, 1477290759, 'Courier remove the item from the 1 cabinet.'),
(1844, '1477272288', 1477290834, NULL, NULL, 773, 95, '1024191024143353729', '001', 23, 1477290834, 'Courier put the item into the 1 cabinet.'),
(1845, '1477272288', 1477290883, NULL, NULL, 773, 95, '1012731024143443378', '13706228705', 24, 1477290883, 'User remove the clothes from the 1 cabinet.'),
(1846, '1477272288', 1477291120, NULL, NULL, 773, 96, '1024451024143839737', '18913614962', 21, 1477291120, 'User put the item into the 1 cabinet.'),
(1847, '1477272288', 1477291264, NULL, NULL, 773, 96, '1013281024144104395', '001', 22, 1477291264, 'Courier remove the item from the 1 cabinet.'),
(1848, '1477272288', 1477291355, NULL, NULL, 773, 97, '1021971024144234661', '001', 23, 1477291355, 'Courier put the item into the 1 cabinet.'),
(1849, '1477272288', 1477291386, NULL, NULL, 773, 97, '1003941024144306109', '18913614962', 24, 1477291386, 'User remove the clothes from the 1 cabinet.'),
(1850, '1477983357', 1477985119, NULL, NULL, 804, 98, '1002601101152519068', 'charge', 23, 1477985119, 'Courier put the item into the 2 cabinet.'),
(1851, '1477983357', 1477985171, NULL, NULL, 804, 98, '1009461101152611278', '18913614962', 24, 1477985171, 'User remove the clothes from the 2 cabinet.'),
(1852, '1477983357', 1477989567, NULL, NULL, 803, 99, '1028761101163927869', 'charge', 23, 1477989567, 'Courier put the item into the 1 cabinet.'),
(1853, '1477983357', 1477989655, NULL, NULL, 803, 99, '1006681101164055193', '18913614962', 24, 1477989655, 'User remove the clothes from the 1 cabinet.'),
(1854, '1477983357', 1478046706, NULL, NULL, 804, 100, '1017001102083147509', 'charge', 23, 1478046706, 'Courier put the item into the 2 cabinet.'),
(1855, '1477983357', 1478046748, NULL, NULL, 804, 100, '1017431102083229522', '18913614962', 24, 1478046748, 'User remove the clothes from the 2 cabinet.'),
(1856, '1477983357', 1478065990, NULL, NULL, 804, 101, '1026411102135312797', 'charge', 23, 1478065990, 'Courier put the item into the 2 cabinet.'),
(1857, '1477983357', 1478066028, NULL, NULL, 804, 101, '1006681102135351193', '18913614962', 24, 1478066028, 'User remove the clothes from the 2 cabinet.'),
(1858, '1477983357', 1478069402, NULL, NULL, 804, 102, '1006721102145005194', 'charge', 23, 1478069402, 'Courier put the item into the 2 cabinet.'),
(1859, '1477983357', 1478069431, NULL, NULL, 803, 103, '1029151102145031881', 'charge', 23, 1478069431, 'Courier put the item into the 1 cabinet.'),
(1860, '1477983357', 1478069457, NULL, NULL, 809, 104, '1023831102145100718', 'charge', 23, 1478069457, 'Courier put the item into the 7 cabinet.'),
(1861, '1477983357', 1478069559, NULL, NULL, 809, 104, '1023171102145238698', '15624388500', 24, 1478069559, 'User remove the clothes from the 7 cabinet.'),
(1862, '1477272288', 1478266107, NULL, NULL, 773, 105, '1010701104212827316', '606373638', 21, 1478266107, 'User put the item into the 1 cabinet.'),
(1863, '1477272288', 1478266571, NULL, NULL, 773, 105, '1022201104213610668', '606373638', 22, 1478266571, 'Courier remove the item from the 1 cabinet.'),
(1864, '1477272288', 1478266903, NULL, NULL, 795, 106, '1019751104214143593', '606373638', 23, 1478266903, 'Courier put the item into the 23 cabinet.'),
(1865, '1477272288', 1478267295, NULL, NULL, 795, 106, '1013671104214815407', '606373638', 24, 1478267295, 'User remove the clothes from the 23 cabinet.'),
(1866, '1478503957', 1478572478, NULL, NULL, 856, 107, '1011651107183438345', '02', 23, 1478572478, 'Courier put the item into the 2 cabinet.'),
(1867, '1478503957', 1478574969, NULL, NULL, 856, 107, '1025001107191609754', '', 24, 1478574969, 'User remove the clothes from the 2 cabinet.'),
(1868, '1478503957', 1478575167, NULL, NULL, 861, 108, '1023601107191927711', '18913614962', 24, 1478575167, 'User remove the clothes from the 7 cabinet.'),
(1869, '1478503957', 1478584710, NULL, NULL, 861, 109, '1023761107215830716', '02', 23, 1478584710, 'Courier put the item into the 7 cabinet.'),
(1870, '1478503957', 1478584774, NULL, NULL, 861, 109, '1032221107215934975', '18913614962', 24, 1478584774, 'User remove the clothes from the 7 cabinet.'),
(1871, '1478503957', 1478586197, NULL, NULL, 856, 110, '1005341107222318152', '02', 23, 1478586197, 'Courier put the item into the 2 cabinet.'),
(1872, '1478503957', 1478586232, NULL, NULL, 856, 110, '1020501107222353616', '13706228536', 24, 1478586232, 'User remove the clothes from the 2 cabinet.'),
(1873, '1478503957', 1478588045, NULL, NULL, 855, 111, '1030231107225405914', '02', 23, 1478588045, 'Courier put the item into the 1 cabinet.'),
(1874, '1478503957', 1478588062, NULL, NULL, 863, 112, '1018211107225423546', '02', 23, 1478588062, 'Courier put the item into the 9 cabinet.'),
(1875, '1478503957', 1478588200, NULL, NULL, 855, 111, '1002081107225641052', '18913614962', 24, 1478588200, 'User remove the clothes from the 1 cabinet.'),
(1876, '1478503957', 1478591209, NULL, NULL, 863, 112, '1011841107234649351', '13706228705', 24, 1478591209, 'User remove the clothes from the 9 cabinet.'),
(1877, '1478503957', 1478591287, NULL, NULL, 861, 113, '1020951107234807630', '02', 23, 1478591287, 'Courier put the item into the 7 cabinet.'),
(1878, '1478503957', 1478591328, NULL, NULL, 861, 113, '1017261107234848517', '18913614962', 24, 1478591328, 'User remove the clothes from the 7 cabinet.'),
(1879, '1478503957', 1478592057, NULL, NULL, 856, 114, '1015791108000057472', '02', 23, 1478592057, 'Courier put the item into the 2 cabinet.'),
(1880, '1478503957', 1478592276, NULL, NULL, 856, 114, '1012401108000435368', '18913614962', 24, 1478592276, 'User remove the clothes from the 2 cabinet.'),
(1881, '1478503957', 1478592341, NULL, NULL, 856, 115, '1030461108000541921', '02', 23, 1478592341, 'Courier put the item into the 2 cabinet.'),
(1882, '1478503957', 1478592420, NULL, NULL, 856, 115, '1006951108000657201', '18913614962', 24, 1478592420, 'User remove the clothes from the 2 cabinet.'),
(1883, '1478503957', 1478594556, NULL, NULL, 856, 116, '1027751108004236838', '01', 23, 1478594556, 'Courier put the item into the 2 cabinet.'),
(1884, '1478503957', 1478594572, NULL, NULL, 857, 117, '1022491108004252677', '01', 23, 1478594572, 'Courier put the item into the 3 cabinet.'),
(1885, '1478503957', 1478594597, NULL, NULL, 856, 116, '1009791108004317288', '01', 25, 1478594597, 'Courier remove the item from the 2 cabinet(return step).'),
(1886, '1478503957', 1478594734, NULL, NULL, 857, 117, '1014751108004534440', '18913614962', 24, 1478594734, 'User remove the clothes from the 3 cabinet.'),
(1887, '1478503957', 1478652891, NULL, NULL, 856, 118, '1018671108165450560', '01', 23, 1478652891, 'Courier put the item into the 2 cabinet.'),
(1888, '1478503957', 1478653283, NULL, NULL, 856, 118, '1019551109090122587', '18913614962', 24, 1478653283, 'User remove the clothes from the 2 cabinet.'),
(1889, '1478503957', 1478653705, NULL, NULL, 877, 119, '1024811109090824748', '01', 23, 1478653705, 'Courier put the item into the 23 cabinet.'),
(1890, '1478503957', 1478653745, NULL, NULL, 878, 120, '1003391109090904092', '01', 23, 1478653745, 'Courier put the item into the 24 cabinet.'),
(1891, '1478503957', 1478654148, NULL, NULL, 878, 120, '1007271109091547211', '13706228705', 24, 1478654148, 'User remove the clothes from the 24 cabinet.'),
(1892, '1478503957', 1478654269, NULL, NULL, 877, 119, '1025951109091748783', '18913614962', 24, 1478654269, 'User remove the clothes from the 23 cabinet.'),
(1893, '1478655872', 1478658188, NULL, NULL, 919, 121, '1023700829033719714', '01', 23, 1478658188, 'Courier put the item into the 1 cabinet.'),
(1894, '1478655872', 1478658282, NULL, NULL, 919, 121, '1014620829033853436', '18913614962', 24, 1478658282, 'User remove the clothes from the 1 cabinet.'),
(1895, '1478660487', 1478661415, NULL, NULL, 985, 122, '1015501109111655463', 'charge', 23, 1478661415, 'Courier put the item into the 3 cabinet.'),
(1896, '1478660487', 1478661688, NULL, NULL, 985, 122, '1005381109112128153', '18913614962', 24, 1478661688, 'User remove the clothes from the 3 cabinet.'),
(1897, 'boxError', 1478738048, NULL, NULL, 920, NULL, NULL, '1478655872', 14, 1478738048, 'open or close the door is error.'),
(1898, 'boxError', 1478738272, NULL, NULL, 935, NULL, NULL, '1478655872', 14, 1478738272, 'open or close the door is error.'),
(1899, '1478655872', 1478738287, NULL, NULL, 943, 123, '1025070830015217756', '01', 23, 1478738287, 'Courier put the item into the 25 cabinet.'),
(1900, '1478655872', 1478738394, NULL, NULL, 943, 123, '1006520830015404188', '18913614962', 24, 1478738394, 'User remove the clothes from the 25 cabinet.'),
(1901, '1478655872', 1478738536, NULL, NULL, 935, 124, '1020330830015626611', '01', 23, 1478738536, 'Courier put the item into the 17 cabinet.'),
(1902, '1478655872', 1478739468, NULL, NULL, 935, 124, '1007500830021158218', '18913614962', 24, 1478739468, 'User remove the clothes from the 17 cabinet.'),
(1903, '1478655872', 1478740196, NULL, NULL, 935, 125, '1008090830022406236', '01', 23, 1478740196, 'Courier put the item into the 17 cabinet.'),
(1904, '1478655872', 1478740410, NULL, NULL, 935, 125, '1020890830022740628', '18913614962', 24, 1478740410, 'User remove the clothes from the 17 cabinet.'),
(1905, '1478655872', 1478743001, NULL, NULL, 935, 126, '1030260830031051915', '01', 23, 1478743001, 'Courier put the item into the 17 cabinet.'),
(1906, '1478655872', 1478743224, NULL, NULL, 935, 126, '1032450830031434982', '18913614962', 24, 1478743224, 'User remove the clothes from the 17 cabinet.'),
(1907, '1478655872', 1478743620, NULL, NULL, 920, 127, '1022850830032110688', '02', 23, 1478743620, 'Courier put the item into the 2 cabinet.'),
(1908, '1478655872', 1478743689, NULL, NULL, 920, 127, '1010900830032220322', '18913614962', 24, 1478743689, 'User remove the clothes from the 2 cabinet.'),
(1909, '1478503957', 1478744386, NULL, NULL, 871, 128, '1032611110101901987', '01', 23, 1478744386, 'Courier put the item into the 17 cabinet.'),
(1910, '1478503957', 1478744571, NULL, NULL, 871, 128, '1026471110102206799', '18913614962', 24, 1478744571, 'User remove the clothes from the 17 cabinet.'),
(1911, '1478503957', 1478758268, NULL, NULL, 855, 129, '1028821110141024871', '01', 23, 1478758268, 'Courier put the item into the 1 cabinet.'),
(1912, '1478503957', 1478758339, NULL, NULL, 855, 129, '1021381110141135643', '18913614962', 24, 1478758339, 'User remove the clothes from the 1 cabinet.'),
(1913, '1478503957', 1478758467, NULL, NULL, 855, 130, '1031181110141343943', '01', 23, 1478758467, 'Courier put the item into the 1 cabinet.'),
(1914, '1478503957', 1478758522, NULL, NULL, 855, 130, '1025041110141438755', '18913614962', 24, 1478758522, 'User remove the clothes from the 1 cabinet.'),
(1915, '1478503957', 1478758590, NULL, NULL, 855, 131, '1007661110141547223', '01', 23, 1478758590, 'Courier put the item into the 1 cabinet.'),
(1916, '1478503957', 1478758647, NULL, NULL, 855, 131, '1017391110141644521', '18913614962', 24, 1478758647, 'User remove the clothes from the 1 cabinet.'),
(1917, '1478503957', 1478758714, NULL, NULL, 855, 132, '1008221110141751240', '01', 23, 1478758714, 'Courier put the item into the 1 cabinet.'),
(1918, '1478503957', 1478758762, NULL, NULL, 855, 132, '1017071110141839511', '18913614962', 24, 1478758762, 'User remove the clothes from the 1 cabinet.'),
(1919, '1469493032', 1478763044, NULL, NULL, 658, 133, '1008451110153106247', 'charge', 23, 1478763044, 'Courier put the item into the 3 cabinet.'),
(1920, '1469493032', 1478763228, NULL, NULL, 656, 134, '1023041110153409694', 'charge', 23, 1478763228, 'Courier put the item into the 1 cabinet.'),
(1921, '1469493032', 1478763411, NULL, NULL, 656, 134, '1027781110153712839', 'charge', 25, 1478763411, 'Courier remove the item from the 1 cabinet(return step).'),
(1922, '1469493032', 1478763418, NULL, NULL, 658, 133, '1013841110153716412', 'charge', 25, 1478763418, 'Courier remove the item from the 3 cabinet(return step).'),
(1923, '1469493032', 1478763531, NULL, NULL, 658, 135, '1024681110153912744', 'charge', 23, 1478763531, 'Courier put the item into the 3 cabinet.'),
(1924, '1469493032', 1478764401, NULL, NULL, 658, 135, '1032061110155319970', '40730069233', 24, 1478764401, 'User remove the clothes from the 3 cabinet.'),
(1925, '1469493032', 1478764591, NULL, NULL, 662, 136, '1030361110155629918', 'charge', 23, 1478764591, 'Courier put the item into the 7 cabinet.'),
(1926, '1469493032', 1478764719, NULL, NULL, 662, 136, '1031341110155837948', '0730069233', 24, 1478764719, 'User remove the clothes from the 7 cabinet.'),
(1927, '1469493032', 1478764784, NULL, NULL, 658, 137, '1001201110155943025', 'charge', 23, 1478764784, 'Courier put the item into the 3 cabinet.'),
(1928, '1469493032', 1478764954, NULL, NULL, 658, 137, '1023701110160232714', '730069233', 24, 1478764954, 'User remove the clothes from the 3 cabinet.'),
(1929, '1477272288', 1478773959, NULL, NULL, 773, 138, '1003551110113255097', '625061440', 21, 1478773959, 'User put the item into the 1 cabinet.'),
(1930, '1477272288', 1478774060, NULL, NULL, 773, 138, '1026931110113436813', '606373638', 22, 1478774060, 'Courier remove the item from the 1 cabinet.'),
(1931, '1477272288', 1478774129, NULL, NULL, 773, 139, '1013311110113545396', '606373638', 23, 1478774129, 'Courier put the item into the 1 cabinet.'),
(1932, '1477272288', 1478774155, NULL, NULL, 773, 139, '1026771110113611808', '625061440', 24, 1478774155, 'User remove the clothes from the 1 cabinet.'),
(1933, '1477272288', 1478774245, NULL, NULL, 773, 140, '1016871110113741505', '625061440', 21, 1478774245, 'User put the item into the 1 cabinet.'),
(1934, '1477272288', 1478774294, NULL, NULL, 773, 140, '1009391110113830276', '606373638', 22, 1478774294, 'Courier remove the item from the 1 cabinet.'),
(1935, '1477272288', 1478774334, NULL, NULL, 795, 141, '1013511110113910402', '606373638', 23, 1478774334, 'Courier put the item into the 23 cabinet.'),
(1936, '1477272288', 1478774349, NULL, NULL, 795, 141, '1014131110113925421', '625061440', 24, 1478774349, 'User remove the clothes from the 23 cabinet.'),
(1937, '1477272288', 1478796231, NULL, NULL, 773, 142, '1028241110174409853', '625061440', 21, 1478796231, 'User put the item into the 1 cabinet.'),
(1938, '1477272288', 1478796289, NULL, NULL, 773, 142, '1005901110174507169', '606373638', 22, 1478796289, 'Courier remove the item from the 1 cabinet.'),
(1939, '1477272288', 1478796345, NULL, NULL, 773, 143, '1012951110174603385', '606373638', 23, 1478796345, 'Courier put the item into the 1 cabinet.'),
(1940, '1477272288', 1478796362, NULL, NULL, 773, 143, '1006851110174620198', '625061440', 24, 1478796362, 'User remove the clothes from the 1 cabinet.'),
(1941, '1469493032', 1478869294, NULL, NULL, 658, 144, '1009001111210142264', 'charge', 23, 1478869294, 'Courier put the item into the 3 cabinet.'),
(1942, '1469493032', 1478869340, NULL, NULL, 658, 144, '1003881111210228107', '730512513', 24, 1478869340, 'User remove the clothes from the 3 cabinet.'),
(1943, '1479171844', 1479172550, NULL, NULL, 996, 145, '1032421115091549981', 'charge', 23, 1479172550, 'Courier put the item into the 2 cabinet.'),
(1944, '1479171844', 1479172610, NULL, NULL, 996, 145, '1029281115091650885', '18913614962', 24, 1479172610, 'User remove the clothes from the 2 cabinet.'),
(1945, '1478655872', 1479172953, NULL, NULL, 925, 146, '1020400904023635613', '01', 23, 1479172953, 'Courier put the item into the 7 cabinet.'),
(1946, '1478655872', 1479173003, NULL, NULL, 925, 146, '1006620904023726191', '18913614962', 24, 1479173003, 'User remove the clothes from the 7 cabinet.'),
(1947, '1477272288', 1479285414, NULL, NULL, 773, 147, '1026511116093721800', '695205702', 21, 1479285414, 'User put the item into the 1 cabinet.'),
(1948, '1477272288', 1479285501, NULL, NULL, 773, 147, '1003421116093849093', '606373638', 22, 1479285501, 'Courier remove the item from the 1 cabinet.'),
(1949, '1477272288', 1479285549, NULL, NULL, 795, 148, '1031271116093936946', '606373638', 23, 1479285549, 'Courier put the item into the 23 cabinet.'),
(1950, '1477272288', 1479285569, NULL, NULL, 795, 148, '1003451116093957094', '695205702', 24, 1479285569, 'User remove the clothes from the 23 cabinet.'),
(1951, '1477272288', 1479456673, NULL, NULL, 773, 149, '1014291118091157426', '655267025', 21, 1479456673, 'User put the item into the 1 cabinet.'),
(1695, '1469493032', 1469495274, NULL, NULL, 658, 27, '1011390726090754337', 'charge', 23, 1469495274, '快递员将物品放入3号柜门中'),
(1696, '1469493032', 1469513499, NULL, NULL, 658, 27, '1027520726141140831', '', 24, 1469513499, '用户将物品从3号柜门中取出'),
(1697, '1469493032', 1469515018, NULL, NULL, 658, 28, '1006160726143659177', 'charge', 23, 1469515018, 'COURIER_PUT_INTO_BEFORE3COURIER_PUT_INTO_AFTER'),
(1698, '1469493032', 1469515051, NULL, NULL, 658, 28, '1001880726143733046', '', 24, 1469515051, 'USER_ROMOVE_OUT_BEFORE3USER_ROMOVE_OUT_AFTER'),
(1699, '1469493032', 1469517676, NULL, NULL, 656, 29, '1026110726152117788', 'charge', 23, 1469517676, 'COURIER_PUT_INTO_BEFORE1COURIER_PUT_INTO_AFTER'),
(1700, '1469493032', 1469517731, NULL, NULL, 656, 29, '1032090726152212971', '', 24, 1469517731, 'USER_ROMOVE_OUT_BEFORE1USER_ROMOVE_OUT_AFTER'),
(1701, '1469501045', 1469579409, NULL, NULL, 673, 30, '1001590727082715037', 'charge', 23, 1469579409, 'COURIER_PUT_INTO_BEFORE6COURIER_PUT_INTO_AFTER'),
(1702, '1469520428', 1469579479, NULL, NULL, 711, 30, '1011780726173118349', '001', 23, 1469579479, 'COURIER_PUT_INTO_BEFORE18COURIER_PUT_INTO_AFTER'),
(1703, '1469493032', 1469579533, NULL, NULL, 658, 30, '1003520727083212096', 'charge', 23, 1469579533, 'COURIER_PUT_INTO_BEFORE3COURIER_PUT_INTO_AFTER'),
(1704, '1469493032', 1469580779, NULL, NULL, 658, 30, '1024870727085257750', '', 24, 1469580779, 'USER_ROMOVE_OUT_BEFORE3USER_ROMOVE_OUT_AFTER'),
(1705, '1469501045', 1469580817, NULL, NULL, 673, 30, '1021410727085043644', '', 24, 1469580817, 'USER_ROMOVE_OUT_BEFORE6USER_ROMOVE_OUT_AFTER'),
(1706, '1469520428', 1469581740, NULL, NULL, 711, 30, '1032350726180858979', '', 24, 1469581740, 'USER_ROMOVE_OUT_BEFORE18USER_ROMOVE_OUT_AFTER'),
(1707, '1469501045', 1469583727, NULL, NULL, 668, 31, '1009920727093913292', 'charge', 23, 1469583727, 'COURIER_PUT_INTO_BEFORE1COURIER_PUT_INTO_AFTER'),
(1708, '1469501045', 1469583743, NULL, NULL, 678, 32, '1009490727093929279', 'charge', 23, 1469583743, 'COURIER_PUT_INTO_BEFORE11COURIER_PUT_INTO_AFTER'),
(1709, '1469501045', 1469584934, NULL, NULL, 678, 32, '1021510727095919647', 'charge', 25, 1469584934, 'COURIER_ROMOVE_OUT_BEFORE11COURIER_RETURN_STEP'),
(1710, '1469501045', 1469585024, NULL, NULL, 668, 31, '1031930727100049966', '', 24, 1469585024, 'USER_ROMOVE_OUT_BEFORE1USER_ROMOVE_OUT_AFTER'),
(1711, '1469501045', 1469585210, NULL, NULL, 673, 33, '1014390727100356429', 'charge', 23, 1469585210, 'COURIER_PUT_INTO_BEFORE6COURIER_PUT_INTO_AFTER'),
(1712, '1469501045', 1469585261, NULL, NULL, 673, 33, '1018410727100446552', '', 24, 1469585261, 'USER_ROMOVE_OUT_BEFORE6USER_ROMOVE_OUT_AFTER'),
(1713, '1469520428', 1469599788, NULL, NULL, 699, 34, '1032120727140945972', '001', 23, 1469599788, 'COURIER_PUT_INTO_BEFORE6COURIER_PUT_INTO_AFTER'),
(1714, '1469520428', 1469600020, NULL, NULL, 694, 35, '1024780727141338747', '001', 23, 1469600020, 'COURIER_PUT_INTO_BEFORE1COURIER_PUT_INTO_AFTER'),
(1715, '1469520428', 1469600448, NULL, NULL, 699, 34, '1030820727142045932', '', 24, 1469600448, 'USER_ROMOVE_OUT_BEFORE6USER_ROMOVE_OUT_AFTER'),
(1716, '1469520428', 1469600476, NULL, NULL, 694, 35, '1004230727142114118', '', 24, 1469600476, 'USER_ROMOVE_OUT_BEFORE1USER_ROMOVE_OUT_AFTER'),
(1717, '1469520428', 1469600522, NULL, NULL, 711, 36, '1011580727142200343', '001', 23, 1469600522, 'COURIER_PUT_INTO_BEFORE18COURIER_PUT_INTO_AFTER'),
(1718, '1469520428', 1469600563, NULL, NULL, 711, 36, '1015830727142241473', '', 24, 1469600563, 'USER_ROMOVE_OUT_BEFORE18USER_ROMOVE_OUT_AFTER'),
(1719, '1469493032', 1469601293, NULL, NULL, 658, 37, '1022750727143451685', 'charge', 23, 1469601293, 'COURIER_PUT_INTO_BEFORE3COURIER_PUT_INTO_AFTER'),
(1720, '1469493032', 1469601380, NULL, NULL, 658, 37, '1028790727143618870', '', 24, 1469601380, 'USER_ROMOVE_OUT_BEFORE3USER_ROMOVE_OUT_AFTER'),
(1721, '1469493032', 1469665776, NULL, NULL, 658, 38, '1027260728082933823', 'charge', 23, 1469665776, 'Courier put the item into the 3 cabinet.'),
(1722, '1469493032', 1469665989, NULL, NULL, 658, 38, '1018540728083306556', '', 24, 1469665989, 'User remove the clothes from the 3 cabinet.'),
(1723, '1469493032', 1469673108, NULL, NULL, 656, 39, '1031370728103145949', 'charge', 23, 1469673108, 'Courier put the item into the 1 cabinet.'),
(1724, '1469493032', 1469673154, NULL, NULL, 656, 39, '1030820728103231932', '', 24, 1469673154, 'User remove the clothes from the 1 cabinet.'),
(1725, '1469501045', 1469692373, NULL, NULL, 673, 40, '1014000728154957417', 'charge', 23, 1469692373, 'Courier put the item into the 6 cabinet.'),
(1726, '1469501045', 1469692389, NULL, NULL, 678, 41, '1009560728155014281', 'charge', 23, 1469692389, 'Courier put the item into the 11 cabinet.'),
(1727, '1469501045', 1469693095, NULL, NULL, 673, 40, '1005310728160441151', '', 24, 1469693095, 'User remove the clothes from the 6 cabinet.'),
(1728, '1469501045', 1469693124, NULL, NULL, 678, 41, '1020040728160509602', '', 24, 1469693124, 'User remove the clothes from the 11 cabinet.'),
(1729, '1469501045', 1469694790, NULL, NULL, 668, 42, '1015400728163256460', 'charge', 23, 1469694790, 'Courier put the item into the 1 cabinet.'),
(1730, '1469501045', 1469694857, NULL, NULL, 668, 42, '1023990728163402723', 'charge', 25, 1469694857, 'Courier remove the item from the 1 cabinet(return step).'),
(1731, '1469501045', 1469694872, NULL, NULL, 668, 43, '1028890728163417873', 'charge', 23, 1469694872, 'Courier put the item into the 1 cabinet.'),
(1732, '1469501045', 1469695017, NULL, NULL, 668, 43, '1028820728163642871', '', 24, 1469695017, 'User remove the clothes from the 1 cabinet.'),
(1733, '1469501045', 1469695439, NULL, NULL, 668, 44, '1006260728164345180', 'charge', 23, 1469695439, 'Courier put the item into the 1 cabinet.'),
(1734, '1469501045', 1469695507, NULL, NULL, 668, 44, '1009980728164453294', '', 24, 1469695507, 'User remove the clothes from the 1 cabinet.'),
(1735, '1469520428', 1469777769, NULL, NULL, 711, 45, '1010830729153558320', NULL, 23, 1469777769, 'Courier put the item into the 18 cabinet.'),
(1736, '1469520428', 1469777888, NULL, NULL, 711, 45, '1027350729153802826', '', 24, 1469777888, 'User remove the clothes from the 18 cabinet.'),
(1737, '1469520428', 1469862694, NULL, NULL, 702, 46, '1015500730151126463', '001', 23, 1469862694, 'Courier put the item into the 9 cabinet.'),
(1738, '1469520428', 1469862709, NULL, NULL, 703, 47, '1019750730151141593', '001', 23, 1469862709, 'Courier put the item into the 10 cabinet.'),
(1739, '1469520428', 1469862736, NULL, NULL, 704, 48, '1012790730151209380', '001', 23, 1469862736, 'Courier put the item into the 11 cabinet.'),
(1740, '1469520428', 1469862759, NULL, NULL, 705, 49, '1004070730151232113', '001', 23, 1469862759, 'Courier put the item into the 12 cabinet.'),
(1741, '1469520428', 1469862816, NULL, NULL, 706, 50, '1024640730151328743', '001', 23, 1469862816, 'Courier put the item into the 13 cabinet.'),
(1742, '1469520428', 1469862829, NULL, NULL, 707, 51, '1029510730151341892', '001', 23, 1469862829, 'Courier put the item into the 14 cabinet.'),
(1743, '1469520428', 1469862838, NULL, NULL, 708, 52, '1007730730151351225', '001', 23, 1469862838, 'Courier put the item into the 15 cabinet.'),
(1744, '1469520428', 1469862854, NULL, NULL, 709, 53, '1007500730151407218', '001', 23, 1469862854, 'Courier put the item into the 16 cabinet.'),
(1745, '1469520428', 1469862902, NULL, NULL, 702, 46, '1023700730151454714', '', 24, 1469862902, 'User remove the clothes from the 9 cabinet.'),
(1746, '1469520428', 1469862932, NULL, NULL, 705, 49, '1030030730151524908', '', 24, 1469862932, 'User remove the clothes from the 12 cabinet.'),
(1747, '1469520428', 1469862958, NULL, NULL, 706, 50, '1005830730151551167', '', 24, 1469862958, 'User remove the clothes from the 13 cabinet.'),
(1748, '1469520428', 1469862990, NULL, NULL, 707, 51, '1001360730151623030', '', 24, 1469862990, 'User remove the clothes from the 14 cabinet.'),
(1749, '1469520428', 1469863014, NULL, NULL, 708, 52, '1008900730151647261', '', 24, 1469863014, 'User remove the clothes from the 15 cabinet.'),
(1750, '1469520428', 1469863038, NULL, NULL, 709, 53, '1013900730151711414', '', 24, 1469863038, 'User remove the clothes from the 16 cabinet.'),
(1751, '1469520428', 1469863070, NULL, NULL, 704, 48, '1008740730151742256', '', 24, 1469863070, 'User remove the clothes from the 11 cabinet.'),
(1752, '1469520428', 1469863097, NULL, NULL, 703, 47, '1015110730151810451', '', 24, 1469863097, 'User remove the clothes from the 10 cabinet.'),
(1753, '1469847050', 1470104355, NULL, NULL, 725, 54, '1005120801191915145', 'charge', 23, 1470104355, 'Courier put the item into the 2 cabinet.'),
(1754, '1469847050', 1470104437, NULL, NULL, 725, 54, '1020200801192037607', '', 24, 1470104437, 'User remove the clothes from the 2 cabinet.'),
(1755, '1469847050', 1470189078, NULL, NULL, 725, 55, '1014490802185117432', 'charge', 23, 1470189078, 'Courier put the item into the 2 cabinet.'),
(1756, '1469847050', 1470189116, NULL, NULL, 725, 55, '1030850802185155933', '', 24, 1470189116, 'User remove the clothes from the 2 cabinet.'),
(1757, '1469847050', 1470209129, NULL, NULL, 724, 56, '1013020803002527387', 'charge', 23, 1470209129, 'Courier put the item into the 1 cabinet.'),
(1758, '1469847050', 1470209171, NULL, NULL, 724, 56, '1021020803002609632', '', 24, 1470209171, 'User remove the clothes from the 1 cabinet.'),
(1759, '1470272190', 1470273057, NULL, NULL, 753, 57, '1031630803181054957', 'charge', 23, 1470273057, 'Courier put the item into the 14 cabinet.'),
(1760, '1470272190', 1470273648, NULL, NULL, 753, 57, '1011120803182046329', '', 24, 1470273648, 'User remove the clothes from the 14 cabinet.'),
(1761, '1470272190', 1470273848, NULL, NULL, 753, 58, '1030420803182405920', 'charge', 23, 1470273848, 'Courier put the item into the 14 cabinet.'),
(1762, '1470272190', 1470273974, NULL, NULL, 753, 58, '1025430803182611767', '', 24, 1470273974, 'User remove the clothes from the 14 cabinet.'),
(1763, '1470272190', 1470274038, NULL, NULL, 755, 59, '1027580803182715833', 'charge', 23, 1470274038, 'Courier put the item into the 16 cabinet.'),
(1764, '1470272190', 1470274104, NULL, NULL, 755, 59, '1011880803182822352', '', 24, 1470274104, 'User remove the clothes from the 16 cabinet.'),
(1765, '1470272190', 1470467472, NULL, NULL, 740, 60, '1010990806151107325', 'charge', 23, 1470467472, 'Courier put the item into the 1 cabinet.'),
(1766, '1470272190', 1470467512, NULL, NULL, 753, 61, '1032970806151146998', 'charge', 23, 1470467512, 'Courier put the item into the 14 cabinet.'),
(1767, '1470272190', 1470467580, NULL, NULL, 755, 62, '1009660806151255284', 'charge', 23, 1470467580, 'Courier put the item into the 16 cabinet.'),
(1768, '1470272190', 1470619544, NULL, NULL, 755, 62, '1014060808092544419', '', 24, 1470619544, 'User remove the clothes from the 16 cabinet.'),
(1769, '1470272190', 1470619578, NULL, NULL, 753, 61, '1026280808092618793', '', 24, 1470619578, 'User remove the clothes from the 14 cabinet.'),
(1770, '1470272190', 1470619618, NULL, NULL, 740, 60, '1023930808092658721', '', 24, 1470619618, 'User remove the clothes from the 1 cabinet.'),
(1771, '1470272190', 1470620283, NULL, NULL, 753, 63, '1028920808093802874', 'charge', 23, 1470620283, 'Courier put the item into the 14 cabinet.'),
(1772, '1470272190', 1470624455, NULL, NULL, 755, 64, '1014130808104735421', 'charge', 23, 1470624455, 'Courier put the item into the 16 cabinet.'),
(1773, '1470272190', 1470624779, NULL, NULL, 753, 63, '1028370808105259857', '', 24, 1470624779, 'User remove the clothes from the 14 cabinet.'),
(1774, '1470272190', 1470624807, NULL, NULL, 755, 64, '1030910808105327935', '', 24, 1470624807, 'User remove the clothes from the 16 cabinet.'),
(1775, '1470272190', 1470642618, NULL, NULL, 755, 65, '1013120808155020390', 'charge', 23, 1470642618, 'Courier put the item into the 16 cabinet.'),
(1776, '1470272190', 1470642628, NULL, NULL, 756, 66, '1030260808155029915', 'charge', 23, 1470642628, 'Courier put the item into the 17 cabinet.'),
(1777, '1470272190', 1470702545, NULL, NULL, 755, 65, '1003970809082903110', '', 24, 1470702545, 'User remove the clothes from the 16 cabinet.'),
(1778, '1470272190', 1470702570, NULL, NULL, 756, 66, '1004720809082928133', '', 24, 1470702570, 'User remove the clothes from the 17 cabinet.'),
(1779, '1470272190', 1470705395, NULL, NULL, 753, 67, '1005930809091633170', 'charge', 23, 1470705395, 'Courier put the item into the 14 cabinet.'),
(1780, '1470272190', 1470725087, NULL, NULL, 753, 67, '1001850809144447045', '', 24, 1470725087, 'User remove the clothes from the 14 cabinet.'),
(1781, '1469501045', 1471050795, NULL, NULL, 673, 68, '1003580813091224098', 'charge', 23, 1471050795, 'Courier put the item into the 6 cabinet.'),
(1782, '1469501045', 1471050852, NULL, NULL, 673, 68, '1029930813091320905', '', 24, 1471050852, 'User remove the clothes from the 6 cabinet.'),
(1783, '1469501045', 1472691756, NULL, NULL, 673, 69, '1021840901090236657', 'charge', 23, 1472691756, 'Courier put the item into the 6 cabinet.'),
(1784, '1469501045', 1472691839, NULL, NULL, 673, 69, '1019620901090359589', '', 24, 1472691839, 'User remove the clothes from the 6 cabinet.'),
(1785, '1469501045', 1472863450, NULL, NULL, 673, 70, '1027520903084405831', 'charge', 23, 1472863450, 'Courier put the item into the 6 cabinet.'),
(1786, '1469501045', 1472863496, NULL, NULL, 673, 70, '1023930903084451721', '13706228705', 24, 1472863496, 'User remove the clothes from the 6 cabinet.'),
(1787, '1469501045', 1472864912, NULL, NULL, 673, 71, '1002500903090827065', 'charge', 23, 1472864912, 'Courier put the item into the 6 cabinet.'),
(1788, '1469501045', 1472866213, NULL, NULL, 673, 71, '1008250903093008241', '18913614962', 24, 1472866213, 'User remove the clothes from the 6 cabinet.'),
(1789, '1469501045', 1472866260, NULL, NULL, 678, 72, '1016350903093055489', 'charge', 23, 1472866260, 'Courier put the item into the 11 cabinet.'),
(1790, '1469501045', 1472867005, NULL, NULL, 678, 72, '1032290903094320977', 'charge', 25, 1472867005, 'Courier remove the item from the 11 cabinet(return step).'),
(1791, '1469501045', 1472867419, NULL, NULL, 673, 73, '1017590903095014527', 'charge', 23, 1472867419, 'Courier put the item into the 6 cabinet.'),
(1792, '1469501045', 1472867496, NULL, NULL, 673, 73, '1014590903095131435', '18913614962', 24, 1472867496, 'User remove the clothes from the 6 cabinet.'),
(1793, '1469501045', 1472872900, NULL, NULL, 678, 74, '1023990903112135723', 'charge', 23, 1472872900, 'Courier put the item into the 11 cabinet.'),
(1794, '1469501045', 1472872947, NULL, NULL, 678, 74, '1014950903112223446', 'charge', 25, 1472872947, 'Courier remove the item from the 11 cabinet(return step).'),
(1795, '1469501045', 1472884046, NULL, NULL, 668, 75, '1004890903142723138', 'charge', 23, 1472884046, 'Courier put the item into the 1 cabinet.'),
(1796, '1469501045', 1472884095, NULL, NULL, 668, 75, '1021410903142811644', '18913614962', 24, 1472884095, 'User remove the clothes from the 1 cabinet.'),
(1797, '1469501045', 1472885379, NULL, NULL, 673, 76, '1005640903144936161', 'charge', 23, 1472885379, 'Courier put the item into the 6 cabinet.'),
(1798, '1469501045', 1472885478, NULL, NULL, 673, 76, '1019290903145115579', '13806220600', 24, 1472885478, 'User remove the clothes from the 6 cabinet.'),
(1799, '1469501045', 1473037734, NULL, NULL, 673, 77, '1020660905090854621', 'charge', 23, 1473037734, 'Courier put the item into the 6 cabinet.'),
(1800, '1469501045', 1473037751, NULL, NULL, 674, 78, '1001000905090911019', 'charge', 23, 1473037751, 'Courier put the item into the 7 cabinet.'),
(1801, '1469501045', 1473039059, NULL, NULL, 673, 77, '1030690905093058928', '18913614962', 24, 1473039059, 'User remove the clothes from the 6 cabinet.'),
(1802, '1469501045', 1473039122, NULL, NULL, 674, 78, '1019680905093202591', '18913614962', 24, 1473039122, 'User remove the clothes from the 7 cabinet.'),
(1803, '1469501045', 1473667108, NULL, NULL, 673, 73, '1014160912155812422', 'charge', 23, 1473667108, 'Courier put the item into the 6 cabinet.'),
(1804, '1469501045', 1473667160, NULL, NULL, 673, 73, '1018410912155920552', '18913614962', 24, 1473667160, 'User remove the clothes from the 6 cabinet.'),
(1805, '1469501045', 1473667301, NULL, NULL, 673, 79, '1010960912160141324', 'charge', 23, 1473667301, 'Courier put the item into the 6 cabinet.'),
(1806, '1469501045', 1473667474, NULL, NULL, 668, 80, '1020400912160434613', 'charge', 23, 1473667474, 'Courier put the item into the 1 cabinet.'),
(1807, '1469501045', 1473667507, NULL, NULL, 668, 80, '1019780912160507594', '15021494690', 24, 1473667507, 'User remove the clothes from the 1 cabinet.'),
(1808, '1469501045', 1473667602, NULL, NULL, 673, 79, '1025170912160641759', 'charge', 25, 1473667602, 'Courier remove the item from the 6 cabinet(return step).'),
(1809, '1469493032', 1474639600, NULL, NULL, 656, 81, '1009230923220641271', 'charge', 23, 1474639600, 'Courier put the item into the 1 cabinet.'),
(1810, '1469493032', 1474639670, NULL, NULL, 658, 3, '1021280923220751640', 'charge', 23, 1474639670, 'Courier put the item into the 3 cabinet.'),
(1811, '1469493032', 1474639694, NULL, NULL, 659, 3, '1026020923220814785', 'charge', 23, 1474639694, 'Courier put the item into the 4 cabinet.'),
(1812, '1469493032', 1474640930, NULL, NULL, 659, 3, '1025400923222851766', 'charge', 25, 1474640930, 'Courier remove the item from the 4 cabinet(return step).'),
(1813, '1469493032', 1474640936, NULL, NULL, 656, 81, '1021840923222857657', 'charge', 25, 1474640936, 'Courier remove the item from the 1 cabinet(return step).'),
(1814, '1469493032', 1474641331, NULL, NULL, 659, 2, '1013280923223532395', 'charge', 23, 1474641331, 'Courier put the item into the 4 cabinet.');

-- --------------------------------------------------------

--
-- Table structure for table `wf_sys_client`
--

DROP TABLE IF EXISTS `wf_sys_client`;
CREATE TABLE IF NOT EXISTS `wf_sys_client` (
  `id` int(11) NOT NULL AUTO_INCREMENT,
  `createuser` varchar(50) DEFAULT NULL,
  `createtime` int(11) DEFAULT NULL,
  `updateuser` varchar(50) DEFAULT NULL,
  `updatetime` int(11) DEFAULT NULL,
  `sysid` varchar(20) DEFAULT NULL,
  `status` int(1) DEFAULT NULL,
  `csn` varchar(50) DEFAULT NULL,
  `token` varchar(50) DEFAULT NULL,
  `name` varchar(100) DEFAULT NULL,
  `position` varchar(500) DEFAULT NULL,
  `boxnum` int(11) DEFAULT NULL,
  `type` int(2) DEFAULT NULL,
  `isonline` int(11) DEFAULT NULL,
  `isremote` int(1) DEFAULT NULL,
  `longitude` varchar(10) DEFAULT NULL,
  `latitude` varchar(10) DEFAULT NULL,
  PRIMARY KEY (`id`)
) ENGINE=InnoDB  DEFAULT CHARSET=utf8 CHECKSUM=1 DELAY_KEY_WRITE=1 ROW_FORMAT=DYNAMIC COMMENT='终端信息' AUTO_INCREMENT=63 ;

--
-- Dumping data for table `wf_sys_client`
--

INSERT INTO `wf_sys_client` (`id`, `createuser`, `createtime`, `updateuser`, `updatetime`, `sysid`, `status`, `csn`, `token`, `name`, `position`, `boxnum`, `type`, `isonline`, `isremote`, `longitude`, `latitude`) VALUES
(51, '1469493032', 1469493032, 'admin', 1470792510, 'logistics', 1, '1670412-01', '1469493032', '1670412', '', 12, 2, 1479543504, 1, NULL, NULL),
(52, '1469501045', 1469501045, 'admin', 1470792521, 'logistics', 1, '1630603-01', '1469501045', '1630603', '', 26, 2, 1477459132, 1, NULL, NULL),
(53, '1469520428', 1469520428, 'admin', 1470792548, 'logistics', 1, '1670430-01', '1469520428', '1670430', '', 30, 2, 1470118478, 1, NULL, NULL),
(54, '1469847050', 1469847050, 'admin', 1470792633, 'logistics', 1, '1630606-01', '1469847050', '1630606', '', 16, 2, 1470269254, 1, NULL, NULL),
(55, '1470272190', 1470272190, 'admin', 1470792642, 'logistics', 1, '1630509-01', '1470272190', '1630509', '', 17, 2, 1470897697, 1, NULL, NULL),
(56, '1474855494', 1474855494, 'admin', 1474855633, 'logistics', 1, 'ce201609', '1474855494', 'winnsen test', 'winnsen test position', 16, 2, 1474936953, 1, '', ''),
(57, '1477272288', 1477272288, 'charge1620914', 1477272343, 'logistics', 1, '1620914-01', '1477272288', '01', '', 30, 3, 1479543503, 1, '', ''),
(58, '1477983357', 1477983357, 'charge1630603', 1477983482, 'logistics', 1, 'ce20161101-01', '1477983357', 'chejian', 'chejian', 52, 2, 1478077078, 1, '', ''),
(59, '1478503957', 1478503957, 'charge1630922', 1486195076, 'logistics', 1, '1630922-01', '1478503957', '01', 'Zyra postare Nr 5', 64, 2, 1478849487, 1, '', ''),
(60, '1478655872', 1478655872, 'charge1630922', 1486195058, 'logistics', 1, '1630922-02', '1478655872', '02', 'Zyra postare Nr 29', 64, 2, 1479178018, 1, '', ''),
(62, '1479171844', 1479171844, '8705', 1479172339, 'logistics', 1, 'ws000001', '1479171844', '222', '222', 28, 2, 1479193254, 1, '', '');

-- --------------------------------------------------------

--
-- Table structure for table `wf_sys_clientconfig`
--

DROP TABLE IF EXISTS `wf_sys_clientconfig`;
CREATE TABLE IF NOT EXISTS `wf_sys_clientconfig` (
  `id` int(11) NOT NULL AUTO_INCREMENT,
  `createuser` varchar(50) DEFAULT NULL,
  `createtime` int(11) DEFAULT NULL,
  `updateuser` varchar(50) DEFAULT NULL,
  `updatetime` int(11) DEFAULT NULL,
  `clientid` int(11) DEFAULT NULL,
  `emergency` varchar(50) DEFAULT NULL,
  `isremotepower` int(1) DEFAULT NULL,
  `unit` decimal(10,2) DEFAULT NULL,
  `freetime` int(11) DEFAULT NULL,
  `interval` int(11) DEFAULT NULL,
  `fee` decimal(10,2) DEFAULT NULL,
  `owner` int(11) DEFAULT NULL,
  `supplier` int(11) DEFAULT NULL,
  `profit` int(3) DEFAULT '0',
  `beforecharge` varchar(500) DEFAULT NULL,
  `aftercharge` varchar(500) DEFAULT NULL,
  PRIMARY KEY (`id`)
) ENGINE=MyISAM  DEFAULT CHARSET=utf8 COMMENT='终端扩展配置信息' AUTO_INCREMENT=67 ;

--
-- Dumping data for table `wf_sys_clientconfig`
--

INSERT INTO `wf_sys_clientconfig` (`id`, `createuser`, `createtime`, `updateuser`, `updatetime`, `clientid`, `emergency`, `isremotepower`, `unit`, `freetime`, `interval`, `fee`, `owner`, `supplier`, `profit`, `beforecharge`, `aftercharge`) VALUES
(61, 'charge1620914', 1477272343, NULL, NULL, 57, NULL, NULL, NULL, NULL, NULL, NULL, NULL, NULL, 0, NULL, NULL),
(55, 'admin', 1469493557, 'charge1670412', 1469673215, 51, '123456', NULL, '0.00', NULL, NULL, NULL, NULL, NULL, 0, NULL, NULL),
(56, 'admin', 1469501487, 'charge1630603', 1469585099, 52, '123456', NULL, '0.00', NULL, NULL, NULL, NULL, NULL, 0, NULL, NULL),
(57, 'admin', 1469521071, 'charge1670430', 1469586034, 53, '123456', NULL, '0.00', NULL, NULL, NULL, NULL, NULL, 0, NULL, NULL),
(58, 'charge1630606', 1469847328, NULL, NULL, 54, NULL, NULL, NULL, NULL, NULL, NULL, NULL, NULL, 0, NULL, NULL),
(59, 'admin', 1470272566, 'charge1630509', 1470725233, 55, '123456', NULL, '0.00', NULL, NULL, NULL, NULL, NULL, 0, NULL, NULL),
(60, 'admin', 1474855633, '8705', 1474877414, 56, '112233', NULL, '0.00', NULL, NULL, NULL, NULL, NULL, 0, NULL, NULL),
(62, 'charge1630603', 1477983482, NULL, NULL, 58, NULL, NULL, NULL, NULL, NULL, NULL, NULL, NULL, 0, NULL, NULL),
(63, 'charge1630922', 1478504167, 'charge1630922', 1486195879, 59, '123456789', NULL, '30.00', NULL, NULL, NULL, NULL, NULL, 0, NULL, NULL),
(64, 'charge1630922', 1478656525, 'charge1630922', 1486195894, 60, '123456789', NULL, '30.00', NULL, NULL, NULL, NULL, NULL, 0, NULL, NULL),
(66, '8705', 1479172339, '8705', 1479172354, 62, '123456', NULL, '0.00', NULL, NULL, NULL, NULL, NULL, 0, NULL, NULL);

-- --------------------------------------------------------

--
-- Table structure for table `wf_sys_command`
--

DROP TABLE IF EXISTS `wf_sys_command`;
CREATE TABLE IF NOT EXISTS `wf_sys_command` (
  `id` int(11) NOT NULL AUTO_INCREMENT,
  `createuser` varchar(100) DEFAULT NULL,
  `createtime` int(11) DEFAULT NULL,
  `updateuser` varchar(50) DEFAULT NULL,
  `updatetime` int(11) DEFAULT NULL,
  `status` int(1) DEFAULT NULL,
  `serialno` int(4) DEFAULT NULL,
  `executetime` int(11) DEFAULT NULL,
  `token` varchar(50) DEFAULT NULL,
  `otype` int(3) DEFAULT NULL,
  `parameter` int(2) DEFAULT NULL,
  `jsoninfo` varchar(1000) DEFAULT NULL,
  PRIMARY KEY (`id`)
) ENGINE=MyISAM  DEFAULT CHARSET=utf8 CHECKSUM=1 DELAY_KEY_WRITE=1 ROW_FORMAT=DYNAMIC COMMENT='系统下发命令' AUTO_INCREMENT=963 ;

--
-- Dumping data for table `wf_sys_command`
--

INSERT INTO `wf_sys_command` (`id`, `createuser`, `createtime`, `updateuser`, `updatetime`, `status`, `serialno`, `executetime`, `token`, `otype`, `parameter`, `jsoninfo`) VALUES
(960, '8705', 1479172508, '1479171844', 1479172511, 1, 1123, 1479172511, '1479171844', 201, 1, ''),
(959, '8705', 1479172354, '1479171844', 1479172492, 1, 1122, 1479172492, '1479171844', 413, 2, '{"emergency":"123456","unit":"0.00","courier":[]}'),
(958, 'charge1630922', 1478759474, '1478503957', 1478759476, 1, 1121, 1478759476, '1478503957', 413, 2, '{"emergency":"123456789","unit":"20.00","courier":[{"id":"34","name":"EMS","phone":"13706228605"}]}'),
(957, 'charge1630922', 1478744605, '1478503957', 1478744608, 1, 1120, 1478744608, '1478503957', 204, 1, '9'),
(956, 'charge1630922', 1478744600, '1478503957', 1478744601, 1, 1119, 1478744601, '1478503957', 204, 1, '1'),
(955, 'charge1630922', 1478744367, '1478503957', 1478744371, 1, 1118, 1478744371, '1478503957', 203, 1, '9'),
(954, 'charge1630922', 1478744365, '1478503957', 1478744370, 1, 1117, 1478744370, '1478503957', 204, 1, '10'),
(952, 'charge1630922', 1478744358, '1478503957', 1478744362, 1, 1115, 1478744362, '1478503957', 203, 1, '1'),
(953, 'charge1630922', 1478744362, '1478503957', 1478744363, 1, 1116, 1478744363, '1478503957', 203, 1, '10'),
(951, 'charge1630922', 1478743212, '1478655872', 1478743216, 1, 1114, 1478743216, '1478655872', 413, 2, '{"emergency":"123456789","unit":"20.00","courier":[{"id":"34","name":"EMS","phone":"13706228605"}]}'),
(950, 'charge1630922', 1478743185, '1478655872', 1478743191, 1, 1113, 1478743191, '1478655872', 413, 2, '{"emergency":"123456","unit":"20.00","courier":[{"id":"34","name":"EMS","phone":"13706228605"}]}'),
(949, 'charge1630922', 1478743160, '1478655872', 1478743166, 1, 1112, 1478743166, '1478655872', 204, 1, '9'),
(948, 'charge1630922', 1478743157, '1478655872', 1478743159, 1, 1111, 1478743159, '1478655872', 204, 1, '1'),
(946, 'charge1630922', 1478742971, '1478655872', 1478742977, 1, 1109, 1478742977, '1478655872', 203, 1, '1'),
(947, 'charge1630922', 1478742974, '1478655872', 1478742978, 1, 1110, 1478742978, '1478655872', 203, 1, '9'),
(945, 'charge1630922', 1478741896, '1478655872', 1478741897, 1, 1108, 1478741897, '1478655872', 204, 1, '9'),
(944, 'charge1630922', 1478741892, '1478655872', 1478741897, 1, 1107, 1478741897, '1478655872', 204, 1, '1'),
(942, 'charge1630922', 1478740168, '1478655872', 1478740171, 1, 1105, 1478740171, '1478655872', 203, 1, '1'),
(943, 'charge1630922', 1478740171, '1478655872', 1478740172, 1, 1106, 1478740172, '1478655872', 203, 1, '9'),
(941, 'charge1630922', 1478738685, '1478655872', 1478738689, 1, 1104, 1478738689, '1478655872', 204, 1, '9'),
(939, 'charge1630922', 1478738310, '1478655872', 1478738315, 1, 1102, 1478738315, '1478655872', 204, 1, '17'),
(940, 'charge1630922', 1478738682, '1478655872', 1478738688, 1, 1103, 1478738688, '1478655872', 204, 1, '1'),
(938, 'charge1630922', 1478738247, '1478655872', 1478738248, 1, 1101, 1478738248, '1478655872', 203, 1, '9'),
(937, 'charge1630922', 1478738240, '1478655872', 1478738241, 1, 1100, 1478738241, '1478655872', 203, 1, '1'),
(936, 'charge1630922', 1478738170, '1478655872', 1478738174, 1, 1099, 1478738174, '1478655872', 204, 1, '2'),
(935, 'charge1630922', 1478737441, '1478655872', 1478737446, 1, 1098, 1478737446, '1478655872', 413, 2, '{"emergency":"123456789","unit":"20.00","courier":[{"id":"34","name":"EMS","phone":"13706228605"}]}'),
(934, 'charge1670412', 1478661659, '1478660487', 1478661663, 1, 1097, 1478661663, '1478660487', 413, 2, '{"emergency":"123456","unit":"","courier":[{"id":"27","name":"EMS","phone":"13706228705"}]}'),
(933, 'charge1670412', 1478661640, '1478660487', 1478661642, 1, 1096, 1478661642, '1478660487', 202, 2, ''),
(931, 'charge1670412', 1478661573, '1478660487', 1478661579, 1, 1094, 1478661579, '1478660487', 203, 2, ''),
(932, 'charge1670412', 1478661586, '1478660487', 1478661593, 1, 1095, 1478661593, '1478660487', 204, 2, ''),
(930, 'charge1670412', 1478661325, '1478660487', 1478661331, 1, 1093, 1478661331, '1478660487', 201, 1, ''),
(928, 'charge1630922', 1478653957, '1478503957', 1478653960, 1, 1091, 1478653960, '1478503957', 202, 2, ''),
(929, 'charge1630922', 1478656554, '1478655872', 1478656555, 1, 1092, 1478656555, '1478655872', 413, 2, '{"emergency":"123456789","unit":"","courier":[]}'),
(926, 'charge1630922', 1478653918, '1478503957', 1478653922, 1, 1089, 1478653922, '1478503957', 204, 2, ''),
(927, 'charge1630922', 1478653942, '1478503957', 1478653947, 1, 1090, 1478653947, '1478503957', 413, 2, '{"emergency":"123456789","unit":"100.00","courier":[{"id":"34","name":"EMS","phone":"13706228605"}]}'),
(925, 'charge1630922', 1478653901, '1478503957', 1478653902, 1, 1088, 1478653902, '1478503957', 203, 2, ''),
(924, 'charge1630922', 1478653867, '1478503957', 1478653871, 1, 1087, 1478653871, '1478503957', 204, 1, '1'),
(921, 'charge1630922', 1478653853, '1478503957', 1478653857, 1, 1084, 1478653857, '1478503957', 204, 1, '4'),
(922, 'charge1630922', 1478653857, '1478503957', 1478653864, 1, 1085, 1478653864, '1478503957', 204, 1, '3'),
(923, 'charge1630922', 1478653861, '1478503957', 1478653864, 1, 1086, 1478653864, '1478503957', 204, 1, '2'),
(920, 'charge1630922', 1478653849, '1478503957', 1478653856, 1, 1083, 1478653856, '1478503957', 204, 1, '5'),
(919, 'charge1630922', 1478653845, '1478503957', 1478653849, 1, 1082, 1478653849, '1478503957', 204, 1, '6'),
(918, 'charge1630922', 1478653841, '1478503957', 1478653842, 1, 1081, 1478653842, '1478503957', 204, 1, '7'),
(917, 'charge1630922', 1478653837, '1478503957', 1478653841, 1, 1080, 1478653841, '1478503957', 204, 1, '8'),
(916, 'charge1630922', 1478653825, '1478503957', 1478653828, 1, 1079, 1478653828, '1478503957', 204, 1, '9'),
(914, 'charge1630922', 1478653794, '1478503957', 1478653796, 1, 1077, 1478653796, '1478503957', 204, 1, '11'),
(915, 'charge1630922', 1478653820, '1478503957', 1478653821, 1, 1078, 1478653821, '1478503957', 204, 1, '10'),
(912, 'charge1630922', 1478653782, '1478503957', 1478653788, 1, 1075, 1478653788, '1478503957', 204, 1, '13'),
(913, 'charge1630922', 1478653788, '1478503957', 1478653789, 1, 1076, 1478653789, '1478503957', 204, 1, '12'),
(911, 'charge1630922', 1478653777, '1478503957', 1478653781, 1, 1074, 1478653781, '1478503957', 204, 1, '14'),
(909, 'charge1630922', 1478653769, '1478503957', 1478653774, 1, 1072, 1478653774, '1478503957', 204, 1, '16'),
(910, 'charge1630922', 1478653773, '1478503957', 1478653774, 1, 1073, 1478653774, '1478503957', 204, 1, '15'),
(907, 'charge1630922', 1478653554, '1478503957', 1478653555, 1, 1070, 1478653555, '1478503957', 203, 1, '15'),
(908, 'charge1630922', 1478653559, '1478503957', 1478653562, 1, 1071, 1478653562, '1478503957', 203, 1, '16'),
(906, 'charge1630922', 1478653550, '1478503957', 1478653555, 1, 1069, 1478653555, '1478503957', 203, 1, '14'),
(905, 'charge1630922', 1478653545, '1478503957', 1478653548, 1, 1068, 1478653548, '1478503957', 203, 1, '13'),
(904, 'charge1630922', 1478653525, '1478503957', 1478653529, 1, 1067, 1478653529, '1478503957', 203, 1, '12'),
(903, 'charge1630922', 1478653520, '1478503957', 1478653522, 1, 1066, 1478653522, '1478503957', 203, 1, '11'),
(902, 'charge1630922', 1478653504, '1478503957', 1478653515, 1, 1065, 1478653515, '1478503957', 203, 1, '10'),
(901, 'charge1630922', 1478653500, '1478503957', 1478653500, 1, 1064, 1478653500, '1478503957', 203, 1, '9'),
(900, 'charge1630922', 1478653494, '1478503957', 1478653500, 1, 1063, 1478653500, '1478503957', 203, 1, '8'),
(899, 'charge1630922', 1478653489, '1478503957', 1478653493, 1, 1062, 1478653493, '1478503957', 203, 1, '7'),
(898, 'charge1630922', 1478653484, '1478503957', 1478653486, 1, 1061, 1478653486, '1478503957', 203, 1, '6'),
(897, 'charge1630922', 1478653477, '1478503957', 1478653479, 1, 1060, 1478653479, '1478503957', 203, 1, '5'),
(896, 'charge1630922', 1478653469, '1478503957', 1478653472, 1, 1059, 1478653472, '1478503957', 203, 1, '4'),
(895, 'charge1630922', 1478653456, '1478503957', 1478653457, 1, 1058, 1478653457, '1478503957', 203, 1, '3'),
(894, 'charge1630922', 1478653452, '1478503957', 1478653456, 1, 1057, 1478653456, '1478503957', 203, 1, '2'),
(893, 'charge1630922', 1478653443, '1478503957', 1478653446, 1, 1056, 1478653446, '1478503957', 203, 1, '1'),
(892, 'charge1630922', 1478653431, '1478503957', 1478653437, 1, 1055, 1478653437, '1478503957', 201, 2, ''),
(891, 'charge1630922', 1478653420, '1478503957', 1478653424, 1, 1054, 1478653424, '1478503957', 201, 1, ''),
(890, 'charge1630922', 1478592875, '1478503957', 1478592877, 1, 1053, 1478592877, '1478503957', 413, 2, '{"emergency":"123456","unit":"100.00","courier":[{"id":"34","name":"EMS","phone":"13706228605"}]}'),
(889, 'charge1630922', 1478591758, '1478503957', 1478591765, 1, 1052, 1478591765, '1478503957', 413, 2, '{"emergency":"123456","unit":"10.00","courier":[{"id":"34","name":"EMS","phone":"13706228605"}]}'),
(888, 'charge1630922', 1478569347, '1478503957', 1478569351, 1, 1051, 1478569351, '1478503957', 413, 2, '{"emergency":"123456","unit":"0.00","courier":[{"id":"34","name":"EMS","phone":"13706228605"}]}'),
(887, 'charge1620914', 1477291876, '1477272288', 1477291879, 1, 1050, 1477291879, '1477272288', 201, 22, ''),
(886, 'charge1620914', 1477291868, '1477272288', 1477291871, 1, 1049, 1477291871, '1477272288', 201, 17, ''),
(885, 'charge1620914', 1477291861, '1477272288', 1477291864, 1, 1048, 1477291864, '1477272288', 201, 16, ''),
(884, 'charge1620914', 1477291851, '1477272288', 1477291856, 1, 1047, 1477291856, '1477272288', 201, 15, ''),
(883, 'charge1620914', 1477291841, '1477272288', 1477291843, 1, 1046, 1477291843, '1477272288', 201, 14, ''),
(882, 'charge1620914', 1477291754, '1477272288', 1477291757, 1, 1045, 1477291757, '1477272288', 201, 13, ''),
(881, 'charge1620914', 1477291745, '1477272288', 1477291750, 1, 1044, 1477291750, '1477272288', 201, 7, ''),
(880, 'charge1620914', 1477291736, '1477272288', 1477291742, 1, 1043, 1477291742, '1477272288', 201, 12, ''),
(879, 'charge1620914', 1477291729, '1477272288', 1477291732, 1, 1042, 1477291732, '1477272288', 201, 11, ''),
(878, 'charge1620914', 1477291720, '1477272288', 1477291724, 1, 1041, 1477291724, '1477272288', 201, 5, ''),
(877, 'charge1620914', 1477291711, '1477272288', 1477291716, 1, 1040, 1477291716, '1477272288', 201, 1, ''),
(876, 'charge1620914', 1477274418, '1477272288', 1477274422, 1, 1039, 1477274422, '1477272288', 201, 30, ''),
(875, 'charge1620914', 1477274411, '1477272288', 1477274415, 1, 1038, 1477274415, '1477272288', 201, 23, ''),
(874, 'charge1620914', 1477274400, '1477272288', 1477274401, 1, 1037, 1477274401, '1477272288', 201, 22, ''),
(873, 'charge1620914', 1477274388, '1477272288', 1477274393, 1, 1036, 1477274393, '1477272288', 201, 18, ''),
(870, 'charge1620914', 1477274357, '1477272288', 1477274358, 1, 1033, 1477274358, '1477272288', 201, 15, ''),
(871, 'charge1620914', 1477274373, '1477272288', 1477274377, 1, 1034, 1477274377, '1477272288', 201, 17, ''),
(872, 'charge1620914', 1477274382, '1477272288', 1477274386, 1, 1035, 1477274386, '1477272288', 201, 16, ''),
(869, 'charge1620914', 1477274125, '1477272288', 1477274129, 1, 1032, 1477274129, '1477272288', 201, 14, ''),
(866, '8705', 1474878343, '1474855494', 1474878351, 1, 1029, 1474878351, '1474855494', 204, 1, '1'),
(867, 'charge1620914', 1477274102, '1477272288', 1477274108, 1, 1030, 1477274108, '1477272288', 201, 11, ''),
(868, 'charge1620914', 1477274119, '1477272288', 1477274121, 1, 1031, 1477274121, '1477272288', 201, 13, ''),
(863, '8705', 1474877966, '1474855494', 1474877976, 1, 1026, 1474877976, '1474855494', 202, 1, ''),
(864, '8705', 1474878236, '1474855494', 1474878241, 1, 1027, 1474878241, '1474855494', 202, 2, ''),
(865, '8705', 1474878338, '1474855494', 1474878340, 1, 1028, 1474878340, '1474855494', 204, 1, '2'),
(862, '8705', 1474877954, '1474855494', 1474877956, 1, 1025, 1474877956, '1474855494', 204, 2, ''),
(860, '8705', 1474877794, '1474855494', 1474877800, 1, 1023, 1474877800, '1474855494', 203, 1, '2'),
(861, '8705', 1474877923, '1474855494', 1474877928, 1, 1024, 1474877928, '1474855494', 203, 2, ''),
(859, '8705', 1474877778, '1474855494', 1474877782, 1, 1022, 1474877782, '1474855494', 203, 1, '1'),
(703, 'charge1670412', 1469579977, '1469493032', 1469579979, 1, 866, 1469579979, '1469493032', 205, 1, ''),
(704, 'charge1630603', 1469580030, '1469501045', 1469580033, 1, 867, 1469580033, '1469501045', 205, 1, ''),
(705, 'charge1670430', 1469580290, '1469520428', 1469580290, 1, 868, 1469580290, '1469520428', 205, 1, ''),
(706, 'charge1670430', 1469580339, '1469520428', 1469580340, 1, 869, 1469580340, '1469520428', 205, 1, ''),
(707, 'charge1670430', 1469580339, '1469520428', 1469580341, 1, 870, 1469580341, '1469520428', 205, 1, ''),
(708, 'charge1630603', 1469580388, '1469501045', 1469580389, 1, 871, 1469580389, '1469501045', 205, 1, ''),
(709, 'charge1670412', 1469580441, '1469493032', 1469580443, 1, 872, 1469580443, '1469493032', 205, 1, ''),
(710, 'charge1630603', 1469585099, '1469501045', 1469585100, 1, 873, 1469585100, '1469501045', 413, 2, '{"emergency":"123456","unit":"","courier":[{"id":"28","name":"EMS","phone":"13706228605"}]}'),
(711, 'charge1670430', 1469586034, '1469520428', 1469586035, 1, 874, 1469586035, '1469520428', 413, 2, '{"emergency":"123456","unit":"","courier":[{"id":"29","name":"EMS","phone":"123456"}]}'),
(712, 'charge1670430', 1469586216, '1469520428', 1469586217, 1, 875, 1469586217, '1469520428', 203, 2, ''),
(713, 'charge1670430', 1469586224, '1469520428', 1469586224, 1, 876, 1469586224, '1469520428', 204, 2, ''),
(714, 'charge1670412', 1469588535, '1469493032', 1469588538, 1, 877, 1469588538, '1469493032', 413, 2, '{"emergency":"123456","unit":"","courier":[{"id":"27","name":"EMS","phone":"13706228705"}]}'),
(715, 'charge1670412', 1469588538, '1469493032', 1469588541, 1, 878, 1469588541, '1469493032', 413, 2, '{"emergency":"123456","unit":"","courier":[{"id":"27","name":"EMS","phone":"13706228705"}]}'),
(716, 'charge1670430', 1469589561, '1469520428', 1469589565, 1, 879, 1469589565, '1469520428', 203, 1, '1'),
(717, 'charge1670430', 1469589565, '1469520428', 1469589565, 1, 880, 1469589565, '1469520428', 204, 1, '1'),
(718, 'charge1670430', 1469589578, '1469520428', 1469589579, 1, 881, 1469589579, '1469520428', 203, 2, ''),
(719, 'charge1670430', 1469589583, '1469520428', 1469589585, 1, 882, 1469589585, '1469520428', 204, 2, ''),
(720, 'charge1670430', 1469589787, '1469520428', 1469589791, 1, 883, 1469589791, '1469520428', 202, 2, ''),
(721, 'charge1670430', 1469589817, '1469520428', 1469589822, 1, 884, 1469589822, '1469520428', 202, 1, ''),
(722, 'charge1670412', 1469589867, '1469493032', 1469589870, 1, 885, 1469589870, '1469493032', 202, 1, ''),
(723, 'charge1630603', 1469590081, '1469501045', 1469590086, 1, 886, 1469590086, '1469501045', 202, 1, ''),
(724, 'charge1670430', 1469598624, '1469520428', 1469598627, 1, 887, 1469598627, '1469520428', 202, 2, ''),
(725, 'charge1670430', 1469598651, '1469520428', 1469598653, 1, 888, 1469598653, '1469520428', 203, 1, '1'),
(726, 'charge1670430', 1469598653, '1469520428', 1469598654, 1, 889, 1469598654, '1469520428', 203, 1, '2'),
(727, 'charge1670430', 1469598923, '1469520428', 1469598985, 2, 890, NULL, '1469520428', 203, 1, '3'),
(728, 'charge1670430', 1469598929, '1469520428', 1469598991, 2, 891, NULL, '1469520428', 203, 1, '4'),
(729, 'charge1670430', 1469598932, '1469520428', 1469598997, 2, 892, NULL, '1469520428', 203, 1, '5'),
(730, 'charge1670430', 1469598937, '1469520428', 1469599027, 2, 893, NULL, '1469520428', 203, 1, '6'),
(731, 'charge1670430', 1469598941, '1469520428', 1469599033, 2, 894, NULL, '1469520428', 203, 1, '7'),
(732, 'charge1670430', 1469598983, '1469520428', 1469599040, 2, 895, NULL, '1469520428', 203, 1, '8'),
(733, 'charge1670430', 1469599038, '1469520428', 1469599045, 1, 896, 1469599045, '1469520428', 203, 1, '9'),
(734, 'charge1670430', 1469599047, '1469520428', 1469599052, 1, 897, 1469599052, '1469520428', 203, 1, '10'),
(735, 'charge1670430', 1469599052, '1469520428', 1469599053, 1, 898, 1469599053, '1469520428', 203, 1, '11'),
(736, 'charge1670430', 1469599076, '1469520428', 1469599079, 1, 899, 1469599079, '1469520428', 203, 1, '12'),
(737, 'charge1670430', 1469599081, '1469520428', 1469599086, 1, 900, 1469599086, '1469520428', 203, 1, '13'),
(738, 'charge1670430', 1469599104, '1469520428', 1469599108, 1, 901, 1469599108, '1469520428', 203, 1, '14'),
(739, 'charge1670430', 1469599133, '1469520428', 1469599134, 1, 902, 1469599134, '1469520428', 203, 1, '15'),
(740, 'charge1670430', 1469599136, '1469520428', 1469599141, 1, 903, 1469599141, '1469520428', 203, 1, '16'),
(741, 'charge1670430', 1469599139, '1469520428', 1469599143, 1, 904, 1469599143, '1469520428', 203, 1, '17'),
(742, 'charge1670430', 1469599160, '1469520428', 1469599175, 1, 905, 1469599175, '1469520428', 203, 1, '18'),
(743, 'charge1670430', 1469599172, '1469520428', 1469599175, 1, 906, 1469599175, '1469520428', 203, 1, '19'),
(744, 'charge1670430', 1469599195, '1469520428', 1469599195, 1, 907, 1469599195, '1469520428', 203, 1, '20'),
(745, 'charge1670430', 1469599250, '1469520428', 1469599251, 1, 908, 1469599251, '1469520428', 203, 1, '21'),
(746, 'charge1670430', 1469599255, '1469520428', 1469599258, 1, 909, 1469599258, '1469520428', 203, 1, '22'),
(747, 'charge1670430', 1469599263, '1469520428', 1469599265, 1, 910, 1469599265, '1469520428', 203, 1, '23'),
(748, 'charge1670430', 1469599268, '1469520428', 1469599272, 1, 911, 1469599272, '1469520428', 203, 1, '24'),
(749, 'charge1670430', 1469599278, '1469520428', 1469599280, 1, 912, 1469599280, '1469520428', 203, 1, '25'),
(750, 'charge1670430', 1469599321, '1469520428', 1469599324, 1, 913, 1469599324, '1469520428', 204, 1, '25'),
(751, 'charge1670430', 1469599324, '1469520428', 1469599325, 1, 914, 1469599325, '1469520428', 204, 1, '24'),
(752, 'charge1670430', 1469599329, '1469520428', 1469599332, 1, 915, 1469599332, '1469520428', 204, 1, '23'),
(753, 'charge1670430', 1469599333, '1469520428', 1469599339, 1, 916, 1469599339, '1469520428', 204, 1, '22'),
(754, 'charge1670430', 1469599337, '1469520428', 1469599340, 1, 917, 1469599340, '1469520428', 204, 1, '21'),
(755, 'charge1670430', 1469599340, '1469520428', 1469599350, 1, 918, 1469599350, '1469520428', 204, 1, '20'),
(756, 'charge1670430', 1469599346, '1469520428', 1469599351, 1, 919, 1469599351, '1469520428', 204, 1, '19'),
(757, 'charge1670430', 1469599350, '1469520428', 1469599354, 1, 920, 1469599354, '1469520428', 204, 1, '18'),
(758, 'charge1670430', 1469599355, '1469520428', 1469599360, 1, 921, 1469599360, '1469520428', 204, 1, '17'),
(759, 'charge1670430', 1469599358, '1469520428', 1469599360, 1, 922, 1469599360, '1469520428', 204, 1, '16'),
(760, 'charge1670430', 1469599363, '1469520428', 1469599368, 1, 923, 1469599368, '1469520428', 204, 1, '15'),
(761, 'charge1670430', 1469599367, '1469520428', 1469599368, 1, 924, 1469599368, '1469520428', 204, 1, '14'),
(762, 'charge1670430', 1469599371, '1469520428', 1469599376, 1, 925, 1469599376, '1469520428', 204, 1, '13'),
(763, 'charge1670430', 1469599375, '1469520428', 1469599378, 1, 926, 1469599378, '1469520428', 204, 1, '12'),
(764, 'charge1670430', 1469599383, '1469520428', 1469599385, 1, 927, 1469599385, '1469520428', 204, 1, '11'),
(765, 'charge1670430', 1469599386, '1469520428', 1469599393, 1, 928, 1469599393, '1469520428', 204, 1, '10'),
(766, 'charge1670430', 1469599389, '1469520428', 1469599393, 1, 929, 1469599393, '1469520428', 204, 1, '9'),
(767, 'charge1670430', 1469599527, '1469520428', 1469599533, 1, 930, 1469599533, '1469520428', 204, 1, '7'),
(768, 'charge1670430', 1469599530, '1469520428', 1469599533, 1, 931, 1469599533, '1469520428', 204, 1, '8'),
(769, 'charge1670430', 1469599532, '1469520428', 1469599534, 1, 932, 1469599534, '1469520428', 204, 1, '6'),
(770, 'charge1670430', 1469599536, '1469520428', 1469599541, 1, 933, 1469599541, '1469520428', 204, 1, '5'),
(771, 'charge1670430', 1469599538, '1469520428', 1469599542, 1, 934, 1469599542, '1469520428', 204, 1, '4'),
(772, 'charge1670430', 1469599540, '1469520428', 1469599542, 1, 935, 1469599542, '1469520428', 204, 1, '3'),
(773, 'charge1670430', 1469599542, '1469520428', 1469599543, 1, 936, 1469599543, '1469520428', 204, 1, '2'),
(774, 'charge1670430', 1469599544, '1469520428', 1469599551, 1, 937, 1469599551, '1469520428', 204, 1, '1'),
(775, 'charge1670430', 1469599732, '1469520428', 1469599734, 1, 938, 1469599734, '1469520428', 203, 1, '1'),
(776, 'charge1670430', 1469599736, '1469520428', 1469599742, 1, 939, 1469599742, '1469520428', 203, 1, '2'),
(777, 'charge1670430', 1469599739, '1469520428', 1469599742, 1, 940, 1469599742, '1469520428', 203, 1, '3'),
(778, 'charge1670430', 1469599742, '1469520428', 1469599743, 1, 941, 1469599743, '1469520428', 203, 1, '4'),
(779, 'charge1670430', 1469599746, '1469520428', 1469599750, 1, 942, 1469599750, '1469520428', 203, 1, '5'),
(780, 'charge1670430', 1469599924, '1469520428', 1469599925, 1, 943, 1469599925, '1469520428', 204, 1, '5'),
(781, 'charge1670430', 1469599927, '1469520428', 1469599932, 1, 944, 1469599932, '1469520428', 204, 1, '4'),
(782, 'charge1670430', 1469599929, '1469520428', 1469599933, 1, 945, 1469599933, '1469520428', 204, 1, '3'),
(783, 'charge1670430', 1469599931, '1469520428', 1469599934, 1, 946, 1469599934, '1469520428', 204, 1, '2'),
(784, 'charge1670430', 1469599934, '1469520428', 1469599934, 1, 947, 1469599934, '1469520428', 204, 1, '1'),
(785, 'charge1670412', 1469665368, '1469493032', 1469665371, 1, 948, 1469665371, '1469493032', 203, 1, '7'),
(786, 'charge1670412', 1469665371, '1469493032', 1469665372, 1, 949, 1469665372, '1469493032', 203, 1, '12'),
(787, 'charge1670412', 1469665388, '1469493032', 1469665391, 1, 950, 1469665391, '1469493032', 204, 1, '7'),
(788, 'charge1670412', 1469665391, '1469493032', 1469665392, 1, 951, 1469665392, '1469493032', 204, 1, '12'),
(789, 'charge1670412', 1469665418, '1469493032', 1469665424, 1, 952, 1469665424, '1469493032', 413, 2, '{"emergency":"1234562","unit":"0.00","courier":[{"id":"27","name":"EMS","phone":"13706228705"}]}'),
(790, 'charge1670412', 1469665429, '1469493032', 1469665431, 1, 953, 1469665431, '1469493032', 413, 2, '{"emergency":"123456","unit":"0.00","courier":[{"id":"27","name":"EMS","phone":"13706228705"}]}'),
(791, 'charge1670412', 1469665441, '1469493032', 1469665444, 1, 954, 1469665444, '1469493032', 203, 2, ''),
(792, 'charge1670412', 1469665452, '1469493032', 1469665457, 1, 955, 1469665457, '1469493032', 204, 2, ''),
(793, 'charge1670412', 1469665465, '1469493032', 1469665471, 1, 956, 1469665471, '1469493032', 202, 2, ''),
(794, 'charge1670412', 1469673204, '1469493032', 1469673210, 1, 957, 1469673210, '1469493032', 413, 2, '{"emergency":"1234561","unit":"0.00","courier":[{"id":"27","name":"EMS","phone":"13706228705"}]}'),
(795, 'charge1670412', 1469673215, '1469493032', 1469673217, 1, 958, 1469673217, '1469493032', 413, 2, '{"emergency":"123456","unit":"0.00","courier":[{"id":"27","name":"EMS","phone":"13706228705"}]}'),
(796, 'charge1670412', 1469675151, '1469493032', 1469675156, 1, 959, 1469675156, '1469493032', 205, 1, ''),
(797, 'charge1630603', 1469693610, '1469501045', 1469693614, 1, 960, 1469693614, '1469501045', 203, 2, ''),
(798, 'charge1630603', 1469693629, '1469501045', 1469693633, 1, 961, 1469693633, '1469501045', 204, 2, ''),
(799, 'charge1630603', 1469693648, '1469501045', 1469693653, 1, 962, 1469693653, '1469501045', 202, 2, ''),
(800, 'charge1630603', 1469693694, '1469501045', 1469693697, 1, 963, 1469693697, '1469501045', 203, 2, ''),
(801, 'charge1630603', 1469693717, '1469501045', 1469693718, 1, 964, 1469693718, '1469501045', 204, 2, ''),
(802, 'charge1630606', 1470105242, '1469847050', 1470105244, 1, 965, 1470105244, '1469847050', 203, 2, ''),
(803, 'charge1630606', 1470105250, '1469847050', 1470105252, 1, 966, 1470105252, '1469847050', 204, 2, ''),
(804, 'charge1630606', 1470208958, '1469847050', 1470208961, 1, 967, 1470208961, '1469847050', 203, 2, ''),
(805, 'charge1630606', 1470208966, '1469847050', 1470208968, 1, 968, 1470208968, '1469847050', 204, 2, ''),
(806, 'charge1630606', 1470208988, '1469847050', 1470208993, 1, 969, 1470208993, '1469847050', 203, 1, '1'),
(807, 'charge1630606', 1470209001, '1469847050', 1470209007, 1, 970, 1470209007, '1469847050', 204, 1, '1'),
(808, 'charge1630606', 1470209012, '1469847050', 1470209014, 1, 971, 1470209014, '1469847050', 202, 1, ''),
(809, 'admin', 1470272642, NULL, NULL, 0, 972, NULL, '1469847050', 205, 1, ''),
(810, 'charge1630509', 1470273327, '1470272190', 1470273333, 1, 973, 1470273333, '1470272190', 203, 1, '1'),
(811, 'charge1630509', 1470273355, '1470272190', 1470273358, 1, 974, 1470273358, '1470272190', 204, 1, '1'),
(812, 'charge1630509', 1470273598, '1470272190', 1470273604, 1, 975, 1470273604, '1470272190', 203, 2, ''),
(813, 'charge1630509', 1470273610, '1470272190', 1470273611, 1, 976, 1470273611, '1470272190', 204, 2, ''),
(814, 'charge1630509', 1470273621, '1470272190', 1470273624, 1, 977, 1470273624, '1470272190', 202, 2, ''),
(815, 'charge1630509', 1470273864, '1470272190', 1470273869, 1, 978, 1470273869, '1470272190', 203, 2, ''),
(816, 'charge1630509', 1470273875, '1470272190', 1470273876, 1, 979, 1470273876, '1470272190', 204, 2, ''),
(817, 'charge1630509', 1470274062, '1470272190', 1470274064, 1, 980, 1470274064, '1470272190', 202, 2, ''),
(818, 'charge1630509', 1470381300, '1470272190', 1470381305, 1, 981, 1470381305, '1470272190', 202, 2, ''),
(819, 'charge1630509', 1470381335, '1470272190', 1470381337, 1, 982, 1470381337, '1470272190', 202, 2, ''),
(820, 'charge1630509', 1470386612, '1470272190', 1470386625, 1, 983, 1470386625, '1470272190', 202, 2, ''),
(821, 'charge1630509', 1470386624, '1470272190', 1470386626, 1, 984, 1470386626, '1470272190', 202, 2, ''),
(822, 'charge1630509', 1470387253, '1470272190', 1470387255, 1, 985, 1470387255, '1470272190', 202, 2, ''),
(823, 'charge1630509', 1470387314, '1470272190', 1470387316, 1, 986, 1470387316, '1470272190', 202, 2, ''),
(824, 'charge1630509', 1470387658, '1470272190', 1470387660, 1, 987, 1470387660, '1470272190', 202, 2, ''),
(825, 'charge1630509', 1470387718, '1470272190', 1470387718, 1, 988, 1470387718, '1470272190', 202, 2, ''),
(826, 'charge1630509', 1470387778, '1470272190', 1470387780, 1, 989, 1470387780, '1470272190', 202, 2, ''),
(827, 'charge1630509', 1470388381, '1470272190', 1470388385, 1, 990, 1470388385, '1470272190', 202, 2, ''),
(828, 'charge1630509', 1470388416, '1470272190', 1470388417, 1, 991, 1470388417, '1470272190', 202, 2, ''),
(829, 'charge1630509', 1470388446, '1470272190', 1470388450, 1, 992, 1470388450, '1470272190', 202, 2, ''),
(830, 'charge1630509', 1470388466, '1470272190', 1470388471, 1, 993, 1470388471, '1470272190', 202, 2, ''),
(831, 'charge1630509', 1470619783, '1470272190', 1470619788, 1, 994, 1470619788, '1470272190', 202, 1, ''),
(832, 'charge1630509', 1470620198, '1470272190', 1470620200, 1, 995, 1470620200, '1470272190', 202, 2, ''),
(833, 'charge1630509', 1470620394, '1470272190', 1470620395, 1, 996, 1470620395, '1470272190', 202, 2, ''),
(834, 'charge1630509', 1470621682, '1470272190', 1470621688, 1, 997, 1470621688, '1470272190', 203, 2, ''),
(835, 'charge1630509', 1470623699, '1470272190', 1470623705, 1, 998, 1470623705, '1470272190', 204, 2, ''),
(836, 'charge1630509', 1470725216, '1470272190', 1470725222, 1, 999, 1470725222, '1470272190', 413, 2, '{"emergency":"123456789","unit":"","courier":[{"id":"31","name":"EMS","phone":"123456"}]}'),
(837, 'charge1630509', 1470725233, '1470272190', 1470725237, 1, 1000, 1470725237, '1470272190', 413, 2, '{"emergency":"123456","unit":"0.00","courier":[{"id":"31","name":"EMS","phone":"123456"}]}'),
(838, 'charge1630509', 1470789061, '1470272190', 1470789062, 1, 1001, 1470789062, '1470272190', 202, 1, ''),
(839, 'charge1630509', 1470789240, '1470272190', 1470789243, 1, 1002, 1470789243, '1470272190', 202, 2, ''),
(840, 'charge1630509', 1470789284, '1470272190', 1470789284, 1, 1003, 1470789284, '1470272190', 203, 2, ''),
(841, 'charge1630509', 1470789293, '1470272190', 1470789298, 1, 1004, 1470789298, '1470272190', 204, 2, ''),
(842, 'charge1630509', 1470789327, '1470272190', 1470789329, 1, 1005, 1470789329, '1470272190', 202, 2, ''),
(843, 'admin', 1470791856, '1469501045', 1471050542, 1, 1006, 1471050542, '1469501045', 205, 1, ''),
(844, 'admin', 1470791870, NULL, NULL, 0, 1007, NULL, '1469520428', 205, 1, ''),
(845, 'admin', 1470791891, NULL, NULL, 0, 1008, NULL, '1469847050', 205, 1, ''),
(846, 'admin', 1470791904, '1470272190', 1470874291, 1, 1009, 1470874291, '1470272190', 205, 1, ''),
(847, 'admin', 1470792145, '1469501045', 1471050543, 1, 1010, 1471050543, '1469501045', 205, 1, ''),
(848, 'admin', 1470792145, '1469501045', 1471050545, 1, 1011, 1471050545, '1469501045', 205, 1, ''),
(849, 'admin', 1470792510, '1469493032', 1474628648, 1, 1012, 1474628648, '1469493032', 205, 1, ''),
(850, 'admin', 1470792521, '1469501045', 1471050547, 1, 1013, 1471050547, '1469501045', 205, 1, ''),
(851, 'admin', 1470792548, NULL, NULL, 0, 1014, NULL, '1469520428', 205, 1, ''),
(852, 'admin', 1470792633, NULL, NULL, 0, 1015, NULL, '1469847050', 205, 1, ''),
(853, 'admin', 1470792642, '1470272190', 1470874292, 1, 1016, 1470874292, '1470272190', 205, 1, ''),
(854, 'charge1630603', 1472866339, '1469501045', 1472866342, 1, 1017, 1472866342, '1469501045', 203, 2, ''),
(855, 'charge1630603', 1472866387, '1469501045', 1472866391, 1, 1018, 1472866391, '1469501045', 204, 2, ''),
(856, 'charge1630603', 1473039585, '1469501045', 1473039587, 1, 1019, 1473039587, '1469501045', 202, 2, ''),
(858, '8705', 1474877414, '1474855494', 1474877415, 1, 1021, 1474877415, '1474855494', 413, 2, '{"emergency":"112233","unit":0,"courier":[{"id":"32","name":"EMS","phone":"123456"}]}'),
(961, 'charge1630922', 1486195879, NULL, NULL, 0, 1124, NULL, '1478503957', 413, 2, '{"emergency":"123456789","unit":"30.00","courier":[{"id":"34","name":"EMS","phone":"13706228605"}]}'),
(962, 'charge1630922', 1486195894, NULL, NULL, 0, 1125, NULL, '1478655872', 413, 2, '{"emergency":"123456789","unit":"30.00","courier":[{"id":"34","name":"EMS","phone":"13706228605"}]}');

-- --------------------------------------------------------

--
-- Table structure for table `wf_sys_company`
--

DROP TABLE IF EXISTS `wf_sys_company`;
CREATE TABLE IF NOT EXISTS `wf_sys_company` (
  `id` int(11) NOT NULL AUTO_INCREMENT,
  `createuser` varchar(50) DEFAULT NULL,
  `createtime` int(11) DEFAULT NULL,
  `updateuser` varchar(50) DEFAULT NULL,
  `updatetime` int(11) DEFAULT NULL,
  `sysid` varchar(20) DEFAULT NULL,
  `status` int(1) DEFAULT NULL,
  `name` varchar(200) DEFAULT NULL,
  `shortname` varchar(100) DEFAULT NULL,
  `code` varchar(50) DEFAULT NULL,
  `address` varchar(500) DEFAULT NULL,
  `linkman` varchar(20) DEFAULT NULL,
  `phone` varchar(50) DEFAULT NULL,
  `email` varchar(200) DEFAULT NULL,
  `type` int(2) DEFAULT NULL,
  `regdate` int(11) DEFAULT NULL,
  `issms` int(1) DEFAULT NULL,
  `cc` varchar(10) DEFAULT NULL,
  `isapi` int(1) DEFAULT NULL,
  `apikey` varchar(50) DEFAULT NULL,
  `apitype` int(2) DEFAULT NULL,
  `apiurl` varchar(200) DEFAULT NULL,
  PRIMARY KEY (`id`)
) ENGINE=InnoDB  DEFAULT CHARSET=utf8 CHECKSUM=1 DELAY_KEY_WRITE=1 ROW_FORMAT=DYNAMIC COMMENT='公司信息' AUTO_INCREMENT=17 ;

--
-- Dumping data for table `wf_sys_company`
--

INSERT INTO `wf_sys_company` (`id`, `createuser`, `createtime`, `updateuser`, `updatetime`, `sysid`, `status`, `name`, `shortname`, `code`, `address`, `linkman`, `phone`, `email`, `type`, `regdate`, `issms`, `cc`, `isapi`, `apikey`, `apitype`, `apiurl`) VALUES
(9, 'admin', 1469434531, 'admin', 1478662079, NULL, 1, '1670412', 'Romania', '001', 'winnsen', 'charge', '13706228605', '123456@163.com', 1, 1469434531, 1, '40', 0, '', 1, ''),
(10, 'admin', 1469494257, 'admin', 1477983192, NULL, 1, '1630603', 'Brazil', '002', 'winnsen', 'charge', '13706228605', '123456@163.com', 1, 1469494257, 1, '86', 0, '', 1, ''),
(11, 'admin', 1469518848, 'admin', 1472866050, NULL, 1, '1670430', 'Denmark', '003', 'winnsen', 'charge', '13706228605', '123456@163.com', 1, 1469518848, 1, '45', 0, '', 1, ''),
(12, 'admin', 1469602446, 'admin', 1472866157, NULL, 1, '1630606', '\r\nRepublic of Trinidad and Tobago', '004', 'winnsen', 'charge', '13706228605', '123456@163.com', 1, 1469602446, 1, '1868', 0, '', 1, ''),
(13, 'admin', 1470270404, 'admin', 1472866181, NULL, 1, '1630509', 'America', '005', 'winnsen', 'charge', '13706228605', '123456@163.com', 1, 1470270404, 1, '1', 0, '', 1, ''),
(14, 'admin', 1474855096, NULL, NULL, NULL, 1, 'winnsen', 'Winnsen Industry', 'test', 'winnsen', 'charge', '13706228705', '123456@163.com', 1, 1474855096, 1, '86', 0, '', 1, ''),
(15, 'admin', 1477120402, 'admin', 1477530835, NULL, 1, '1620914', 'Spain', '006', 'winnsen', 'charge', '13706228605', '123456@163.com', 1, 1477120402, 1, '34', 0, '', 1, ''),
(16, 'admin', 1478503191, 'admin', 1478503214, NULL, 1, '1630922', 'Albania', '007', 'winnsen', 'charge', '13706228605', '123456@163.com', 1, 1478503191, 1, '86', 0, '', 1, '');

-- --------------------------------------------------------

--
-- Table structure for table `wf_sys_companyclient`
--

DROP TABLE IF EXISTS `wf_sys_companyclient`;
CREATE TABLE IF NOT EXISTS `wf_sys_companyclient` (
  `companyid` int(11) DEFAULT NULL,
  `clientid` int(11) DEFAULT NULL,
  UNIQUE KEY `companyid` (`companyid`,`clientid`),
  KEY `clientid` (`clientid`)
) ENGINE=InnoDB DEFAULT CHARSET=utf8 CHECKSUM=1 DELAY_KEY_WRITE=1 ROW_FORMAT=DYNAMIC;

--
-- Dumping data for table `wf_sys_companyclient`
--

INSERT INTO `wf_sys_companyclient` (`companyid`, `clientid`) VALUES
(9, 51),
(10, 52),
(10, 58),
(11, 53),
(12, 54),
(13, 55),
(14, 56),
(14, 62),
(15, 57),
(16, 59),
(16, 60);

-- --------------------------------------------------------

--
-- Table structure for table `wf_sys_companyuser`
--

DROP TABLE IF EXISTS `wf_sys_companyuser`;
CREATE TABLE IF NOT EXISTS `wf_sys_companyuser` (
  `companyid` int(11) DEFAULT NULL,
  `userid` int(11) DEFAULT NULL,
  UNIQUE KEY `companyid` (`companyid`,`userid`),
  KEY `userid` (`userid`)
) ENGINE=InnoDB DEFAULT CHARSET=utf8 CHECKSUM=1 DELAY_KEY_WRITE=1 ROW_FORMAT=DYNAMIC COMMENT='公司用户关系';

--
-- Dumping data for table `wf_sys_companyuser`
--

INSERT INTO `wf_sys_companyuser` (`companyid`, `userid`) VALUES
(9, 106),
(10, 107),
(11, 110),
(12, 111),
(13, 112),
(14, 1),
(14, 93),
(14, 113),
(15, 115),
(16, 118);

-- --------------------------------------------------------

--
-- Table structure for table `wf_sys_config`
--

DROP TABLE IF EXISTS `wf_sys_config`;
CREATE TABLE IF NOT EXISTS `wf_sys_config` (
  `id` int(11) NOT NULL AUTO_INCREMENT,
  `updateuser` varchar(50) DEFAULT NULL,
  `updatetime` int(11) DEFAULT NULL,
  `sysid` varchar(20) DEFAULT NULL,
  `status` int(1) DEFAULT NULL,
  `companyid` int(11) DEFAULT NULL,
  `type` varchar(100) DEFAULT NULL,
  `key` varchar(100) DEFAULT NULL,
  `value` varchar(200) DEFAULT NULL,
  `remark` varchar(500) DEFAULT NULL,
  PRIMARY KEY (`id`)
) ENGINE=MyISAM  DEFAULT CHARSET=utf8 CHECKSUM=1 DELAY_KEY_WRITE=1 ROW_FORMAT=DYNAMIC COMMENT='系统配置信息' AUTO_INCREMENT=25 ;

--
-- Dumping data for table `wf_sys_config`
--

INSERT INTO `wf_sys_config` (`id`, `updateuser`, `updatetime`, `sysid`, `status`, `companyid`, `type`, `key`, `value`, `remark`) VALUES
(10, NULL, NULL, NULL, 1, NULL, NULL, 'access', '澳大利亚洗衣柜', NULL),
(11, NULL, NULL, NULL, 1, NULL, NULL, 'certificate', '证件打印柜', NULL),
(12, NULL, NULL, NULL, 1, NULL, NULL, 'vending', '自动售货柜', NULL),
(13, NULL, NULL, NULL, 1, NULL, NULL, 'serialno', '1126', NULL),
(14, 'company', 1467341494, 'access', 1, NULL, NULL, 'freetime', '1', '以洗衣店存放时间为开始时间，N小时内免费存放'),
(15, 'company', 1467341504, 'access', 1, NULL, NULL, 'fee', '5', '超过免费时长，按N元每小时收取滞留费，不满1小时按1小时计算'),
(16, 'company', 1466409951, 'access', 1, NULL, NULL, 'tax', '1', '税率，以百分之N填入'),
(22, NULL, NULL, 'logistics', 1, NULL, NULL, 'norm', '1620914', '[2,2,2,2,2,2,2,2,2,2,2,2,2,2,2,2,2,2,2,2,2,2,1,1,1,1,1,1,1,1]'),
(23, NULL, NULL, 'logistics', 1, NULL, NULL, 'norm', '1630922', '[0,2,2,2,2,2,1,1,0,2,2,2,2,2,1,1,0,2,2,2,2,2,1,1,0,2,2,2,2,2,1,1,0,2,2,2,2,2,1,1,0,2,2,2,2,2,1,1,0,2,2,2,2,2,1,1,0,2,2,2,2,2,1,1]'),
(24, NULL, NULL, 'logistics', 1, NULL, NULL, 'norm', 'ws000001', '[0,2,2,2,2,2,1,1,0,0,1,1,0,2,2,2,2,2,1,1,0,2,2,2,2,2,1,1]');

-- --------------------------------------------------------

--
-- Table structure for table `wf_sys_item`
--

DROP TABLE IF EXISTS `wf_sys_item`;
CREATE TABLE IF NOT EXISTS `wf_sys_item` (
  `id` int(11) NOT NULL AUTO_INCREMENT,
  `createuser` varchar(50) DEFAULT NULL,
  `createtime` int(11) DEFAULT NULL,
  `updateuser` varchar(50) DEFAULT NULL,
  `updatetime` int(11) DEFAULT NULL,
  `name` varchar(50) DEFAULT NULL,
  `code` varchar(100) DEFAULT NULL,
  `itemname` varchar(100) DEFAULT NULL,
  `value` varchar(200) DEFAULT NULL,
  `sort` int(11) DEFAULT NULL,
  PRIMARY KEY (`id`)
) ENGINE=MyISAM  DEFAULT CHARSET=utf8 COMMENT='代码字典' AUTO_INCREMENT=84 ;

--
-- Dumping data for table `wf_sys_item`
--

INSERT INTO `wf_sys_item` (`id`, `createuser`, `createtime`, `updateuser`, `updatetime`, `name`, `code`, `itemname`, `value`, `sort`) VALUES
(4, 'admin', 1457420483, '', NULL, '通讯代码', 'comm_code', '402', '注册终端失败，注册信息错误', NULL),
(3, 'admin', 1457420483, '', NULL, '通讯代码', 'comm_code', '401', '下发命令确认失败，确认数据不存在', NULL),
(5, 'admin', 1457420483, '', NULL, '通讯代码', 'comm_code', '403', '注册终端失败，终端已注册', NULL),
(6, 'admin', 1457420483, '', NULL, '通讯代码', 'comm_code', '501', '数据库新增错误', NULL),
(7, 'admin', 1457420483, '', NULL, '通讯代码', 'comm_code', '404', '注销终端失败，终端信息不存在', NULL),
(8, 'admin', 1457420483, '', NULL, '通讯代码', 'comm_code', '405', '注销终端失败，柜子中存在物品', NULL),
(9, 'admin', 1457420483, '', NULL, '通讯代码', 'comm_code', '502', '数据库更新错误', NULL),
(10, 'admin', 1457420483, '', NULL, '通讯代码', 'comm_code', '406', '停用柜子失败，终端非正常使用状态', NULL),
(11, 'admin', 1457420483, '', NULL, '通讯代码', 'comm_code', '407', '停用柜子失败，柜子非正常使用状态', NULL),
(12, 'admin', 1457420483, '', NULL, '通讯代码', 'comm_code', '408', '停用柜子失败，柜子中存有物品无法停用', NULL),
(13, 'admin', 1457420483, '', NULL, '通讯代码', 'comm_code', '409', '停用柜子失败，柜子信息不存在', NULL),
(14, 'admin', 1457420483, '', NULL, '通讯代码', 'comm_code', '410', '停用终端失败，终端信息不存在', NULL),
(15, 'admin', 1457420483, '', NULL, '通讯代码', 'comm_code', '411', '停用终端失败，终端非正常使用状态', NULL),
(16, 'admin', 1457420483, '', NULL, '通讯代码', 'comm_code', '412', '停用终端失败，柜子中存有物品无法停用', NULL),
(17, 'admin', 1457420483, '', NULL, '通讯代码', 'comm_code', '413', '维护终端失败，终端信息不存在', NULL),
(18, 'admin', 1457420483, '', NULL, '通讯代码', 'comm_code', '414', '维护终端失败，终端非正常使用状态', NULL),
(19, 'admin', 1457420483, '', NULL, '通讯代码', 'comm_code', '415', '维护终端失败，柜子中存有物品无法停用', NULL),
(20, 'admin', 1457420483, '', NULL, '通讯代码', 'comm_code', '400', '通讯指令错误', NULL),
(21, 'admin', 1457420483, '', NULL, '通讯代码', 'comm_code', '416', '启用柜子失败，终端非正常使用状态', NULL),
(22, 'admin', 1457420483, '', NULL, '通讯代码', 'comm_code', '417', '启用柜子失败，柜子非停用或维护状态', NULL),
(23, 'admin', 1457420483, '', NULL, '通讯代码', 'comm_code', '418', '启用柜子失败，柜子信息不存在', NULL),
(24, 'admin', 1457420483, '', NULL, '通讯代码', 'comm_code', '419', '启用终端失败，终端非停用或维护状态', NULL),
(25, 'admin', 1457420483, '', NULL, '通讯代码', 'comm_code', '420', '启用终端失败，终端信息不存在', NULL),
(26, 'admin', 1457420483, '', NULL, '产品有效标示', 'product_valid', '1', '有效', NULL),
(27, 'admin', 1457420483, '', NULL, '产品有效标示', 'product_valid', '0', '作废', NULL),
(28, 'admin', 1457420483, '', NULL, '产品类型', 'product_type', '1', '实物类商品', 1),
(29, 'admin', 1457420483, '', NULL, '产品类型', 'product_type', '2', '服务类商品', 2),
(30, 'admin', 1457420483, '', NULL, '送货清单状态', 'consignment_status', '1', '生成未上货', NULL),
(31, 'admin', 1457420483, '', NULL, '送货清单状态', 'consignment_status', '2', '已上货完成', NULL),
(32, 'admin', 1457420483, '', NULL, '送货清单状态', 'consignment_status', '0', '清单已作废', NULL),
(33, 'admin', 1457420483, '', NULL, '柜子状态', 'box_status', '1', '启用', NULL),
(34, 'admin', 1457420483, '', NULL, '柜子状态', 'box_status', '2', '停用', NULL),
(35, 'admin', 1457420483, '', NULL, '柜子状态', 'box_status', '3', '维护', NULL),
(36, 'admin', 1457420483, '', NULL, '通讯代码', 'comm_code', '421', '获取近效期数据错误，终端数据不存在', NULL),
(37, 'admin', 1457420483, '', NULL, '通讯代码', 'comm_code', '422', '上报送货数据有误，该终端不存在送货送货清单信息', NULL),
(43, 'admin', 1457420483, '', NULL, '用户卡状态', 'consumer_status', '1', '正常', NULL),
(42, 'admin', 1457420483, '', NULL, '用户卡状态', 'consumer_status', '0', '注销', NULL),
(40, 'admin', 1457420483, '', NULL, '用户卡类型', 'consumer_type', '1', '会员', 1),
(41, 'admin', 1457420483, '', NULL, '用户卡类型', 'consumer_type', '2', '送货员', 2),
(44, 'admin', 1457420483, '', NULL, '用户卡状态', 'consumer_status', '2', '挂失', NULL),
(45, 'admin', 1457420483, '', NULL, '通讯代码', 'comm_code', '423', '刷卡参数错误', NULL),
(49, 'admin', 1457420483, '', NULL, '通讯代码', 'comm_code', '425', '客户端异常', NULL),
(46, 'admin', 1457420483, '', NULL, '通讯代码', 'comm_code', '424', '刷卡卡号不存在', NULL),
(47, 'admin', 1457420483, '', NULL, '通讯代码', 'comm_code', '200', '通讯成功', NULL),
(48, 'admin', 1457420483, '', NULL, '通讯代码', 'comm_code', '201', '送货员验证成功', NULL),
(50, 'admin', 1457420483, '', NULL, '通讯代码', 'comm_code', '202', '流水号存在，服务器未执行任何操作', NULL),
(51, 'admin', 1457420483, '', NULL, '通讯代码', 'comm_code', '426', '上报销售数据时更新库存信息失败', NULL),
(52, 'admin', 1457420483, '', NULL, '付款方式', 'pay_type', '1', '纸币', NULL),
(53, 'admin', 1457420483, '', NULL, '付款方式', 'pay_type', '2', '硬币', NULL),
(54, 'admin', 1457420483, '', NULL, '付款方式', 'pay_type', '3', '会员卡', NULL),
(55, 'admin', 1457420483, '', NULL, '付款方式', 'pay_type', '4', '信用卡1', NULL),
(56, 'admin', 1457420483, '', NULL, '付款方式', 'pay_type', '5', '信用卡2', NULL),
(57, 'admin', 1457420483, '', NULL, '付款方式', 'pay_type', '6', '信用卡3', NULL),
(58, 'admin', 1457420483, '', NULL, '付款方式', 'pay_type', '7', '支付宝', NULL),
(59, 'admin', 1457420483, '', NULL, '付款方式', 'pay_type', '8', '微信', NULL),
(60, 'admin', 1457420483, NULL, NULL, '通讯代码', 'comm_code', '427', '证件打印身份证或条形码信息错误', NULL),
(61, NULL, NULL, NULL, NULL, '终端类型', 'client_type', '1', '手机充电柜', NULL),
(62, NULL, NULL, NULL, NULL, '终端类型', 'client_type', '2', '生鲜投递柜', NULL),
(63, NULL, NULL, NULL, NULL, '终端类型', 'client_type', '3', '投取柜', NULL),
(64, NULL, NULL, NULL, NULL, '终端类型', 'client_type', '4', '自动售货机', NULL),
(65, 'admin', 1457420483, NULL, NULL, '终端类型', 'client_type', '5', '自动化仓库', NULL),
(66, 'admin', 1457420483, NULL, NULL, '终端类型', 'client_type', '6', '储物柜', NULL),
(67, 'admin', 1457420483, NULL, NULL, '终端类型', 'client_type', '7', '证件打印柜', NULL),
(68, 'admin', 1457420483, NULL, NULL, '通讯代码', 'comm_code', '428', '证件信息不存在', NULL),
(69, NULL, NULL, NULL, NULL, '通讯代码', 'comm_code', '429', '证件有效期已过期', NULL),
(70, NULL, NULL, NULL, NULL, '通讯代码', 'comm_code', '430', '证件无效', NULL),
(71, NULL, NULL, NULL, NULL, '店铺状态', 'store_status', '0', '注销', NULL),
(72, NULL, NULL, NULL, NULL, '店铺状态', 'store_status', '1', '正常', NULL),
(73, NULL, NULL, NULL, NULL, '通讯代码', 'comm_code', '431', '通讯参数错误', NULL),
(74, NULL, NULL, NULL, NULL, '通讯代码', 'comm_code', '432', '进行中的订单信息不存在', NULL),
(75, NULL, NULL, NULL, NULL, '通讯代码', 'comm_code', '433', '进行中的订单明细不存在', NULL),
(76, NULL, NULL, NULL, NULL, '通讯代码', 'comm_code', '434', '雇员信息验证失败', NULL),
(77, NULL, NULL, NULL, NULL, '通讯代码', 'comm_code', '435', '短信模板不存在', NULL),
(78, NULL, NULL, NULL, NULL, '通讯代码', 'comm_code', '436', '短信发送失败', NULL),
(79, NULL, NULL, NULL, NULL, '通讯代码', 'comm_code', '203', '短信发送成功', NULL),
(80, NULL, NULL, NULL, NULL, '通讯代码', 'comm_code', '437', '终端配置信息错误，未绑定运营商或供应商', NULL),
(81, NULL, NULL, NULL, NULL, '通讯代码', 'comm_code', '438', '未配置支付信息', NULL),
(82, NULL, NULL, NULL, NULL, '通讯代码', 'comm_code', '439', '支付失败', NULL),
(83, NULL, NULL, NULL, NULL, '通讯代码', 'comm_code', '204', '已支付', NULL);

-- --------------------------------------------------------

--
-- Table structure for table `wf_sys_log`
--

DROP TABLE IF EXISTS `wf_sys_log`;
CREATE TABLE IF NOT EXISTS `wf_sys_log` (
  `id` int(11) NOT NULL AUTO_INCREMENT,
  `username` varchar(5000) DEFAULT NULL,
  `time` int(11) DEFAULT NULL,
  `ip` varchar(20) DEFAULT NULL,
  `module` varchar(100) DEFAULT NULL,
  `action` varchar(200) DEFAULT NULL,
  `info` varchar(5000) DEFAULT NULL,
  PRIMARY KEY (`id`)
) ENGINE=MyISAM  DEFAULT CHARSET=utf8 CHECKSUM=1 DELAY_KEY_WRITE=1 ROW_FORMAT=DYNAMIC COMMENT='系统操作日志' AUTO_INCREMENT=1476 ;

--
-- Dumping data for table `wf_sys_log`
--

INSERT INTO `wf_sys_log` (`id`, `username`, `time`, `ip`, `module`, `action`, `info`) VALUES
(1, 'admin', 1474860988, '222.92.124.66', '', '/Admin/Index/index', NULL),
(2, 'admin', 1474860992, '222.92.124.66', '', '/Admin/Index/formatterJsCurd', 'JsCurd调用'),
(3, 'admin', 1474860992, '222.92.124.66', '', '/Admin/Index/formatterJsLogistics', '物流柜formatterJS'),
(4, 'admin', 1474860992, '222.92.124.66', '', '/Admin/Index/formatterJs', 'formatter多语言'),
(5, 'admin', 1474860994, '222.92.124.66', '', '/Admin/Logistics/getSalesInfoPanel', NULL),
(6, 'admin', 1474860995, '222.92.124.66', '', '/Admin/Logistics/getNewsInfoPanel', NULL),
(7, 'admin', 1474860995, '222.92.124.66', '', '/Admin/LogisticsStatistics/ajaxStorage2', NULL),
(8, 'admin', 1474860995, '222.92.124.66', '', '/Admin/LogisticsOrder/ajaxGetSixOrderList', NULL),
(9, 'admin', 1474860999, '222.92.124.66', '', '/Admin/SysAuthorization/toList', NULL),
(10, 'admin', 1474861000, '222.92.124.66', '', '/Admin/SysAuthorization/ajaxList', NULL),
(11, 'admin', 1474861003, '222.92.124.66', '', '/Admin/SysAuthorization/toAllotAuthList', NULL),
(12, 'admin', 1474861004, '222.92.124.66', '', '/Admin/SysRole/ajaxListByAuth', NULL),
(13, 'admin', 1474861004, '222.92.124.66', '', '/Admin/SysAuthorization/ajaxListByRole', NULL),
(14, 'admin', 1474861006, '222.92.124.66', '', '/Admin/SysAuthorization/ajaxListByRole', NULL),
(15, 'admin', 1474861008, '222.92.124.66', '', '/Admin/SysAuthorization/ajaxListByRole', NULL),
(16, 'admin', 1474861010, '222.92.124.66', '', '/Admin/SysRole/toList', NULL),
(17, 'admin', 1474861011, '222.92.124.66', '', '/Admin/SysRole/ajaxList', NULL),
(18, 'admin', 1474861013, '222.92.124.66', '', '/Admin/SysUser/toList', NULL),
(19, 'admin', 1474861014, '222.92.124.66', '', '/Admin/SysUser/ajaxList', NULL),
(20, 'admin', 1474861021, '222.92.124.66', '', '/Admin/SysUser/ajaxGetDataById', NULL),
(21, 'admin', 1474861085, '222.92.124.66', '', '/Admin/SysUser/ajaxEdit', NULL),
(22, 'admin', 1474861086, '222.92.124.66', '', '/Admin/SysUser/ajaxList', NULL),
(23, 'admin', 1474861090, '222.92.124.66', '', '/Admin/SysUser/ajaxGetDataById', NULL),
(24, 'admin', 1474861098, '222.92.124.66', '', '/Admin/SysUser/ajaxGetDataById', NULL),
(25, 'admin', 1474861126, '222.92.124.66', '', '/Admin/SysUser/ajaxGetDataById', NULL),
(26, 'admin', 1474861143, '222.92.124.66', '', '/Admin/SysUser/ajaxEdit', NULL),
(27, 'admin', 1474861144, '222.92.124.66', '', '/Admin/SysUser/ajaxList', NULL),
(28, 'admin', 1474861148, '222.92.124.66', '', '/Admin/SysUser/ajaxGetDataById', NULL),
(29, 'admin', 1474861166, '222.92.124.66', '', '/Admin/SysUser/ajaxEdit', NULL),
(30, 'admin', 1474861167, '222.92.124.66', '', '/Admin/SysUser/ajaxList', NULL),
(31, 'admin', 1474861183, '222.92.124.66', '', '/Admin/SysCompany/toList', NULL),
(32, 'admin', 1474861185, '222.92.124.66', '', '/Admin/SysCompany/ajaxList', NULL),
(33, 'admin', 1474861219, '222.92.124.66', '', '/Admin/SysCompany/ajaxList', NULL),
(34, 'admin', 1474861237, '222.92.124.66', '', '/Admin/SysRole/ajaxList', NULL),
(35, 'admin', 1474861238, '222.92.124.66', '', '/Admin/SysUser/ajaxList', NULL),
(36, 'admin', 1474861239, '222.92.124.66', '', '/Admin/SysUser/toAllotUserList', NULL),
(37, 'admin', 1474861240, '222.92.124.66', '', '/Admin/SysUser/ajaxListByRole', NULL),
(38, 'admin', 1474861241, '222.92.124.66', '', '/Admin/SysRole/ajaxListByUser', NULL),
(39, 'admin', 1474861243, '222.92.124.66', '', '/Admin/SysCompany/ajaxList', NULL),
(40, 'admin', 1474861246, '222.92.124.66', '', '/Admin/SysCompany/toList', NULL),
(41, 'admin', 1474861247, '222.92.124.66', '', '/Admin/SysCompany/ajaxList', NULL),
(42, 'admin', 1474861248, '222.92.124.66', '', '/Admin/SysCompany/toAllotCompanyList', NULL),
(43, 'admin', 1474861249, '222.92.124.66', '', '/Admin/SysCompany/ajaxListByUser', NULL),
(44, 'admin', 1474861249, '222.92.124.66', '', '/Admin/SysUser/ajaxListByCompany', NULL),
(45, 'admin', 1474861250, '222.92.124.66', '', '/Admin/SysClient/toAllotClientList', NULL),
(46, 'admin', 1474861251, '222.92.124.66', '', '/Admin/SysCompany/ajaxListByClient', NULL),
(47, 'admin', 1474861251, '222.92.124.66', '', '/Admin/SysClient/ajaxListByCompany', NULL),
(48, 'admin', 1474862159, '222.92.124.66', '', '/Admin/SysUser/ajaxGetDataById', NULL),
(49, 'admin', 1474862226, '222.92.124.66', '', '/Admin/SysRole/ajaxListByUser', NULL),
(50, 'admin', 1474862229, '222.92.124.66', '', '/Admin/SysRole/ajaxListByUser', NULL),
(51, 'admin', 1474862517, '222.92.124.66', '', '/Admin/SysUser/ajaxList', NULL),
(52, 'admin', 1474862525, '222.92.124.66', '', '/Admin/SysCompany/ajaxList', NULL),
(53, 'admin', 1474862545, '222.92.124.66', '', '/Admin/SysUser/ajaxListByRole', NULL),
(54, 'admin', 1474862561, '222.92.124.66', '', '/Admin/SysUser/ajaxListByRole', NULL),
(55, 'admin', 1474862684, '222.92.124.66', '', '/Admin/SysUser/ajaxList', NULL),
(56, 'admin', 1474862712, '222.92.124.66', '', '/Admin/SysUser/ajaxList', NULL),
(57, 'admin', 1474862717, '222.92.124.66', '', '/Admin/SysUser/ajaxListByRole', NULL),
(58, 'admin', 1474862725, '222.92.124.66', '', '/Admin/SysRole/ajaxListByUser', NULL),
(59, 'admin', 1474862727, '222.92.124.66', '', '/Admin/SysRole/ajaxListByUser', NULL),
(60, 'admin', 1474862728, '222.92.124.66', '', '/Admin/SysRole/ajaxListByUser', NULL),
(61, 'admin', 1474862729, '222.92.124.66', '', '/Admin/SysRole/ajaxListByUser', NULL),
(62, 'admin', 1474862730, '222.92.124.66', '', '/Admin/SysRole/ajaxListByUser', NULL),
(63, 'admin', 1474862731, '222.92.124.66', '', '/Admin/SysRole/ajaxListByUser', NULL),
(64, 'admin', 1474862732, '222.92.124.66', '', '/Admin/SysRole/ajaxListByUser', NULL),
(65, 'admin', 1474862736, '222.92.124.66', '', '/Admin/SysRole/ajaxListByUser', NULL),
(66, 'admin', 1474862738, '222.92.124.66', '', '/Admin/SysRole/ajaxAddUser', NULL),
(67, 'admin', 1474862743, '222.92.124.66', '', '/Admin/SysCompany/ajaxList', NULL),
(68, 'admin', 1474862747, '222.92.124.66', '', '/Admin/SysUser/ajaxListByCompany', NULL),
(69, 'admin', 1474862760, '222.92.124.66', '', '/Admin/SysCompany/ajaxListByUser', NULL),
(70, 'admin', 1474862765, '222.92.124.66', '', '/Admin/SysCompany/ajaxListByUser', NULL),
(71, 'admin', 1474862768, '222.92.124.66', '', '/Admin/SysCompany/ajaxAddUser', NULL),
(72, 'admin', 1474862769, '222.92.124.66', '', '/Admin/SysCompany/ajaxListByUser', NULL),
(73, 'admin', 1474862771, '222.92.124.66', '', '/Admin/SysCompany/ajaxAddUser', NULL),
(74, 'admin', 1474862773, '222.92.124.66', '', '/Admin/SysCompany/ajaxListByUser', NULL),
(75, 'admin', 1474862775, '222.92.124.66', '', '/Admin/SysCompany/ajaxListByUser', NULL),
(76, 'admin', 1474862777, '222.92.124.66', '', '/Admin/SysCompany/ajaxListByUser', NULL),
(77, 'admin', 1474862779, '222.92.124.66', '', '/Admin/SysCompany/ajaxListByUser', NULL),
(78, 'admin', 1474862781, '222.92.124.66', '', '/Admin/SysCompany/ajaxListByUser', NULL),
(79, 'admin', 1474862782, '222.92.124.66', '', '/Admin/SysCompany/ajaxListByUser', NULL),
(80, 'admin', 1474862786, '222.92.124.66', '', '/Admin/SysClient/ajaxListByCompany', NULL),
(81, 'admin', 1474862788, '222.92.124.66', '', '/Admin/SysClient/ajaxListByCompany', NULL),
(82, 'admin', 1474862790, '222.92.124.66', '', '/Admin/SysCompany/ajaxListByClient', NULL),
(83, 'admin', 1474862792, '222.92.124.66', '', '/Admin/SysCompany/ajaxListByClient', NULL),
(84, 'admin', 1474862794, '222.92.124.66', '', '/Admin/SysCompany/ajaxListByClient', NULL),
(85, 'admin', 1474862863, '222.92.124.66', '', '/Admin/LogisticsClient/logisticsClientList', NULL),
(86, 'admin', 1474862866, '222.92.124.66', '', '/Admin/LogisticsClient/ajaxLogisticsClientList', NULL),
(87, 'admin', 1474862870, '222.92.124.66', '', '/Admin/LogisticsClient/ajaxGetDataById', NULL),
(88, 'admin', 1474862880, '222.92.124.66', '', '/Admin/LogisticsClient/ajaxGetDataById', NULL),
(89, 'admin', 1474862882, '222.92.124.66', '', '/Admin/LogisticsClient/ajaxGetDataById', NULL),
(90, 'admin', 1474862911, '222.92.124.66', '', '/Admin/LogisticsClient/ajaxLogisticsClientList', NULL),
(91, 'admin', 1474862922, '222.92.124.66', '', '/Admin/Index/index', NULL),
(92, 'admin', 1474862923, '222.92.124.66', '', '/Admin/Index/formatterJsCurd', 'JsCurd调用'),
(93, 'admin', 1474862923, '222.92.124.66', '', '/Admin/Index/formatterJs', 'formatter多语言'),
(94, 'admin', 1474862923, '222.92.124.66', '', '/Admin/Index/formatterJsLogistics', '物流柜formatterJS'),
(95, 'admin', 1474862944, '222.92.124.66', '', '/Admin/Logistics/getNewsInfoPanel', NULL),
(96, 'admin', 1474862945, '222.92.124.66', '', '/Admin/Logistics/getSalesInfoPanel', NULL),
(97, 'admin', 1474862945, '222.92.124.66', '', '/Admin/LogisticsOrder/ajaxGetSixOrderList', NULL),
(98, 'admin', 1474862945, '222.92.124.66', '', '/Admin/LogisticsStatistics/ajaxStorage2', NULL),
(99, 'admin', 1474862948, '222.92.124.66', '', '/Admin/SysClient/milkClientList', '跳转终端配置页面'),
(100, 'admin', 1474862952, '222.92.124.66', '', '/Admin/Index/outLogin', NULL),
(101, NULL, 1474862952, '222.92.124.66', '', '/Admin/Index/login', NULL),
(102, NULL, 1474862953, '222.92.124.66', '', '/Admin/Index/formatterJsCurd', 'JsCurd调用'),
(103, NULL, 1474862953, '222.92.124.66', '', '/Admin/Index/formatterJs', 'formatter多语言'),
(104, NULL, 1474862953, '222.92.124.66', '', '/Admin/Index/formatterJsLogistics', '物流柜formatterJS'),
(105, NULL, 1474862968, '222.92.124.66', '', '/Admin/Index/doLogin', NULL),
(106, '8705', 1474862968, '222.92.124.66', '', '/Admin/Index/index', NULL),
(107, '8705', 1474862969, '222.92.124.66', '', '/Admin/Index/formatterJsCurd', 'JsCurd调用'),
(108, '8705', 1474862969, '222.92.124.66', '', '/Admin/Index/formatterJsLogistics', '物流柜formatterJS'),
(109, '8705', 1474862969, '222.92.124.66', '', '/Admin/Index/formatterJs', 'formatter多语言'),
(110, '8705', 1474862971, '222.92.124.66', '', '/Admin/Logistics/getNewsInfoPanel', NULL),
(111, '8705', 1474862972, '222.92.124.66', '', '/Admin/Logistics/getSalesInfoPanel', NULL),
(112, '8705', 1474862972, '222.92.124.66', '', '/Admin/LogisticsOrder/ajaxGetSixOrderList', NULL),
(113, '8705', 1474862974, '222.92.124.66', '', '/Admin/LogisticsClient/logisticsClientList', NULL),
(114, '8705', 1474862974, '222.92.124.66', '', '/Admin/LogisticsStatistics/ajaxStorage2', NULL),
(115, '8705', 1474862979, '222.92.124.66', '', '/Admin/LogisticsClient/ajaxLogisticsClientList', NULL),
(116, '8705', 1474862982, '222.92.124.66', '', '/Admin/LogisticsClient/ajaxGetDataById', NULL),
(117, '8705', 1474862989, '222.92.124.66', '', '/Admin/LogisticsClient/ajaxGetConfigDataById', NULL),
(118, '8705', 1474863002, '222.92.124.66', '', '/Admin/LogisticsClient/logisticsStatusList', NULL),
(119, '8705', 1474863002, '222.92.124.66', '', '/Admin/LogisticsClient/ajaxLogisticsClientStatusList', NULL),
(120, '8705', 1474863005, '222.92.124.66', '', '/Admin/LogisticsBox/logisticsBoxStatusList', NULL),
(121, '8705', 1474863006, '222.92.124.66', '', '/Admin/LogisticsBox/ajaxLogisticsList', NULL),
(122, '8705', 1474863029, '222.92.124.66', '', '/Admin/LogisticsBox/ajaxLogisticsList', NULL),
(123, '8705', 1474863033, '222.92.124.66', '', '/Admin/LogisticsBox/ajaxLogisticsList', NULL),
(124, '8705', 1474863048, '222.92.124.66', '', '/Admin/LogisticsBox/ajaxLogisticsList', NULL),
(125, '8705', 1474863105, '222.92.124.66', '', '/Admin/LogisticsBox/ajaxLogisticsList', NULL),
(126, '8705', 1474863108, '222.92.124.66', '', '/Admin/LogisticsBox/ajaxLogisticsList', NULL),
(127, '8705', 1474863110, '222.92.124.66', '', '/Admin/LogisticsBox/ajaxLogisticsList', NULL),
(128, '8705', 1474863126, '222.92.124.66', '', '/Admin/LogisticsBox/ajaxLogisticsList', NULL),
(129, '8705', 1474863148, '222.92.124.66', '', '/Admin/LogisticsBox/ajaxLogisticsList', NULL),
(130, '8705', 1474863167, '222.92.124.66', '', '/Admin/LogisticsClient/ajaxLogisticsClientStatusList', NULL),
(131, '8705', 1474863171, '222.92.124.66', '', '/Admin/LogisticsBoxrecord/logisticsHistoryList', NULL),
(132, '8705', 1474863172, '222.92.124.66', '', '/Admin/LogisticsClient/ajaxSelectList', NULL),
(133, '8705', 1474863172, '222.92.124.66', '', '/Admin/LogisticsBoxrecord/ajaxLogisticsPrintList', NULL),
(134, '8705', 1474863173, '222.92.124.66', '', '/Admin/SysBox/toErrList', NULL),
(135, '8705', 1474863174, '222.92.124.66', '', '/Admin/SysBox/ajaxErrList', NULL),
(136, '8705', 1474863176, '222.92.124.66', '', '/Admin/LogisticsCourier/toList', NULL),
(137, '8705', 1474863178, '222.92.124.66', '', '/Admin/LogisticsClient/ajaxSelectList', NULL),
(138, '8705', 1474863178, '222.92.124.66', '', '/Admin/LogisticsCourier/ajaxList', NULL),
(139, '8705', 1474863180, '222.92.124.66', '', '/Admin/LogisticsCardinfo/toList', NULL),
(140, '8705', 1474863182, '222.92.124.66', '', '/Admin/LogisticsClient/ajaxSelectList', NULL),
(141, '8705', 1474863183, '222.92.124.66', '', '/Admin/LogisticsCourier/ajaxSelectList', NULL),
(142, '8705', 1474863183, '222.92.124.66', '', '/Admin/LogisticsCourier/ajaxSelectClientListByCourierid', NULL),
(143, '8705', 1474863183, '222.92.124.66', '', '/Admin/LogisticsCourier/ajaxSelectList', NULL),
(144, '8705', 1474863183, '222.92.124.66', '', '/Admin/LogisticsCardinfo/ajaxList', NULL),
(145, '8705', 1474863185, '222.92.124.66', '', '/Admin/LogisticsOrder/toInfoList', NULL),
(146, '8705', 1474863190, '222.92.124.66', '', '/Admin/LogisticsSmsstencil/logisticsSmsstencilList', NULL),
(147, '8705', 1474863191, '222.92.124.66', '', '/Admin/LogisticsCourier/ajaxSelectList', NULL),
(148, '8705', 1474863191, '222.92.124.66', '', '/Admin/LogisticsClient/ajaxSelectList', NULL),
(149, '8705', 1474863191, '222.92.124.66', '', '/Admin/LogisticsClient/ajaxSelectList', NULL),
(150, '8705', 1474863191, '222.92.124.66', '', '/Admin/LogisticsOrder/ajaxInfoList', NULL),
(151, '8705', 1474863191, '222.92.124.66', '', '/Admin/LogisticsSmsstencil/ajaxSmsstencilList', NULL),
(152, '8705', 1474863208, '222.92.124.66', '', '/Admin/LogisticsOrder/toInfoList', NULL),
(153, '8705', 1474863210, '222.92.124.66', '', '/Admin/LogisticsCourier/ajaxSelectList', NULL),
(154, '8705', 1474863210, '222.92.124.66', '', '/Admin/LogisticsClient/ajaxSelectList', NULL),
(155, '8705', 1474863210, '222.92.124.66', '', '/Admin/LogisticsClient/ajaxSelectList', NULL),
(156, '8705', 1474863210, '222.92.124.66', '', '/Admin/LogisticsOrder/ajaxInfoList', NULL),
(157, '8705', 1474863222, '222.92.124.66', '', '/Admin/Logistics/getSalesInfoPanel', NULL),
(158, '8705', 1474863223, '222.92.124.66', '', '/Admin/LogisticsStatistics/ajaxStorage2', NULL),
(159, '8705', 1474863232, '222.92.124.66', '', '/Admin/Index/outLogin', NULL),
(160, NULL, 1474863233, '222.92.124.66', '', '/Admin/Index/login', NULL),
(161, NULL, 1474863234, '222.92.124.66', '', '/Admin/Index/formatterJsCurd', 'JsCurd调用'),
(162, NULL, 1474863234, '222.92.124.66', '', '/Admin/Index/formatterJs', 'formatter多语言'),
(163, NULL, 1474863234, '222.92.124.66', '', '/Admin/Index/formatterJsLogistics', '物流柜formatterJS'),
(164, NULL, 1474863265, '222.92.124.66', '', '/Admin/Index/doLogin', NULL),
(165, NULL, 1474863271, '222.92.124.66', '', '/Admin/Index/doLogin', NULL),
(166, 'admin', 1474863272, '222.92.124.66', '', '/Admin/Index/index', NULL),
(167, 'admin', 1474863273, '222.92.124.66', '', '/Admin/Index/formatterJs', 'formatter多语言'),
(168, 'admin', 1474863273, '222.92.124.66', '', '/Admin/Index/formatterJsCurd', 'JsCurd调用'),
(169, 'admin', 1474863273, '222.92.124.66', '', '/Admin/Index/formatterJsLogistics', '物流柜formatterJS'),
(170, 'admin', 1474863281, '222.92.124.66', '', '/Admin/Logistics/getNewsInfoPanel', NULL),
(171, 'admin', 1474863282, '222.92.124.66', '', '/Admin/Logistics/getSalesInfoPanel', NULL),
(172, 'admin', 1474863282, '222.92.124.66', '', '/Admin/LogisticsOrder/ajaxGetSixOrderList', NULL),
(173, 'admin', 1474863283, '222.92.124.66', '', '/Admin/LogisticsStatistics/ajaxStorage2', NULL),
(174, 'admin', 1474863287, '222.92.124.66', '', '/Admin/LogisticsBox/logisticsBoxStatusList', NULL),
(175, 'admin', 1474863288, '222.92.124.66', '', '/Admin/LogisticsBox/ajaxLogisticsList', NULL),
(176, 'admin', 1474863294, '222.92.124.66', '', '/Admin/LogisticsBox/ajaxLogisticsList', NULL),
(177, 'admin', 1474863296, '222.92.124.66', '', '/Admin/LogisticsBox/ajaxLogisticsList', NULL),
(178, 'admin', 1474863309, '222.92.124.66', '', '/Admin/Index/index', NULL),
(179, 'admin', 1474863309, '222.92.124.66', '', '/Admin/Index/formatterJsCurd', 'JsCurd调用'),
(180, 'admin', 1474863310, '222.92.124.66', '', '/Admin/Index/formatterJs', 'formatter多语言'),
(181, 'admin', 1474863310, '222.92.124.66', '', '/Admin/Index/formatterJsLogistics', '物流柜formatterJS'),
(182, 'admin', 1474863313, '222.92.124.66', '', '/Admin/SysClient/milkClientList', '跳转终端配置页面'),
(183, 'admin', 1474863316, '222.92.124.66', '', '/Admin/SysClient/ajaxMilkClientList', '加载终端配置数据'),
(184, 'admin', 1474863323, '222.92.124.66', '', '/Admin/SysCompany/toAllotCompanyList', NULL),
(185, 'admin', 1474863326, '222.92.124.66', '', '/Admin/SysUser/ajaxListByCompany', NULL),
(186, 'admin', 1474863326, '222.92.124.66', '', '/Admin/SysCompany/ajaxListByUser', NULL),
(187, 'admin', 1474863326, '222.92.124.66', '', '/Admin/SysUser/toList', NULL),
(188, 'admin', 1474863331, '222.92.124.66', '', '/Admin/SysUser/ajaxList', NULL),
(189, 'admin', 1474863340, '222.92.124.66', '', '/Admin/Index/outLogin', NULL),
(190, NULL, 1474863340, '222.92.124.66', '', '/Admin/Index/login', NULL),
(191, NULL, 1474863340, '222.92.124.66', '', '/Admin/Index/formatterJsCurd', 'JsCurd调用'),
(192, NULL, 1474863341, '222.92.124.66', '', '/Admin/Index/formatterJs', 'formatter多语言'),
(193, NULL, 1474863341, '222.92.124.66', '', '/Admin/Index/formatterJsLogistics', '物流柜formatterJS'),
(194, NULL, 1474863346, '222.92.124.66', '', '/Admin/Index/doLogin', NULL),
(195, NULL, 1474863384, '222.92.124.66', '', '/Admin/Index/doLogin', NULL),
(196, 'charge1670412', 1474863384, '222.92.124.66', '', '/Admin/Index/index', NULL),
(197, 'charge1670412', 1474863385, '222.92.124.66', '', '/Admin/Index/formatterJsCurd', 'JsCurd调用'),
(198, 'charge1670412', 1474863385, '222.92.124.66', '', '/Admin/Index/formatterJsLogistics', '物流柜formatterJS'),
(199, 'charge1670412', 1474863385, '222.92.124.66', '', '/Admin/Index/formatterJs', 'formatter多语言'),
(200, 'charge1670412', 1474863410, '222.92.124.66', '', '/Admin/Logistics/getNewsInfoPanel', NULL),
(201, 'charge1670412', 1474863410, '222.92.124.66', '', '/Admin/Logistics/getSalesInfoPanel', NULL),
(202, 'charge1670412', 1474863410, '222.92.124.66', '', '/Admin/LogisticsOrder/ajaxGetSixOrderList', NULL),
(203, 'charge1670412', 1474863410, '222.92.124.66', '', '/Admin/LogisticsStatistics/ajaxStorage2', NULL),
(204, 'charge1670412', 1474863419, '222.92.124.66', '', '/Admin/LogisticsOrder/toInfoList', NULL),
(205, 'charge1670412', 1474863420, '222.92.124.66', '', '/Admin/LogisticsClient/ajaxSelectList', NULL),
(206, 'charge1670412', 1474863420, '222.92.124.66', '', '/Admin/LogisticsCourier/ajaxSelectList', NULL),
(207, 'charge1670412', 1474863421, '222.92.124.66', '', '/Admin/LogisticsOrder/ajaxInfoList', NULL),
(208, 'charge1670412', 1474863423, '222.92.124.66', '', '/Admin/LogisticsClient/ajaxSelectList', NULL),
(209, 'charge1670412', 1474863426, '222.92.124.66', '', '/Admin/LogisticsOrder/toHistoryList', NULL),
(210, 'charge1670412', 1474863427, '222.92.124.66', '', '/Admin/LogisticsClient/ajaxSelectList', NULL),
(211, 'charge1670412', 1474863428, '222.92.124.66', '', '/Admin/LogisticsCourier/ajaxSelectList', NULL),
(212, 'charge1670412', 1474863428, '222.92.124.66', '', '/Admin/LogisticsClient/ajaxSelectList', NULL),
(213, 'charge1670412', 1474863428, '222.92.124.66', '', '/Admin/LogisticsOrder/ajaxHistoryList', NULL),
(214, 'charge1670412', 1474863443, '222.92.124.66', '', '/Admin/LogisticsBoxrecord/ajaxLogisticsBoxrecordList', NULL),
(215, 'charge1670412', 1474863446, '222.92.124.66', '', '/Admin/LogisticsOrder/ajaxGetDataById', NULL),
(216, 'charge1670412', 1474863463, '222.92.124.66', '', '/Admin/LogisticsOrder/overdueList', NULL),
(217, 'charge1670412', 1474863465, '222.92.124.66', '', '/Admin/LogisticsClient/ajaxSelectList', NULL),
(218, 'charge1670412', 1474863465, '222.92.124.66', '', '/Admin/LogisticsClient/ajaxSelectList', NULL),
(219, 'charge1670412', 1474863465, '222.92.124.66', '', '/Admin/LogisticsOrder/ajaxOverdueList', NULL),
(220, 'charge1670412', 1474863467, '222.92.124.66', '', '/Admin/LogisticsCourier/ajaxSelectList', NULL),
(221, 'charge1670412', 1474863478, '222.92.124.66', '', '/Admin/LogisticsClient/logisticsStatusList', NULL),
(222, 'charge1670412', 1474863481, '222.92.124.66', '', '/Admin/LogisticsBoxrecord/logisticsHistoryList', NULL),
(223, 'charge1670412', 1474863481, '222.92.124.66', '', '/Admin/LogisticsClient/ajaxLogisticsClientStatusList', NULL),
(224, 'charge1670412', 1474863484, '222.92.124.66', '', '/Admin/LogisticsClient/ajaxSelectList', NULL),
(225, 'charge1670412', 1474863484, '222.92.124.66', '', '/Admin/LogisticsBoxrecord/ajaxLogisticsPrintList', NULL),
(226, 'charge1670412', 1474863498, '222.92.124.66', '', '/Admin/Index/outLogin', NULL),
(227, NULL, 1474863499, '222.92.124.66', '', '/Admin/Index/login', NULL),
(228, NULL, 1474863499, '222.92.124.66', '', '/Admin/Index/formatterJsCurd', 'JsCurd调用'),
(229, NULL, 1474863499, '222.92.124.66', '', '/Admin/Index/formatterJs', 'formatter多语言'),
(230, NULL, 1474863499, '222.92.124.66', '', '/Admin/Index/formatterJsLogistics', '物流柜formatterJS'),
(231, NULL, 1474874409, '222.92.124.66', '', '/Admin/Index/login', NULL),
(232, NULL, 1474874411, '222.92.124.66', '', '/Admin/Index/formatterJs', 'formatter多语言'),
(233, NULL, 1474874412, '222.92.124.66', '', '/Admin/Index/formatterJsCurd', 'JsCurd调用'),
(234, NULL, 1474874412, '222.92.124.66', '', '/Admin/Index/formatterJsLogistics', '物流柜formatterJS'),
(235, NULL, 1474874432, '222.92.124.66', '', '/Admin/Index/index', NULL),
(236, NULL, 1474874433, '222.92.124.66', '', '/Admin/Index/login', NULL),
(237, NULL, 1474874434, '222.92.124.66', '', '/Admin/Index/formatterJs', 'formatter多语言'),
(238, NULL, 1474874434, '222.92.124.66', '', '/Admin/Index/formatterJsCurd', 'JsCurd调用'),
(239, NULL, 1474874437, '222.92.124.66', '', '/Admin/Index/formatterJsLogistics', '物流柜formatterJS'),
(240, NULL, 1474874519, '222.92.124.66', '', '/Admin/Index/doLogin', NULL),
(241, NULL, 1474874528, '222.92.124.66', '', '/Admin/Index/doLogin', NULL),
(242, '8705', 1474874529, '222.92.124.66', '', '/Admin/Index/index', NULL),
(243, '8705', 1474874530, '222.92.124.66', '', '/Admin/Index/formatterJsCurd', 'JsCurd调用'),
(244, '8705', 1474874530, '222.92.124.66', '', '/Admin/Index/formatterJsLogistics', '物流柜formatterJS'),
(245, '8705', 1474874530, '222.92.124.66', '', '/Admin/Index/formatterJs', 'formatter多语言'),
(246, '8705', 1474874536, '222.92.124.66', '', '/Admin/Logistics/getNewsInfoPanel', NULL),
(247, '8705', 1474874537, '222.92.124.66', '', '/Admin/LogisticsOrder/ajaxGetSixOrderList', NULL),
(248, '8705', 1474874537, '222.92.124.66', '', '/Admin/Logistics/getSalesInfoPanel', NULL),
(249, '8705', 1474874538, '222.92.124.66', '', '/Admin/LogisticsStatistics/ajaxStorage2', NULL),
(250, '8705', 1474874546, '222.92.124.66', '', '/Admin/LogisticsClient/logisticsClientList', NULL),
(251, '8705', 1474874550, '222.92.124.66', '', '/Admin/LogisticsClient/ajaxLogisticsClientList', NULL),
(252, '8705', 1474874578, '222.92.124.66', '', '/Admin/LogisticsCourier/toList', NULL),
(253, '8705', 1474874580, '222.92.124.66', '', '/Admin/LogisticsClient/ajaxSelectList', NULL),
(254, '8705', 1474874582, '222.92.124.66', '', '/Admin/LogisticsCourier/ajaxList', NULL),
(255, '8705', 1474874584, '222.92.124.66', '', '/Admin/LogisticsClient/ajaxSelectList', NULL),
(256, '8705', 1474874585, '222.92.124.66', '', '/Admin/LogisticsCourier/ajaxList', NULL),
(257, '8705', 1474874585, '222.92.124.66', '', '/Admin/LogisticsClient/ajaxSelectList', NULL),
(258, '8705', 1474874585, '222.92.124.66', '', '/Admin/LogisticsClient/ajaxSelectList', NULL),
(259, '8705', 1474874586, '222.92.124.66', '', '/Admin/LogisticsClient/ajaxSelectList', NULL),
(260, '8705', 1474874586, '222.92.124.66', '', '/Admin/LogisticsCardinfo/toList', NULL),
(261, '8705', 1474874586, '222.92.124.66', '', '/Admin/LogisticsCourier/ajaxList', NULL),
(262, '8705', 1474874588, '222.92.124.66', '', '/Admin/LogisticsClient/ajaxSelectList', NULL),
(263, '8705', 1474874591, '222.92.124.66', '', '/Admin/LogisticsCourier/ajaxSelectList', NULL),
(264, '8705', 1474874591, '222.92.124.66', '', '/Admin/LogisticsCourier/ajaxSelectClientListByCourierid', NULL),
(265, '8705', 1474874592, '222.92.124.66', '', '/Admin/LogisticsCourier/ajaxSelectList', NULL),
(266, '8705', 1474874592, '222.92.124.66', '', '/Admin/LogisticsCardinfo/ajaxList', NULL),
(267, '8705', 1474874611, '222.92.124.66', '', '/Admin/LogisticsClient/ajaxSelectList', NULL),
(268, '8705', 1474874611, '222.92.124.66', '', '/Admin/LogisticsClient/ajaxSelectList', NULL),
(269, '8705', 1474874612, '222.92.124.66', '', '/Admin/LogisticsCourier/ajaxList', NULL),
(270, NULL, 1474876968, '222.92.124.66', '', '/Admin/Index/index', NULL),
(271, NULL, 1474876972, '222.92.124.66', '', '/Admin/Index/login', NULL),
(272, NULL, 1474876973, '222.92.124.66', '', '/Admin/Index/formatterJs', 'formatter多语言'),
(273, NULL, 1474876974, '222.92.124.66', '', '/Admin/Index/formatterJsLogistics', '物流柜formatterJS'),
(274, NULL, 1474876974, '222.92.124.66', '', '/Admin/Index/formatterJsCurd', 'JsCurd调用'),
(275, NULL, 1474876987, '222.92.124.66', '', '/Admin/Index/doLogin', NULL),
(276, '8705', 1474876987, '222.92.124.66', '', '/Admin/Index/index', NULL),
(277, '8705', 1474876988, '222.92.124.66', '', '/Admin/Index/formatterJsCurd', 'JsCurd调用'),
(278, '8705', 1474876989, '222.92.124.66', '', '/Admin/Index/formatterJs', 'formatter多语言'),
(279, '8705', 1474876989, '222.92.124.66', '', '/Admin/Index/formatterJsLogistics', '物流柜formatterJS'),
(280, '8705', 1474876991, '222.92.124.66', '', '/Admin/Logistics/getSalesInfoPanel', NULL),
(281, '8705', 1474876992, '222.92.124.66', '', '/Admin/LogisticsStatistics/ajaxStorage2', NULL),
(282, '8705', 1474876994, '222.92.124.66', '', '/Admin/Logistics/getNewsInfoPanel', NULL),
(283, '8705', 1474876994, '222.92.124.66', '', '/Admin/LogisticsCourier/toList', NULL),
(284, '8705', 1474876994, '222.92.124.66', '', '/Admin/LogisticsOrder/ajaxGetSixOrderList', NULL),
(285, '8705', 1474876995, '222.92.124.66', '', '/Admin/LogisticsClient/ajaxSelectList', NULL),
(286, '8705', 1474876995, '222.92.124.66', '', '/Admin/LogisticsClient/ajaxSelectList', NULL),
(287, '8705', 1474876996, '222.92.124.66', '', '/Admin/LogisticsCourier/ajaxList', NULL),
(288, '8705', 1474877056, '222.92.124.66', '', '/Admin/LogisticsCourier/ajaxAdd', NULL),
(289, '8705', 1474877057, '222.92.124.66', '', '/Admin/LogisticsCourier/ajaxList', NULL),
(290, '8705', 1474877060, '222.92.124.66', '', '/Admin/LogisticsCardinfo/toList', NULL),
(291, '8705', 1474877062, '222.92.124.66', '', '/Admin/LogisticsCourier/ajaxSelectList', NULL),
(292, '8705', 1474877062, '222.92.124.66', '', '/Admin/LogisticsCourier/ajaxSelectClientListByCourierid', NULL),
(293, '8705', 1474877062, '222.92.124.66', '', '/Admin/LogisticsCourier/ajaxSelectList', NULL),
(294, '8705', 1474877062, '222.92.124.66', '', '/Admin/LogisticsCardinfo/ajaxList', NULL),
(295, '8705', 1474877064, '222.92.124.66', '', '/Admin/LogisticsCourier/ajaxSelectClientListByCourierid', NULL),
(296, '8705', 1474877086, '222.92.124.66', '', '/Admin/LogisticsCardinfo/ajaxList', NULL),
(297, '8705', 1474877086, '222.92.124.66', '', '/Admin/LogisticsCourier/ajaxSelectClientListByCourierid', NULL),
(298, '8705', 1474877087, '222.92.124.66', '', '/Admin/LogisticsCourier/ajaxSelectList', NULL),
(299, '8705', 1474877087, '222.92.124.66', '', '/Admin/LogisticsCourier/ajaxSelectList', NULL),
(300, '8705', 1474877090, '222.92.124.66', '', '/Admin/LogisticsCardinfo/toList', NULL),
(301, '8705', 1474877091, '222.92.124.66', '', '/Admin/LogisticsCourier/ajaxSelectList', NULL),
(302, '8705', 1474877091, '222.92.124.66', '', '/Admin/LogisticsCourier/ajaxSelectClientListByCourierid', NULL),
(303, '8705', 1474877091, '222.92.124.66', '', '/Admin/LogisticsCourier/ajaxSelectList', NULL),
(304, '8705', 1474877092, '222.92.124.66', '', '/Admin/LogisticsCardinfo/ajaxList', NULL),
(305, '8705', 1474877098, '222.92.124.66', '', '/Admin/LogisticsCourier/ajaxSelectClientListByCourierid', NULL),
(306, '8705', 1474877110, '222.92.124.66', '', '/Admin/LogisticsCourier/ajaxSelectClientListByCourierid', NULL),
(307, '8705', 1474877134, '222.92.124.66', '', '/Admin/LogisticsCardinfo/ajaxAdd', NULL),
(308, '8705', 1474877135, '222.92.124.66', '', '/Admin/LogisticsCardinfo/ajaxList', NULL),
(309, '8705', 1474877138, '222.92.124.66', '', '/Admin/LogisticsCourier/ajaxSelectClientListByCourierid', NULL),
(310, '8705', 1474877143, '222.92.124.66', '', '/Admin/LogisticsCourier/ajaxSelectClientListByCourierid', NULL),
(311, '8705', 1474877160, '222.92.124.66', '', '/Admin/LogisticsCardinfo/ajaxAdd', NULL),
(312, '8705', 1474877161, '222.92.124.66', '', '/Admin/LogisticsCardinfo/ajaxList', NULL),
(313, '8705', 1474877164, '222.92.124.66', '', '/Admin/LogisticsSmsstencil/logisticsSmsstencilList', NULL),
(314, '8705', 1474877168, '222.92.124.66', '', '/Admin/LogisticsSmsstencil/ajaxSmsstencilList', NULL),
(315, '8705', 1474877182, '222.92.124.66', '', '/Admin/LogisticsSmsstencil/ajaxGetDataById', NULL),
(316, '8705', 1474877189, '222.92.124.66', '', '/Admin/LogisticsSmsstencil/ajaxGetDataById', NULL),
(317, '8705', 1474877193, '222.92.124.66', '', '/Admin/LogisticsSmsstencil/ajaxGetDataById', NULL),
(318, '8705', 1474877196, '222.92.124.66', '', '/Admin/LogisticsSmsstencil/ajaxGetDataById', NULL),
(319, '8705', 1474877212, '222.92.124.66', '', '/Admin/LogisticsSmsstencil/ajaxGetDataById', NULL),
(320, '8705', 1474877223, '222.92.124.66', '', '/Admin/LogisticsClient/logisticsClientList', NULL),
(321, '8705', 1474877225, '222.92.124.66', '', '/Admin/LogisticsClient/ajaxLogisticsClientList', NULL),
(322, NULL, 1474877236, '101.226.33.221', '', '/Admin/LogisticsCourier/ajaxAdd', NULL),
(323, NULL, 1474877236, '101.226.33.221', '', '/Admin/Index/login', NULL),
(324, NULL, 1474877241, '101.226.33.221', '', '/Admin/Index/formatterJsCurd', 'JsCurd调用'),
(325, NULL, 1474877241, '101.226.33.221', '', '/Admin/Index/formatterJs', 'formatter多语言'),
(326, NULL, 1474877243, '101.226.33.221', '', '/Admin/Index/formatterJsLogistics', '物流柜formatterJS'),
(327, '8705', 1474877295, '222.92.124.66', '', '/Admin/LogisticsSmsstencil/logisticsSmsstencilList', NULL),
(328, '8705', 1474877299, '222.92.124.66', '', '/Admin/LogisticsSmsstencil/ajaxSmsstencilList', NULL),
(329, NULL, 1474877314, '180.153.201.66', '', '/Admin/LogisticsCardinfo/ajaxAdd', NULL),
(330, NULL, 1474877315, '180.153.201.66', '', '/Admin/Index/login', NULL),
(331, NULL, 1474877333, '180.153.201.66', '', '/Admin/Index/formatterJsCurd', 'JsCurd调用'),
(332, '8705', 1474877404, '222.92.124.66', '', '/Admin/LogisticsClient/ajaxLogisticsClientList', NULL),
(333, '8705', 1474877407, '222.92.124.66', '', '/Admin/LogisticsClient/ajaxGetConfigDataById', NULL),
(334, '8705', 1474877414, '222.92.124.66', '', '/Admin/LogisticsClient/ajaxSaveConfig', NULL),
(335, '8705', 1474877415, '222.92.124.66', '', '/Admin/LogisticsClient/ajaxLogisticsClientList', NULL),
(336, '8705', 1474877432, '222.92.124.66', '', '/Admin/LogisticsBox/logisticsBoxStatusList', NULL),
(337, '8705', 1474877433, '222.92.124.66', '', '/Admin/LogisticsBox/ajaxLogisticsList', NULL),
(338, '8705', 1474877438, '222.92.124.66', '', '/Admin/LogisticsBox/openBox', ''),
(339, '8705', 1474877438, '222.92.124.66', '', '/Admin/Index/login', NULL),
(340, NULL, 1474877456, '222.92.124.66', '', '/Admin/LogisticsBox/openBox', NULL),
(341, NULL, 1474877457, '222.92.124.66', '', '/Admin/Index/login', NULL),
(342, NULL, 1474877462, '222.92.124.66', '', '/Admin/Index/login', NULL),
(343, NULL, 1474877465, '222.92.124.66', '', '/Admin/LogisticsBox/doClientBoxStop', NULL),
(344, NULL, 1474877465, '222.92.124.66', '', '/Admin/Index/login', NULL),
(345, NULL, 1474877468, '222.92.124.66', '', '/Admin/LogisticsBox/doClientBoxStop', NULL),
(346, NULL, 1474877469, '222.92.124.66', '', '/Admin/Index/login', NULL),
(347, NULL, 1474877473, '222.92.124.66', '', '/Admin/LogisticsBox/doClientBoxStop', NULL),
(348, NULL, 1474877475, '222.92.124.66', '', '/Admin/Index/login', NULL),
(349, NULL, 1474877477, '222.92.124.66', '', '/Admin/LogisticsBox/doClientBoxStop', NULL),
(350, NULL, 1474877481, '222.92.124.66', '', '/Admin/Index/login', NULL),
(351, NULL, 1474877557, '222.92.124.66', '', '/Admin/LogisticsBox/doClientBoxStop', NULL),
(352, NULL, 1474877574, '222.92.124.66', '', '/Admin/Index/index', NULL),
(353, NULL, 1474877575, '222.92.124.66', '', '/Admin/Index/login', NULL),
(354, NULL, 1474877576, '222.92.124.66', '', '/Admin/Index/formatterJs', 'formatter多语言'),
(355, NULL, 1474877576, '222.92.124.66', '', '/Admin/Index/formatterJsCurd', 'JsCurd调用'),
(356, NULL, 1474877576, '222.92.124.66', '', '/Admin/Index/formatterJsLogistics', '物流柜formatterJS'),
(357, NULL, 1474877595, '222.92.124.66', '', '/Admin/Index/doLogin', NULL),
(358, '8705', 1474877598, '222.92.124.66', '', '/Admin/Index/index', NULL),
(359, '8705', 1474877605, '222.92.124.66', '', '/Admin/Index/formatterJsCurd', 'JsCurd调用'),
(360, '8705', 1474877607, '222.92.124.66', '', '/Admin/Index/formatterJs', 'formatter多语言'),
(361, '8705', 1474877607, '222.92.124.66', '', '/Admin/Index/formatterJsLogistics', '物流柜formatterJS'),
(362, '8705', 1474877617, '222.92.124.66', '', '/Admin/Logistics/getSalesInfoPanel', NULL),
(363, '8705', 1474877618, '222.92.124.66', '', '/Admin/LogisticsStatistics/ajaxStorage2', NULL),
(364, '8705', 1474877620, '222.92.124.66', '', '/Admin/Logistics/getNewsInfoPanel', NULL),
(365, '8705', 1474877621, '222.92.124.66', '', '/Admin/LogisticsOrder/ajaxGetSixOrderList', NULL),
(366, '8705', 1474877660, '222.92.124.66', '', '/Admin/LogisticsBox/logisticsBoxStatusList', NULL),
(367, '8705', 1474877665, '222.92.124.66', '', '/Admin/LogisticsBox/ajaxLogisticsList', NULL),
(368, '8705', 1474877679, '222.92.124.66', '', '/Admin/LogisticsBox/ajaxLogisticsList', NULL),
(369, '8705', 1474877778, '222.92.124.66', '', '/Admin/LogisticsBox/doClientBoxStop', NULL),
(370, '8705', 1474877781, '222.92.124.66', '', '/Admin/LogisticsBox/ajaxLogisticsList', NULL),
(371, '8705', 1474877794, '222.92.124.66', '', '/Admin/LogisticsBox/doClientBoxStop', NULL),
(372, '8705', 1474877795, '222.92.124.66', '', '/Admin/LogisticsBox/ajaxLogisticsList', NULL),
(373, '8705', 1474877898, '222.92.124.66', '', '/Admin/LogisticsClient/logisticsStatusList', NULL),
(374, '8705', 1474877908, '222.92.124.66', '', '/Admin/LogisticsClient/ajaxLogisticsClientStatusList', NULL),
(375, '8705', 1474877923, '222.92.124.66', '', '/Admin/LogisticsClient/doClientStop', NULL),
(376, '8705', 1474877923, '222.92.124.66', '', '/Admin/LogisticsClient/ajaxLogisticsClientStatusList', NULL),
(377, '8705', 1474877954, '222.92.124.66', '', '/Admin/LogisticsClient/doClientStart', NULL),
(378, '8705', 1474877955, '222.92.124.66', '', '/Admin/LogisticsClient/ajaxLogisticsClientStatusList', NULL),
(379, '8705', 1474877961, '222.92.124.66', '', '/Admin/LogisticsClient/ajaxGetDataById', NULL),
(380, '8705', 1474877966, '222.92.124.66', '', '/Admin/LogisticsClient/doClientReboot', NULL),
(381, '8705', 1474877967, '222.92.124.66', '', '/Admin/LogisticsClient/ajaxLogisticsClientStatusList', NULL),
(382, NULL, 1474878160, '222.92.124.66', '', '/Admin/Index/index', NULL),
(383, NULL, 1474878161, '222.92.124.66', '', '/Admin/Index/login', NULL),
(384, NULL, 1474878162, '222.92.124.66', '', '/Admin/Index/formatterJsCurd', 'JsCurd调用'),
(385, NULL, 1474878162, '222.92.124.66', '', '/Admin/Index/formatterJs', 'formatter多语言'),
(386, NULL, 1474878162, '222.92.124.66', '', '/Admin/Index/formatterJsLogistics', '物流柜formatterJS'),
(387, NULL, 1474878177, '222.92.124.66', '', '/Admin/Index/doLogin', NULL),
(388, '8705', 1474878177, '222.92.124.66', '', '/Admin/Index/index', NULL),
(389, '8705', 1474878179, '222.92.124.66', '', '/Admin/Index/formatterJs', 'formatter多语言'),
(390, '8705', 1474878179, '222.92.124.66', '', '/Admin/Index/formatterJsLogistics', '物流柜formatterJS'),
(391, '8705', 1474878179, '222.92.124.66', '', '/Admin/Index/formatterJsCurd', 'JsCurd调用'),
(392, '8705', 1474878181, '222.92.124.66', '', '/Admin/Logistics/getNewsInfoPanel', NULL),
(393, '8705', 1474878181, '222.92.124.66', '', '/Admin/Logistics/getSalesInfoPanel', NULL),
(394, '8705', 1474878182, '222.92.124.66', '', '/Admin/LogisticsStatistics/ajaxStorage2', NULL),
(395, '8705', 1474878182, '222.92.124.66', '', '/Admin/LogisticsOrder/ajaxGetSixOrderList', NULL),
(396, '8705', 1474878212, '222.92.124.66', '', '/Admin/LogisticsBox/logisticsBoxStatusList', NULL),
(397, '8705', 1474878214, '222.92.124.66', '', '/Admin/LogisticsBox/ajaxLogisticsList', NULL),
(398, '8705', 1474878221, '222.92.124.66', '', '/Admin/LogisticsClient/logisticsStatusList', NULL),
(399, '8705', 1474878227, '222.92.124.66', '', '/Admin/LogisticsClient/ajaxLogisticsClientStatusList', NULL),
(400, '8705', 1474878233, '222.92.124.66', '', '/Admin/LogisticsClient/ajaxGetDataById', NULL),
(401, '8705', 1474878236, '222.92.124.66', '', '/Admin/LogisticsClient/doClientReboot', NULL),
(402, '8705', 1474878237, '222.92.124.66', '', '/Admin/LogisticsClient/ajaxLogisticsClientStatusList', NULL),
(403, '8705', 1474878333, '222.92.124.66', '', '/Admin/LogisticsBox/ajaxLogisticsList', NULL),
(404, '8705', 1474878338, '222.92.124.66', '', '/Admin/LogisticsBox/doClientBoxStart', NULL),
(405, '8705', 1474878339, '222.92.124.66', '', '/Admin/LogisticsBox/ajaxLogisticsList', NULL),
(406, '8705', 1474878343, '222.92.124.66', '', '/Admin/LogisticsBox/doClientBoxStart', NULL),
(407, '8705', 1474878343, '222.92.124.66', '', '/Admin/LogisticsBox/ajaxLogisticsList', NULL),
(408, '8705', 1474878349, '222.92.124.66', '', '/Admin/LogisticsBox/openBox', NULL),
(409, '8705', 1474878349, '222.92.124.66', '', '/Admin/Index/login', NULL),
(410, NULL, 1474878358, '222.92.124.66', '', '/Admin/Index/login', NULL),
(411, NULL, 1474878383, '222.92.124.66', '', '/Admin/Index/login', NULL),
(412, NULL, 1474878401, '222.92.124.66', '', '/Admin/LogisticsCardinfo/toList', NULL),
(413, NULL, 1474878401, '222.92.124.66', '', '/Admin/Index/login', NULL),
(414, NULL, 1474878409, '222.92.124.66', '', '/Admin/Index/login', NULL),
(415, NULL, 1474878411, '222.92.124.66', '', '/Admin/LogisticsCourier/toList', NULL),
(416, NULL, 1474878412, '222.92.124.66', '', '/Admin/Index/login', NULL),
(417, NULL, 1474878412, '222.92.124.66', '', '/Admin/Index/index', NULL),
(418, NULL, 1474878413, '222.92.124.66', '', '/Admin/Index/login', NULL),
(419, NULL, 1474878415, '222.92.124.66', '', '/Admin/Index/formatterJsCurd', 'JsCurd调用'),
(420, NULL, 1474878416, '222.92.124.66', '', '/Admin/Index/formatterJsLogistics', '物流柜formatterJS'),
(421, NULL, 1474878416, '222.92.124.66', '', '/Admin/Index/formatterJs', 'formatter多语言'),
(422, NULL, 1474878431, '222.92.124.66', '', '/Admin/Index/doLogin', NULL),
(423, '8705', 1474878431, '222.92.124.66', '', '/Admin/Index/index', NULL),
(424, '8705', 1474878432, '222.92.124.66', '', '/Admin/Index/formatterJsCurd', 'JsCurd调用'),
(425, '8705', 1474878432, '222.92.124.66', '', '/Admin/Index/formatterJsLogistics', '物流柜formatterJS'),
(426, '8705', 1474878433, '222.92.124.66', '', '/Admin/Index/formatterJs', 'formatter多语言'),
(427, '8705', 1474878437, '222.92.124.66', '', '/Admin/Logistics/getNewsInfoPanel', NULL),
(428, '8705', 1474878438, '222.92.124.66', '', '/Admin/Logistics/getSalesInfoPanel', NULL),
(429, '8705', 1474878438, '222.92.124.66', '', '/Admin/LogisticsOrder/ajaxGetSixOrderList', NULL),
(430, '8705', 1474878439, '222.92.124.66', '', '/Admin/LogisticsStatistics/ajaxStorage2', NULL),
(431, NULL, 1474937255, '222.92.124.66', '', '/Admin/Index/index', NULL),
(432, NULL, 1474937257, '222.92.124.66', '', '/Admin/Index/login', NULL),
(433, NULL, 1474937258, '222.92.124.66', '', '/Admin/Index/formatterJsCurd', 'JsCurd调用'),
(434, NULL, 1474937258, '222.92.124.66', '', '/Admin/Index/formatterJsLogistics', '物流柜formatterJS'),
(435, NULL, 1474937259, '222.92.124.66', '', '/Admin/Index/formatterJs', 'formatter多语言'),
(436, NULL, 1475214903, '222.92.124.66', '', '/Admin/Index/index', NULL),
(437, NULL, 1475214904, '222.92.124.66', '', '/Admin/Index/login', NULL),
(438, NULL, 1475214906, '222.92.124.66', '', '/Admin/Index/formatterJsCurd', 'JsCurd调用'),
(439, NULL, 1475214906, '222.92.124.66', '', '/Admin/Index/formatterJs', 'formatter多语言'),
(440, NULL, 1475214907, '222.92.124.66', '', '/Admin/Index/formatterJsLogistics', '物流柜formatterJS'),
(441, NULL, 1475893235, '222.92.124.66', '', '/Admin/Index/index', NULL),
(442, NULL, 1475893236, '222.92.124.66', '', '/Admin/Index/login', NULL),
(443, NULL, 1475893238, '222.92.124.66', '', '/Admin/Index/formatterJsCurd', 'JsCurd调用'),
(444, NULL, 1475893238, '222.92.124.66', '', '/Admin/Index/formatterJs', 'formatter多语言'),
(445, NULL, 1475893238, '222.92.124.66', '', '/Admin/Index/formatterJsLogistics', '物流柜formatterJS'),
(446, NULL, 1475893254, '222.92.124.66', '', '/Admin/Index/doLogin', NULL),
(447, 'admin', 1475893255, '222.92.124.66', '', '/Admin/Index/index', NULL),
(448, 'admin', 1475893259, '222.92.124.66', '', '/Admin/Index/formatterJsCurd', 'JsCurd调用'),
(449, 'admin', 1475893260, '222.92.124.66', '', '/Admin/Index/formatterJs', 'formatter多语言'),
(450, 'admin', 1475893260, '222.92.124.66', '', '/Admin/Index/formatterJsLogistics', '物流柜formatterJS'),
(451, 'admin', 1475893282, '222.92.124.66', '', '/Admin/Logistics/getNewsInfoPanel', NULL),
(452, 'admin', 1475893282, '222.92.124.66', '', '/Admin/Logistics/getSalesInfoPanel', NULL),
(453, 'admin', 1475893283, '222.92.124.66', '', '/Admin/LogisticsOrder/ajaxGetSixOrderList', NULL),
(454, 'admin', 1475893283, '222.92.124.66', '', '/Admin/LogisticsStatistics/ajaxStorage2', NULL),
(455, 'admin', 1475893299, '222.92.124.66', '', '/Admin/SysCompany/toAllotCompanyList', NULL),
(456, 'admin', 1475893300, '222.92.124.66', '', '/Admin/SysUser/ajaxListByCompany', NULL),
(457, 'admin', 1475893300, '222.92.124.66', '', '/Admin/SysCompany/ajaxListByUser', NULL),
(458, 'admin', 1475893302, '222.92.124.66', '', '/Admin/SysClient/toAllotClientList', NULL),
(459, 'admin', 1475893303, '222.92.124.66', '', '/Admin/SysClient/ajaxListByCompany', NULL),
(460, 'admin', 1475893303, '222.92.124.66', '', '/Admin/SysCompany/ajaxListByClient', NULL),
(461, 'admin', 1475893305, '222.92.124.66', '', '/Admin/SysCompany/toList', NULL),
(462, 'admin', 1475893307, '222.92.124.66', '', '/Admin/SysCompany/ajaxList', NULL),
(463, 'admin', 1475893327, '222.92.124.66', '', '/Admin/SysCompany/ajaxGetDataById', NULL),
(464, 'admin', 1475893369, '222.92.124.66', '', '/Admin/SysUser/toList', NULL),
(465, 'admin', 1475893373, '222.92.124.66', '', '/Admin/SysUser/ajaxList', NULL),
(466, NULL, 1475893414, '101.226.66.179', '', '/Admin/Index/index', NULL),
(467, NULL, 1475893415, '101.226.66.179', '', '/Admin/Index/login', NULL),
(468, NULL, 1475893427, '101.226.66.179', '', '/Admin/Index/formatterJsCurd', 'JsCurd调用'),
(469, NULL, 1475893428, '101.226.66.179', '', '/Admin/Index/formatterJs', 'formatter多语言'),
(470, NULL, 1475893429, '101.226.66.179', '', '/Admin/Index/formatterJsLogistics', '物流柜formatterJS'),
(471, NULL, 1475893433, '101.226.89.121', '', '/Admin/Index/doLogin', NULL),
(472, NULL, 1475893610, '101.226.69.246', '', '/Admin/Index/login', NULL),
(473, NULL, 1475893619, '101.226.69.246', '', '/Admin/Index/formatterJsCurd', 'JsCurd调用'),
(474, NULL, 1475893620, '101.226.69.246', '', '/Admin/Index/formatterJs', 'formatter多语言'),
(475, NULL, 1475893622, '101.226.69.246', '', '/Admin/Index/formatterJsLogistics', '物流柜formatterJS'),
(476, NULL, 1475910913, '222.92.124.66', '', '/Admin/Index/index', NULL),
(477, NULL, 1475910913, '222.92.124.66', '', '/Admin/Index/login', NULL),
(478, NULL, 1475910915, '222.92.124.66', '', '/Admin/Index/formatterJsCurd', 'JsCurd调用'),
(479, NULL, 1475910916, '222.92.124.66', '', '/Admin/Index/formatterJsLogistics', '物流柜formatterJS'),
(480, NULL, 1475910918, '222.92.124.66', '', '/Admin/Index/formatterJs', 'formatter多语言'),
(481, NULL, 1475910941, '222.92.124.66', '', '/Admin/Index/login', NULL),
(482, NULL, 1475910942, '222.92.124.66', '', '/Admin/Index/formatterJsCurd', 'JsCurd调用'),
(483, NULL, 1475910942, '222.92.124.66', '', '/Admin/Index/formatterJs', 'formatter多语言'),
(484, NULL, 1475910942, '222.92.124.66', '', '/Admin/Index/formatterJsLogistics', '物流柜formatterJS'),
(485, NULL, 1475910984, '222.92.124.66', '', '/Admin/Index/login', NULL),
(486, NULL, 1475910986, '222.92.124.66', '', '/Admin/Index/formatterJsCurd', 'JsCurd调用'),
(487, NULL, 1475910986, '222.92.124.66', '', '/Admin/Index/formatterJs', 'formatter多语言'),
(488, NULL, 1475910986, '222.92.124.66', '', '/Admin/Index/formatterJsLogistics', '物流柜formatterJS'),
(489, NULL, 1475911156, '222.92.124.66', '', '/Admin/Index/login', NULL),
(490, NULL, 1475911158, '222.92.124.66', '', '/Admin/Index/formatterJsCurd', 'JsCurd调用'),
(491, NULL, 1475911158, '222.92.124.66', '', '/Admin/Index/formatterJs', 'formatter多语言'),
(492, NULL, 1475911159, '222.92.124.66', '', '/Admin/Index/formatterJsLogistics', '物流柜formatterJS'),
(493, NULL, 1475911190, '222.92.124.66', '', '/Admin/Index/login', NULL),
(494, NULL, 1475911191, '222.92.124.66', '', '/Admin/Index/formatterJsCurd', 'JsCurd调用'),
(495, NULL, 1475911192, '222.92.124.66', '', '/Admin/Index/formatterJs', 'formatter多语言'),
(496, NULL, 1475911193, '222.92.124.66', '', '/Admin/Index/formatterJsLogistics', '物流柜formatterJS'),
(497, NULL, 1475911200, '222.92.124.66', '', '/Admin/Index/login', NULL),
(498, NULL, 1475911203, '222.92.124.66', '', '/Admin/Index/formatterJsLogistics', '物流柜formatterJS'),
(499, NULL, 1475911203, '222.92.124.66', '', '/Admin/Index/formatterJs', 'formatter多语言'),
(500, NULL, 1475911203, '222.92.124.66', '', '/Admin/Index/formatterJsCurd', 'JsCurd调用'),
(501, NULL, 1476256149, '222.92.124.66', '', '/Admin/Index/index', NULL),
(502, NULL, 1476256150, '222.92.124.66', '', '/Admin/Index/login', NULL),
(503, NULL, 1476256152, '222.92.124.66', '', '/Admin/Index/formatterJsCurd', 'JsCurd调用'),
(504, NULL, 1476256152, '222.92.124.66', '', '/Admin/Index/formatterJs', 'formatter多语言'),
(505, NULL, 1476256152, '222.92.124.66', '', '/Admin/Index/formatterJsLogistics', '物流柜formatterJS'),
(506, NULL, 1476261596, '222.92.124.66', '', '/Admin/Index/index', NULL),
(507, NULL, 1476261597, '222.92.124.66', '', '/Admin/Index/login', NULL),
(508, NULL, 1476261599, '222.92.124.66', '', '/Admin/Index/formatterJsCurd', 'JsCurd调用'),
(509, NULL, 1476261599, '222.92.124.66', '', '/Admin/Index/formatterJs', 'formatter多语言'),
(510, NULL, 1476261599, '222.92.124.66', '', '/Admin/Index/formatterJsLogistics', '物流柜formatterJS'),
(511, NULL, 1476261621, '222.92.124.66', '', '/Admin/Index/doLogin', NULL),
(512, NULL, 1476261637, '222.92.124.66', '', '/Admin/Index/doLogin', NULL),
(513, NULL, 1476490220, '222.92.124.66', '', '/Admin/Index/login', NULL),
(514, NULL, 1476490223, '222.92.124.66', '', '/Admin/Index/formatterJs', 'formatter多语言'),
(515, NULL, 1476499751, '222.92.124.66', '', '/Admin/Index/index', NULL),
(516, NULL, 1476499752, '222.92.124.66', '', '/Admin/Index/login', NULL),
(517, NULL, 1476499753, '222.92.124.66', '', '/Admin/Index/formatterJsCurd', 'JsCurd调用'),
(518, NULL, 1476499753, '222.92.124.66', '', '/Admin/Index/formatterJs', 'formatter多语言'),
(519, NULL, 1476499753, '222.92.124.66', '', '/Admin/Index/formatterJsLogistics', '物流柜formatterJS'),
(520, NULL, 1476499770, '222.92.124.66', '', '/Admin/Index/doLogin', NULL),
(521, 'charge1630606', 1476499770, '222.92.124.66', '', '/Admin/Index/index', NULL),
(522, 'charge1630606', 1476499771, '222.92.124.66', '', '/Admin/Index/formatterJs', 'formatter多语言'),
(523, 'charge1630606', 1476499772, '222.92.124.66', '', '/Admin/Index/formatterJsLogistics', '物流柜formatterJS'),
(524, 'charge1630606', 1476499773, '222.92.124.66', '', '/Admin/Index/formatterJsCurd', 'JsCurd调用'),
(525, 'charge1630606', 1476499774, '222.92.124.66', '', '/Admin/Logistics/getNewsInfoPanel', NULL),
(526, 'charge1630606', 1476499774, '222.92.124.66', '', '/Admin/Logistics/getSalesInfoPanel', NULL),
(527, 'charge1630606', 1476499775, '222.92.124.66', '', '/Admin/LogisticsOrder/ajaxGetSixOrderList', NULL),
(528, 'charge1630606', 1476499775, '222.92.124.66', '', '/Admin/LogisticsStatistics/ajaxStorage2', NULL),
(529, 'charge1630606', 1476499778, '222.92.124.66', '', '/Admin/LogisticsClient/logisticsClientList', NULL),
(530, 'charge1630606', 1476499781, '222.92.124.66', '', '/Admin/LogisticsClient/ajaxLogisticsClientList', NULL),
(531, 'charge1630606', 1476499787, '222.92.124.66', '', '/Admin/Index/outLogin', NULL),
(532, NULL, 1476499788, '222.92.124.66', '', '/Admin/Index/login', NULL),
(533, NULL, 1476499789, '222.92.124.66', '', '/Admin/Index/formatterJsCurd', 'JsCurd调用'),
(534, NULL, 1476499789, '222.92.124.66', '', '/Admin/Index/formatterJs', 'formatter多语言'),
(535, NULL, 1476499789, '222.92.124.66', '', '/Admin/Index/formatterJsLogistics', '物流柜formatterJS'),
(536, NULL, 1476499805, '222.92.124.66', '', '/Admin/Index/doLogin', NULL),
(537, 'charge1630603', 1476499805, '222.92.124.66', '', '/Admin/Index/index', NULL),
(538, 'charge1630603', 1476499806, '222.92.124.66', '', '/Admin/Index/formatterJs', 'formatter多语言'),
(539, 'charge1630603', 1476499806, '222.92.124.66', '', '/Admin/Index/formatterJsCurd', 'JsCurd调用'),
(540, 'charge1630603', 1476499806, '222.92.124.66', '', '/Admin/Index/formatterJsLogistics', '物流柜formatterJS'),
(541, 'charge1630603', 1476499808, '222.92.124.66', '', '/Admin/Logistics/getNewsInfoPanel', NULL),
(542, 'charge1630603', 1476499808, '222.92.124.66', '', '/Admin/Logistics/getSalesInfoPanel', NULL),
(543, 'charge1630603', 1476499809, '222.92.124.66', '', '/Admin/LogisticsStatistics/ajaxStorage2', NULL),
(544, 'charge1630603', 1476499809, '222.92.124.66', '', '/Admin/LogisticsOrder/ajaxGetSixOrderList', NULL),
(545, 'charge1630603', 1476499812, '222.92.124.66', '', '/Admin/LogisticsClient/logisticsClientList', NULL),
(546, 'charge1630603', 1476499814, '222.92.124.66', '', '/Admin/LogisticsClient/ajaxLogisticsClientList', NULL),
(547, 'charge1630603', 1476499832, '222.92.124.66', '', '/Admin/LogisticsCardinfo/toList', NULL);
INSERT INTO `wf_sys_log` (`id`, `username`, `time`, `ip`, `module`, `action`, `info`) VALUES
(548, 'charge1630603', 1476499835, '222.92.124.66', '', '/Admin/LogisticsCourier/ajaxSelectList', NULL),
(549, 'charge1630603', 1476499835, '222.92.124.66', '', '/Admin/LogisticsCourier/ajaxSelectClientListByCourierid', NULL),
(550, 'charge1630603', 1476499835, '222.92.124.66', '', '/Admin/LogisticsCourier/ajaxSelectList', NULL),
(551, 'charge1630603', 1476499836, '222.92.124.66', '', '/Admin/LogisticsCardinfo/ajaxList', NULL),
(552, 'charge1630603', 1476499839, '222.92.124.66', '', '/Admin/LogisticsCardinfo/ajaxGetDataById', NULL),
(553, 'charge1630603', 1476499839, '222.92.124.66', '', '/Admin/LogisticsCourier/ajaxSelectClientListByCourierid', NULL),
(554, NULL, 1476944815, '222.92.124.66', '', '/Admin/Index/login', NULL),
(555, NULL, 1476944816, '222.92.124.66', '', '/Admin/Index/formatterJsCurd', 'JsCurd调用'),
(556, NULL, 1476944816, '222.92.124.66', '', '/Admin/Index/formatterJs', 'formatter多语言'),
(557, NULL, 1476944816, '222.92.124.66', '', '/Admin/Index/formatterJsLogistics', '物流柜formatterJS'),
(558, NULL, 1476945194, '222.92.124.66', '', '/Admin/Index/login', NULL),
(559, NULL, 1476945194, '222.92.124.66', '', '/Admin/Index/formatterJsCurd', 'JsCurd调用'),
(560, NULL, 1476945194, '222.92.124.66', '', '/Admin/Index/formatterJs', 'formatter多语言'),
(561, NULL, 1476945195, '222.92.124.66', '', '/Admin/Index/formatterJsLogistics', '物流柜formatterJS'),
(562, NULL, 1477120122, '222.92.124.66', '', '/Admin/Index/index', NULL),
(563, NULL, 1477120122, '222.92.124.66', '', '/Admin/Index/login', NULL),
(564, NULL, 1477120124, '222.92.124.66', '', '/Admin/Index/formatterJsCurd', 'JsCurd调用'),
(565, NULL, 1477120124, '222.92.124.66', '', '/Admin/Index/formatterJs', 'formatter多语言'),
(566, NULL, 1477120124, '222.92.124.66', '', '/Admin/Index/formatterJsLogistics', '物流柜formatterJS'),
(567, NULL, 1477120135, '222.92.124.66', '', '/Admin/Index/login', NULL),
(568, NULL, 1477120136, '222.92.124.66', '', '/Admin/Index/formatterJsCurd', 'JsCurd调用'),
(569, NULL, 1477120136, '222.92.124.66', '', '/Admin/Index/formatterJs', 'formatter多语言'),
(570, NULL, 1477120136, '222.92.124.66', '', '/Admin/Index/formatterJsLogistics', '物流柜formatterJS'),
(571, NULL, 1477120138, '222.92.124.66', '', '/Admin/Index/doLogin', NULL),
(572, 'admin', 1477120138, '222.92.124.66', '', '/Admin/Index/index', NULL),
(573, 'admin', 1477120140, '222.92.124.66', '', '/Admin/Index/formatterJsCurd', 'JsCurd调用'),
(574, 'admin', 1477120140, '222.92.124.66', '', '/Admin/Index/formatterJs', 'formatter多语言'),
(575, 'admin', 1477120140, '222.92.124.66', '', '/Admin/Index/formatterJsLogistics', '物流柜formatterJS'),
(576, 'admin', 1477120143, '222.92.124.66', '', '/Admin/Logistics/getNewsInfoPanel', NULL),
(577, 'admin', 1477120143, '222.92.124.66', '', '/Admin/Logistics/getSalesInfoPanel', NULL),
(578, 'admin', 1477120145, '222.92.124.66', '', '/Admin/LogisticsOrder/ajaxGetSixOrderList', NULL),
(579, 'admin', 1477120145, '222.92.124.66', '', '/Admin/LogisticsStatistics/ajaxStorage2', NULL),
(580, 'admin', 1477120149, '222.92.124.66', '', '/Admin/SysConfig/accessConfigList', '参数配置'),
(581, 'admin', 1477120150, '222.92.124.66', '', '/Admin/SysConfig/ajaxAccessConfigList', NULL),
(582, 'admin', 1477120161, '222.92.124.66', '', '/Admin/LogisticsConfig/logisticsConfigList', '物流柜显示配置'),
(583, 'admin', 1477120163, '222.92.124.66', '', '/Admin/LogisticsConfig/ajaxLogisticsConfigList', NULL),
(584, 'admin', 1477120208, '222.92.124.66', '', '/Admin/SysCompany/toList', NULL),
(585, 'admin', 1477120211, '222.92.124.66', '', '/Admin/SysCompany/ajaxList', NULL),
(586, 'admin', 1477120211, '222.92.124.66', '', '/Admin/SysCompany/ajaxList', NULL),
(587, NULL, 1477120301, '101.226.125.105', '', '/Admin/Index/index', NULL),
(588, NULL, 1477120302, '101.226.125.105', '', '/Admin/Index/login', NULL),
(589, NULL, 1477120312, '101.226.125.105', '', '/Admin/Index/formatterJsCurd', 'JsCurd调用'),
(590, NULL, 1477120312, '101.226.125.105', '', '/Admin/Index/formatterJs', 'formatter多语言'),
(591, NULL, 1477120313, '101.226.125.105', '', '/Admin/Index/formatterJsLogistics', '物流柜formatterJS'),
(592, NULL, 1477120317, '101.226.33.201', '', '/Admin/Index/doLogin', NULL),
(593, 'admin', 1477120402, '222.92.124.66', '', '/Admin/SysCompany/ajaxAdd', NULL),
(594, 'admin', 1477120403, '222.92.124.66', '', '/Admin/SysCompany/ajaxList', NULL),
(595, 'admin', 1477120409, '222.92.124.66', '', '/Admin/SysUser/toList', NULL),
(596, 'admin', 1477120412, '222.92.124.66', '', '/Admin/SysUser/ajaxList', NULL),
(597, 'admin', 1477120476, '222.92.124.66', '', '/Admin/SysUser/ajaxAdd', NULL),
(598, 'admin', 1477120477, '222.92.124.66', '', '/Admin/SysUser/ajaxList', NULL),
(599, 'admin', 1477120482, '222.92.124.66', '', '/Admin/SysUser/toAllotUserList', NULL),
(600, 'admin', 1477120483, '222.92.124.66', '', '/Admin/SysUser/ajaxListByRole', NULL),
(601, 'admin', 1477120483, '222.92.124.66', '', '/Admin/SysRole/ajaxListByUser', NULL),
(602, 'admin', 1477120487, '222.92.124.66', '', '/Admin/SysUser/ajaxListByRole', NULL),
(603, 'admin', 1477120487, '222.92.124.66', '', '/Admin/SysUser/ajaxListByRole', NULL),
(604, 'admin', 1477120492, '222.92.124.66', '', '/Admin/SysRole/ajaxAddUser', NULL),
(605, NULL, 1477120495, '101.226.66.174', '', '/Admin/Index/login', NULL),
(606, 'admin', 1477120499, '222.92.124.66', '', '/Admin/SysCompany/toAllotCompanyList', NULL),
(607, NULL, 1477120500, '101.226.66.174', '', '/Admin/Index/formatterJsCurd', 'JsCurd调用'),
(608, 'admin', 1477120500, '222.92.124.66', '', '/Admin/SysUser/ajaxListByCompany', NULL),
(609, NULL, 1477120500, '101.226.66.174', '', '/Admin/Index/formatterJs', 'formatter多语言'),
(610, 'admin', 1477120500, '222.92.124.66', '', '/Admin/SysCompany/ajaxListByUser', NULL),
(611, NULL, 1477120501, '101.226.66.174', '', '/Admin/Index/formatterJsLogistics', '物流柜formatterJS'),
(612, 'admin', 1477120505, '222.92.124.66', '', '/Admin/SysUser/ajaxListByCompany', NULL),
(613, 'admin', 1477120509, '222.92.124.66', '', '/Admin/SysCompany/ajaxAddUser', NULL),
(614, 'admin', 1477120514, '222.92.124.66', '', '/Admin/SysClient/toAllotClientList', NULL),
(615, 'admin', 1477120515, '222.92.124.66', '', '/Admin/SysClient/ajaxListByCompany', NULL),
(616, 'admin', 1477120515, '222.92.124.66', '', '/Admin/SysCompany/ajaxListByClient', NULL),
(617, 'admin', 1477120519, '222.92.124.66', '', '/Admin/SysClient/ajaxListByCompany', NULL),
(618, 'admin', 1477120531, '222.92.124.66', '', '/Admin/LogisticsConfig/logisticsConfigList', '物流柜显示配置'),
(619, 'admin', 1477120532, '222.92.124.66', '', '/Admin/LogisticsConfig/ajaxLogisticsConfigList', NULL),
(620, NULL, 1477120582, '180.153.206.23', '', '/Admin/SysCompany/ajaxAdd', NULL),
(621, NULL, 1477120582, '180.153.206.23', '', '/Admin/Index/login', NULL),
(622, NULL, 1477120588, '180.153.206.23', '', '/Admin/Index/formatterJsCurd', 'JsCurd调用'),
(623, NULL, 1477120588, '180.153.206.23', '', '/Admin/Index/formatterJs', 'formatter多语言'),
(624, NULL, 1477120589, '180.153.206.23', '', '/Admin/Index/formatterJsLogistics', '物流柜formatterJS'),
(625, NULL, 1477120658, '101.226.51.229', '', '/Admin/SysUser/ajaxAdd', NULL),
(626, 'admin', 1477120692, '222.92.124.66', '', '/Admin/LogisticsConfig/ajaxAdd', ''),
(627, 'admin', 1477120693, '222.92.124.66', '', '/Admin/LogisticsConfig/ajaxLogisticsConfigList', NULL),
(628, NULL, 1477120872, '180.153.205.253', '', '/Admin/LogisticsConfig/ajaxAdd', NULL),
(629, NULL, 1477120873, '180.153.205.253', '', '/Admin/Index/login', NULL),
(630, NULL, 1477120879, '180.153.205.253', '', '/Admin/Index/formatterJsCurd', 'JsCurd调用'),
(631, NULL, 1477120880, '180.153.205.253', '', '/Admin/Index/formatterJs', 'formatter多语言'),
(632, NULL, 1477120881, '180.153.205.253', '', '/Admin/Index/formatterJsLogistics', '物流柜formatterJS'),
(633, NULL, 1477120893, '119.147.146.60', '', '/Admin/SysUser/ajaxAdd', NULL),
(634, NULL, 1477271983, '222.92.124.66', '', '/Admin/Index/index', NULL),
(635, NULL, 1477271983, '222.92.124.66', '', '/Admin/Index/login', NULL),
(636, NULL, 1477271984, '222.92.124.66', '', '/Admin/Index/formatterJsLogistics', '物流柜formatterJS'),
(637, NULL, 1477271984, '222.92.124.66', '', '/Admin/Index/formatterJs', 'formatter多语言'),
(638, NULL, 1477271984, '222.92.124.66', '', '/Admin/Index/formatterJsCurd', 'JsCurd调用'),
(639, NULL, 1477271994, '222.92.124.66', '', '/Admin/Index/doLogin', NULL),
(640, NULL, 1477272001, '222.92.124.66', '', '/Admin/Index/doLogin', NULL),
(641, 'admin', 1477272001, '222.92.124.66', '', '/Admin/Index/index', NULL),
(642, 'admin', 1477272003, '222.92.124.66', '', '/Admin/Index/formatterJs', 'formatter多语言'),
(643, 'admin', 1477272003, '222.92.124.66', '', '/Admin/Index/formatterJsCurd', 'JsCurd调用'),
(644, 'admin', 1477272003, '222.92.124.66', '', '/Admin/Index/formatterJsLogistics', '物流柜formatterJS'),
(645, 'admin', 1477272005, '222.92.124.66', '', '/Admin/Logistics/getNewsInfoPanel', NULL),
(646, 'admin', 1477272005, '222.92.124.66', '', '/Admin/Logistics/getSalesInfoPanel', NULL),
(647, 'admin', 1477272006, '222.92.124.66', '', '/Admin/LogisticsOrder/ajaxGetSixOrderList', NULL),
(648, 'admin', 1477272007, '222.92.124.66', '', '/Admin/LogisticsStatistics/ajaxStorage2', NULL),
(649, 'admin', 1477272293, '222.92.124.66', '', '/Admin/SysClient/toAllotClientList', NULL),
(650, 'admin', 1477272294, '222.92.124.66', '', '/Admin/SysClient/ajaxListByCompany', NULL),
(651, 'admin', 1477272294, '222.92.124.66', '', '/Admin/SysCompany/ajaxListByClient', NULL),
(652, 'admin', 1477272296, '222.92.124.66', '', '/Admin/SysClient/ajaxListByCompany', NULL),
(653, 'admin', 1477272308, '222.92.124.66', '', '/Admin/SysCompany/ajaxAddClient', NULL),
(654, 'admin', 1477272312, '222.92.124.66', '', '/Admin/Index/outLogin', NULL),
(655, NULL, 1477272312, '222.92.124.66', '', '/Admin/Index/login', NULL),
(656, NULL, 1477272313, '222.92.124.66', '', '/Admin/Index/formatterJsCurd', 'JsCurd调用'),
(657, NULL, 1477272314, '222.92.124.66', '', '/Admin/Index/formatterJs', 'formatter多语言'),
(658, NULL, 1477272314, '222.92.124.66', '', '/Admin/Index/formatterJsLogistics', '物流柜formatterJS'),
(659, NULL, 1477272322, '222.92.124.66', '', '/Admin/Index/doLogin', NULL),
(660, 'charge1620914', 1477272322, '222.92.124.66', '', '/Admin/Index/index', NULL),
(661, 'charge1620914', 1477272323, '222.92.124.66', '', '/Admin/Index/formatterJsCurd', 'JsCurd调用'),
(662, 'charge1620914', 1477272323, '222.92.124.66', '', '/Admin/Index/formatterJsLogistics', '物流柜formatterJS'),
(663, 'charge1620914', 1477272323, '222.92.124.66', '', '/Admin/Index/formatterJs', 'formatter多语言'),
(664, 'charge1620914', 1477272325, '222.92.124.66', '', '/Admin/Logistics/getNewsInfoPanel', NULL),
(665, 'charge1620914', 1477272325, '222.92.124.66', '', '/Admin/Logistics/getSalesInfoPanel', NULL),
(666, 'charge1620914', 1477272326, '222.92.124.66', '', '/Admin/LogisticsOrder/ajaxGetSixOrderList', NULL),
(667, 'charge1620914', 1477272326, '222.92.124.66', '', '/Admin/LogisticsStatistics/ajaxStorage2', NULL),
(668, 'charge1620914', 1477272328, '222.92.124.66', '', '/Admin/LogisticsClient/logisticsClientList', NULL),
(669, 'charge1620914', 1477272330, '222.92.124.66', '', '/Admin/LogisticsClient/ajaxLogisticsClientList', NULL),
(670, 'charge1620914', 1477272332, '222.92.124.66', '', '/Admin/LogisticsClient/ajaxGetDataById', NULL),
(671, 'charge1620914', 1477272343, '222.92.124.66', '', '/Admin/LogisticsClient/ajaxVerify', NULL),
(672, 'charge1620914', 1477272344, '222.92.124.66', '', '/Admin/LogisticsClient/ajaxLogisticsClientList', NULL),
(673, 'charge1620914', 1477272389, '222.92.124.66', '', '/Admin/LogisticsClient/logisticsStatusList', NULL),
(674, 'charge1620914', 1477272390, '222.92.124.66', '', '/Admin/LogisticsClient/ajaxLogisticsClientStatusList', NULL),
(675, 'charge1620914', 1477272421, '222.92.124.66', '', '/Admin/LogisticsCourier/toList', NULL),
(676, 'charge1620914', 1477272422, '222.92.124.66', '', '/Admin/LogisticsClient/ajaxSelectList', NULL),
(677, 'charge1620914', 1477272423, '222.92.124.66', '', '/Admin/LogisticsClient/ajaxSelectList', NULL),
(678, 'charge1620914', 1477272423, '222.92.124.66', '', '/Admin/LogisticsCourier/ajaxList', NULL),
(679, 'charge1620914', 1477272478, '222.92.124.66', '', '/Admin/LogisticsCourier/ajaxAdd', NULL),
(680, 'charge1620914', 1477272481, '222.92.124.66', '', '/Admin/LogisticsCourier/ajaxList', NULL),
(681, 'charge1620914', 1477272485, '222.92.124.66', '', '/Admin/LogisticsCourier/ajaxGetDataById', NULL),
(682, 'charge1620914', 1477272488, '222.92.124.66', '', '/Admin/LogisticsCourier/ajaxEdit', NULL),
(683, 'charge1620914', 1477272489, '222.92.124.66', '', '/Admin/LogisticsCourier/ajaxList', NULL),
(684, 'charge1620914', 1477272491, '222.92.124.66', '', '/Admin/LogisticsCardinfo/toList', NULL),
(685, 'charge1620914', 1477272492, '222.92.124.66', '', '/Admin/LogisticsCourier/ajaxSelectList', NULL),
(686, 'charge1620914', 1477272493, '222.92.124.66', '', '/Admin/LogisticsCourier/ajaxSelectClientListByCourierid', NULL),
(687, 'charge1620914', 1477272493, '222.92.124.66', '', '/Admin/LogisticsCourier/ajaxSelectList', NULL),
(688, 'charge1620914', 1477272493, '222.92.124.66', '', '/Admin/LogisticsCardinfo/ajaxList', NULL),
(689, 'charge1620914', 1477272494, '222.92.124.66', '', '/Admin/LogisticsCourier/ajaxSelectClientListByCourierid', NULL),
(690, 'charge1620914', 1477272501, '222.92.124.66', '', '/Admin/LogisticsCourier/ajaxSelectClientListByCourierid', NULL),
(691, 'charge1620914', 1477272556, '222.92.124.66', '', '/Admin/LogisticsCardinfo/ajaxAdd', NULL),
(692, 'charge1620914', 1477272556, '222.92.124.66', '', '/Admin/LogisticsCardinfo/ajaxList', NULL),
(693, NULL, 1477273607, '222.92.124.66', '', '/Admin/Index/login', NULL),
(694, NULL, 1477273650, '222.92.124.66', '', '/Admin/Index/login', NULL),
(695, NULL, 1477273656, '222.92.124.66', '', '/Admin/Index/login', NULL),
(696, NULL, 1477273769, '222.92.124.66', '', '/Admin/Index/login', NULL),
(697, NULL, 1477274056, '222.92.124.66', '', '/Admin/Index/index', NULL),
(698, NULL, 1477274056, '222.92.124.66', '', '/Admin/Index/login', NULL),
(699, 'charge1620914', 1477274075, '222.92.124.66', '', '/Admin/Index/index', NULL),
(700, NULL, 1477274310, '222.92.124.66', '', '/Admin/Index/index', NULL),
(701, NULL, 1477274311, '222.92.124.66', '', '/Admin/Index/login', NULL),
(702, 'charge1620914', 1477274328, '222.92.124.66', '', '/Admin/Index/index', NULL),
(703, 'LogisticsController', 1477274448, NULL, 'INFO', 'getCardInfo', '1477272288|0|13706228705|123456|0'),
(704, 'charge1620914', 1477274681, '222.92.124.66', '', '/Admin/Index/index', NULL),
(705, 'charge1620914', 1477274997, '222.92.124.66', '', '/Admin/Index/index', NULL),
(706, NULL, 1477275005, '222.92.124.66', '', '/Admin/Index/login', NULL),
(707, 'admin', 1477275020, '222.92.124.66', '', '/Admin/Index/index', NULL),
(708, 'LogisticsController', 1477275076, NULL, 'INFO', 'getCardInfo', '1477272288|0|13706228705|123456|0'),
(709, 'LogisticsController', 1477275106, NULL, 'INFO', 'getCardInfo', '1477272288|0|13706228705|123456|0'),
(710, NULL, 1477275118, '222.92.124.66', '', '/Admin/Index/login', NULL),
(711, 'charge1620914', 1477275137, '222.92.124.66', '', '/Admin/Index/index', NULL),
(712, 'charge1620914', 1477275364, '222.92.124.66', '', '/Admin/Index/index', NULL),
(713, 'LogisticsController', 1477275695, NULL, 'INFO', 'getCardInfo', '1477272288|0|13706228705|123456|0'),
(714, NULL, 1477276600, '222.92.124.66', '', '/Admin/Index/index', NULL),
(715, NULL, 1477276601, '222.92.124.66', '', '/Admin/Index/login', NULL),
(716, 'charge1620914', 1477276623, '222.92.124.66', '', '/Admin/Index/index', NULL),
(717, 'system', 1477276670, 'localhost', 'sms', 'http://api.synhey.com/json?key=xvlvuo&secret=0stLliRh&to=8618913614962&text=Dear+customer%2C+Your+laundry+locker+login+verification+code+is+5585.', '{"status":"0","messageid":"0157f4-8d1a38-6d5"}'),
(718, 'LogisticsController', 1477276713, NULL, 'INFO', 'setOrderInfo', 'Insert：1||'),
(719, 'system', 1477276715, 'localhost', 'sms', 'http://api.synhey.com/json?key=xvlvuo&secret=0stLliRh&to=8618913614962&text=Dear+Customer%2C+your+order+201610240001+is+created%2C+we+will+pick+up+you+your+laundry+items+soon%2C+thanks+for+using+our+s', '{"status":"0","messageid":"0157f4-8dc979-6d7"}'),
(720, 'LogisticsController', 1477276730, NULL, 'INFO', 'getCardInfo', '1477272288|0|13706228705|123456|0'),
(721, 'LogisticsController', 1477277156, NULL, 'INFO', 'getCardInfo', '1477272288|0|13706228705|123456|0'),
(722, 'LogisticsController', 1477277170, NULL, 'INFO', 'getCardInfo', '1477272288|0|13706228705|123456|0'),
(723, 'system', 1477277327, 'localhost', 'sms', 'http://api.synhey.com/json?key=xvlvuo&secret=0stLliRh&to=8618913614962&text=Dear+Customer%2C+your+order+201610240001+has+been+picked+up+by+laundry+shop+courier%2C+any+questions+please+contact+the+serv', '{"status":"0","messageid":"0157f4-97218a-6db"}'),
(724, 'LogisticsController', 1477277383, NULL, 'INFO', 'getCardInfo', '1477272288|0|13706228705|123456|0'),
(725, 'LogisticsController', 1477277399, NULL, 'INFO', 'getCardInfo', '1477272288|0|13706228705|123456|0'),
(726, 'LogisticsController', 1477277446, NULL, 'INFO', 'getCardInfo', '1477272288|0|13706228705|123456|0'),
(727, 'LogisticsController', 1477277474, NULL, 'INFO', 'getCardInfo', '1477272288|0|13706228705|123456|0'),
(728, 'LogisticsController', 1477277554, NULL, 'INFO', 'setOrderInfo', 'Insert：23|485538|{"23":"485538"}'),
(729, 'system', 1477277557, 'localhost', 'sms', 'http://api.synhey.com/json?key=xvlvuo&secret=0stLliRh&to=8618913614962&text=Dear+Customer%2C+your+order+201610240001+has+been+dropped+off+to+Locker+01+Door+23%2C+Locker+address+is+%2C+pickup+PIN+is+48', '{"status":"0","messageid":"0157f4-9aa074-6dc"}'),
(730, 'system', 1477277686, 'localhost', 'sms', 'http://api.synhey.com/json?key=xvlvuo&secret=0stLliRh&to=8618913614962&text=Dear+Customer%2C+your+order+201610240001+has+been+picked+up+and+order+is+finished%2C+any+questions+please+contact+the+servic', '{"status":"0","messageid":"0157f4-9c99bc-6dd"}'),
(731, 'system', 1477277965, 'localhost', 'sms', 'http://api.synhey.com/json?key=xvlvuo&secret=0stLliRh&to=8618913614962&text=Dear+customer%2C+Your+laundry+locker+login+verification+code+is+4128.', '{"status":"0","messageid":"0157f4-a0da2d-6de"}'),
(732, 'LogisticsController', 1477278006, NULL, 'INFO', 'setOrderInfo', 'Insert：1||'),
(733, 'system', 1477278009, 'localhost', 'sms', 'http://api.synhey.com/json?key=xvlvuo&secret=0stLliRh&to=8618913614962&text=Dear+Customer%2C+your+order+201610240002+is+created%2C+we+will+pick+up+you+your+laundry+items+soon%2C+thanks+for+using+our+s', '{"status":"0","messageid":"0157f4-a187db-6df"}'),
(734, 'LogisticsController', 1477278081, NULL, 'INFO', 'getCardInfo', '1477272288|0|13706228705|123456|0'),
(735, 'LogisticsController', 1477278082, NULL, 'INFO', 'getCardInfo', '1477272288|0|13706228705|123456|0'),
(736, 'system', 1477278128, 'localhost', 'sms', 'http://api.synhey.com/json?key=xvlvuo&secret=0stLliRh&to=8618913614962&text=Dear+Customer%2C+your+order+201610240002+has+been+picked+up+by+laundry+shop+courier%2C+any+questions+please+contact+the+serv', '{"status":"0","messageid":"0157f4-a357e5-6e0"}'),
(737, 'LogisticsController', 1477278179, NULL, 'INFO', 'getCardInfo', '1477272288|0|13706228705|988568|0'),
(738, 'LogisticsController', 1477278184, NULL, 'INFO', 'getCardInfo', '1477272288|0|13706228705|123456|0'),
(739, 'LogisticsController', 1477278198, NULL, 'INFO', 'setOrderInfo', 'Insert：23|799387|{"23":"799387"}'),
(740, 'system', 1477278199, 'localhost', 'sms', 'http://api.synhey.com/json?key=xvlvuo&secret=0stLliRh&to=8618913614962&text=Dear+Customer%2C+your+order+201610240002+has+been+dropped+off+to+Locker+01+Door+23%2C+Locker+address+is+%2C+pickup+PIN+is+79', '{"status":"0","messageid":"0157f4-a46fa4-6e1"}'),
(741, 'LogisticsController', 1477278208, NULL, 'INFO', 'setOrderInfo', 'Update：24|551498|{"23":"799387","24":"551498"}'),
(742, 'system', 1477278210, 'localhost', 'sms', 'http://api.synhey.com/json?key=xvlvuo&secret=0stLliRh&to=8618913614962&text=Dear+Customer%2C+your+order+201610240002+has+been+dropped+off+to+Locker+01+Door+24%2C+Locker+address+is+%2C+pickup+PIN+is+55', '{"status":"0","messageid":"0157f4-a4971d-6e2"}'),
(743, 'system', 1477278273, 'localhost', 'sms', 'http://api.synhey.com/json?key=xvlvuo&secret=0stLliRh&to=8618913614962&text=Dear+Customer%2C+your+order+201610240002+has+been+picked+up+and+order+is+finished%2C+any+questions+please+contact+the+servic', '{"status":"0","messageid":"0157f4-a58d24-6e3"}'),
(744, 'system', 1477278322, 'localhost', 'sms', 'http://api.synhey.com/json?key=xvlvuo&secret=0stLliRh&to=8618913614962&text=Dear+Customer%2C+your+order+201610240002+has+been+picked+up+and+order+is+finished%2C+any+questions+please+contact+the+servic', '{"status":"0","messageid":"0157f4-a648ee-6e4"}'),
(745, 'system', 1477278515, 'localhost', 'sms', 'http://api.synhey.com/json?key=xvlvuo&secret=0stLliRh&to=8618913614962&text=Dear+customer%2C+Your+laundry+locker+login+verification+code+is+6624.', '{"status":"0","messageid":"0157f4-a93cd5-6e5"}'),
(746, 'system', 1477279231, 'localhost', 'sms', 'http://api.synhey.com/json?key=xvlvuo&secret=0stLliRh&to=8618913614962&text=Dear+customer%2C+Your+laundry+locker+login+verification+code+is+0334.', '{"status":"0","messageid":"0157f4-b42b45-6e6"}'),
(747, 'LogisticsController', 1477279340, NULL, 'INFO', 'setOrderInfo', 'Insert：1||'),
(748, 'system', 1477279341, 'localhost', 'sms', 'http://api.synhey.com/json?key=xvlvuo&secret=0stLliRh&to=8618913614962&text=Dear+Customer%2C+your+order+201610240003+is+created%2C+we+will+pick+up+you+your+laundry+items+soon%2C+thanks+for+using+our+s', '{"status":"0","messageid":"0157f4-b5dcb6-6e7"}'),
(749, 'LogisticsController', 1477279353, NULL, 'INFO', 'getCardInfo', '1477272288|0|13706228705|123456|0'),
(750, 'LogisticsController', 1477282057, NULL, 'INFO', 'getCardInfo', '1477272288|0|13706228705|123456|0'),
(751, 'LogisticsController', 1477282645, NULL, 'INFO', 'getCardInfo', '1477272288|0|13706228705|123456|0'),
(752, 'LogisticsController', 1477283517, NULL, 'INFO', 'getCardInfo', '1477272288|0|13706228705|123456|0'),
(753, 'LogisticsController', 1477285692, NULL, 'INFO', 'getCardInfo', '1477272288|0|13706228705|123456|0'),
(754, 'LogisticsController', 1477286114, NULL, 'INFO', 'getCardInfo', '1477272288|0|13706228705|123456|0'),
(755, 'system', 1477286135, 'localhost', 'sms', 'http://api.synhey.com/json?key=xvlvuo&secret=0stLliRh&to=8618913614962&text=Dear+Customer%2C+your+order+201610240003+has+been+picked+up+by+laundry+shop+courier%2C+any+questions+please+contact+the+serv', '{"status":"0","messageid":"0157f5-1d87ba-6fd"}'),
(756, 'system', 1477286173, 'localhost', 'sms', 'http://api.synhey.com/json?key=xvlvuo&secret=0stLliRh&to=8618913614962&text=Dear+Customer%2C+your+order+201610240003+has+been+picked+up+by+laundry+shop+courier%2C+any+questions+please+contact+the+serv', '{"status":"0","messageid":"0157f5-1e1b27-6fe"}'),
(757, 'LogisticsController', 1477286285, NULL, 'INFO', 'getCardInfo', '1477272288|0|13706228705|123456|0'),
(758, 'system', 1477286299, 'localhost', 'sms', 'http://api.synhey.com/json?key=xvlvuo&secret=0stLliRh&to=8613706228705&text=Dear+customer%2C+Your+laundry+locker+login+verification+code+is+8790.', '{"status":"0","messageid":"0157f5-1ffd23-6ff"}'),
(759, 'LogisticsController', 1477286320, NULL, 'INFO', 'setOrderInfo', 'Insert：1||'),
(760, 'system', 1477286322, 'localhost', 'sms', 'http://api.synhey.com/json?key=xvlvuo&secret=0stLliRh&to=8613706228705&text=Dear+Customer%2C+your+order+201610240004+is+created%2C+we+will+pick+up+you+your+laundry+items+soon%2C+thanks+for+using+our+s', '{"status":"0","messageid":"0157f5-206036-700"}'),
(761, 'LogisticsController', 1477286330, NULL, 'INFO', 'getCardInfo', '1477272288|0|13706228705|123456|0'),
(762, 'LogisticsController', 1477286577, NULL, 'INFO', 'getCardInfo', '1477272288|0|13706228705|123456|0'),
(763, 'LogisticsController', 1477286681, NULL, 'INFO', 'getCardInfo', '1477272288|0|13706228705|123456|0'),
(764, 'system', 1477286745, 'localhost', 'sms', 'http://api.synhey.com/json?key=xvlvuo&secret=0stLliRh&to=8613706228705&text=Dear+Customer%2C+your+order+201610240004+has+been+picked+up+by+laundry+shop+courier%2C+any+questions+please+contact+the+serv', '{"status":"0","messageid":"0157f5-26d61a-701"}'),
(765, 'LogisticsController', 1477287104, NULL, 'INFO', 'getCardInfo', '1477272288|0|13706228705|123456|0'),
(766, 'system', 1477287115, 'localhost', 'sms', 'http://api.synhey.com/json?key=xvlvuo&secret=0stLliRh&to=8613706228705&text=Dear+customer%2C+Your+laundry+locker+login+verification+code+is+2098.', '{"status":"0","messageid":"0157f5-2c7b89-704"}'),
(767, 'LogisticsController', 1477287149, NULL, 'INFO', 'setOrderInfo', 'Insert：1||'),
(768, 'system', 1477287152, 'localhost', 'sms', 'http://api.synhey.com/json?key=xvlvuo&secret=0stLliRh&to=8613706228705&text=Dear+Customer%2C+your+order+201610240005+is+created%2C+we+will+pick+up+you+your+laundry+items+soon%2C+thanks+for+using+our+s', '{"status":"0","messageid":"0157f5-2d0b3c-705"}'),
(769, 'LogisticsController', 1477287165, NULL, 'INFO', 'getCardInfo', '1477272288|0|13706228705|123456|0'),
(770, 'system', 1477287234, 'localhost', 'sms', 'http://api.synhey.com/json?key=xvlvuo&secret=0stLliRh&to=8613706228705&text=Dear+Customer%2C+your+order+201610240005+has+been+picked+up+by+laundry+shop+courier%2C+any+questions+please+contact+the+serv', '{"status":"0","messageid":"0157f5-2e4938-706"}'),
(771, 'LogisticsController', 1477287245, NULL, 'INFO', 'getCardInfo', '1477272288|0|13706228705|123456|0'),
(772, 'LogisticsController', 1477287249, NULL, 'INFO', 'setOrderInfo', 'Insert：1|569635|{"1":"569635"}'),
(773, 'system', 1477287254, 'localhost', 'sms', 'http://api.synhey.com/json?key=xvlvuo&secret=0stLliRh&to=8613706228705&text=Dear+Customer%2C+your+order+201610240005+has+been+dropped+off+to+Locker+01+Door+1%2C+Locker+address+is+%2C+pickup+PIN+is+569', '{"status":"0","messageid":"0157f5-2e97be-707"}'),
(774, 'system', 1477287301, 'localhost', 'sms', 'http://api.synhey.com/json?key=xvlvuo&secret=0stLliRh&to=8613706228705&text=Dear+Customer%2C+your+order+201610240005+has+been+picked+up+and+order+is+finished%2C+any+questions+please+contact+the+servic', '{"status":"0","messageid":"0157f5-2f5232-708"}'),
(775, 'system', 1477287939, 'localhost', 'sms', 'http://api.synhey.com/json?key=xvlvuo&secret=0stLliRh&to=8613706228705&text=Dear+customer%2C+Your+laundry+locker+login+verification+code+is+0475.', '{"status":"0","messageid":"0157f5-3900d7-70b"}'),
(776, 'LogisticsController', 1477288157, NULL, 'INFO', 'getCardInfo', '1477272288|0|13706228705|123456|0'),
(777, 'LogisticsController', 1477288383, NULL, 'INFO', 'getCardInfo', '1477272288|0|13706228705|123456|0'),
(778, 'LogisticsController', 1477288408, NULL, 'INFO', 'getCardInfo', '1477272288|0|13706228705|123456|0'),
(779, 'system', 1477289215, 'localhost', 'sms', 'http://api.synhey.com/json?key=xvlvuo&secret=0stLliRh&to=8613706228212&text=Dear+customer%2C+Your+laundry+locker+login+verification+code+is+9135.', '{"status":"0","messageid":"0157f5-4c84ce-711"}'),
(780, 'LogisticsController', 1477289253, NULL, 'INFO', 'setOrderInfo', 'Insert：1||'),
(781, 'system', 1477289255, 'localhost', 'sms', 'http://api.synhey.com/json?key=xvlvuo&secret=0stLliRh&to=8613706228212&text=Dear+Customer%2C+your+order+201610240006+is+created%2C+we+will+pick+up+you+your+laundry+items+soon%2C+thanks+for+using+our+s', '{"status":"0","messageid":"0157f5-4d2348-712"}'),
(782, 'LogisticsController', 1477289285, NULL, 'INFO', 'getCardInfo', '1477272288|0|13706228705|123456|0'),
(783, 'system', 1477289294, 'localhost', 'sms', 'http://api.synhey.com/json?key=xvlvuo&secret=0stLliRh&to=8613706228212&text=Dear+Customer%2C+your+order+201610240006+has+been+picked+up+by+laundry+shop+courier%2C+any+questions+please+contact+the+serv', '{"status":"0","messageid":"0157f5-4dba9c-713"}'),
(784, 'LogisticsController', 1477289410, NULL, 'INFO', 'getCardInfo', '1477272288|0|13706228705|123456|0'),
(785, 'LogisticsController', 1477289415, NULL, 'INFO', 'setOrderInfo', 'Insert：1|594825|{"1":"594825"}'),
(786, 'system', 1477289417, 'localhost', 'sms', 'http://api.synhey.com/json?key=xvlvuo&secret=0stLliRh&to=8613706228212&text=Dear+Customer%2C+your+order+201610240006+has+been+dropped+off+to+Locker+01+Door+1%2C+Locker+address+is+%2C+pickup+PIN+is+594', '{"status":"0","messageid":"0157f5-4f98f6-714"}'),
(787, 'system', 1477289458, 'localhost', 'sms', 'http://api.synhey.com/json?key=xvlvuo&secret=0stLliRh&to=8613706228212&text=Dear+Customer%2C+your+order+201610240006+has+been+picked+up+and+order+is+finished%2C+any+questions+please+contact+the+servic', '{"status":"0","messageid":"0157f5-5039fe-715"}'),
(788, 'system', 1477289485, 'localhost', 'sms', 'http://api.synhey.com/json?key=xvlvuo&secret=0stLliRh&to=8613706220212&text=Dear+customer%2C+Your+laundry+locker+login+verification+code+is+0936.', '{"status":"0","messageid":"0157f5-50a32f-716"}'),
(789, 'system', 1477289552, 'localhost', 'sms', 'http://api.synhey.com/json?key=xvlvuo&secret=0stLliRh&to=8613706228212&text=Dear+customer%2C+Your+laundry+locker+login+verification+code+is+9902.', '{"status":"0","messageid":"0157f5-51a7e5-717"}'),
(790, 'LogisticsController', 1477289584, NULL, 'INFO', 'setOrderInfo', 'Insert：1||'),
(791, 'system', 1477289586, 'localhost', 'sms', 'http://api.synhey.com/json?key=xvlvuo&secret=0stLliRh&to=8613706228212&text=Dear+Customer%2C+your+order+201610240007+is+created%2C+we+will+pick+up+you+your+laundry+items+soon%2C+thanks+for+using+our+s', '{"status":"0","messageid":"0157f5-522e4b-718"}'),
(792, 'LogisticsController', 1477289608, NULL, 'INFO', 'getCardInfo', '1477272288|0|13706228705|123456|0'),
(793, 'system', 1477289617, 'localhost', 'sms', 'http://api.synhey.com/json?key=xvlvuo&secret=0stLliRh&to=8613706228212&text=Dear+Customer%2C+your+order+201610240007+has+been+picked+up+by+laundry+shop+courier%2C+any+questions+please+contact+the+serv', '{"status":"0","messageid":"0157f5-52a8b4-719"}'),
(794, 'LogisticsController', 1477289682, NULL, 'INFO', 'getCardInfo', '1477272288|0|13706228705|123456|0'),
(795, 'LogisticsController', 1477289694, NULL, 'INFO', 'setOrderInfo', 'Insert：1|414221|{"1":"414221"}'),
(796, 'system', 1477289696, 'localhost', 'sms', 'http://api.synhey.com/json?key=xvlvuo&secret=0stLliRh&to=8613706228212&text=Dear+Customer%2C+your+order+201610240007+has+been+dropped+off+to+Locker+01+Door+1%2C+Locker+address+is+%2C+pickup+PIN+is+414', '{"status":"0","messageid":"0157f5-53da79-71a"}'),
(797, 'system', 1477289904, 'localhost', 'sms', 'http://api.synhey.com/json?key=xvlvuo&secret=0stLliRh&to=8613706228212&text=Dear+Customer%2C+your+order+201610240007+has+been+picked+up+and+order+is+finished%2C+any+questions+please+contact+the+servic', '{"status":"0","messageid":"0157f5-570897-71b"}'),
(798, NULL, 1477289908, '222.92.124.66', '', '/Admin/Index/login', NULL),
(799, 'charge1620914', 1477289950, '222.92.124.66', '', '/Admin/Index/index', NULL),
(800, 'system', 1477290612, 'localhost', 'sms', 'http://api.synhey.com/json?key=xvlvuo&secret=0stLliRh&to=8613706228705&text=Your+laundry+locker+login+verification+code+is+7281.', '{"status":"0","messageid":"0157f5-61d543-71f"}'),
(801, 'LogisticsController', 1477290679, NULL, 'INFO', 'setOrderInfo', 'Insert：1||'),
(802, 'system', 1477290681, 'localhost', 'sms', 'http://api.synhey.com/json?key=xvlvuo&secret=0stLliRh&to=8613706228705&text=Dear+Customer%2C+your+order+201610240008+is+created%2C+we+will+pick+up+you+your+laundry+items+soon%2C+thanks+for+using+our+s', '{"status":"0","messageid":"0157f5-62e1f7-720"}'),
(803, 'LogisticsController', 1477290728, NULL, 'INFO', 'getCardInfo', '1477272288|0|13706228705|123456|0'),
(804, 'system', 1477290760, 'localhost', 'sms', 'http://api.synhey.com/json?key=xvlvuo&secret=0stLliRh&to=8613706228705&text=Dear+Customer%2C+your+order+201610240008+has+been+picked+up+by+laundry+shop+courier%2C+any+questions+please+contact+the+serv', '{"status":"0","messageid":"0157f5-641958-721"}'),
(805, 'LogisticsController', 1477290798, NULL, 'INFO', 'getCardInfo', '1477272288|0|13706228705|123456|0'),
(806, 'LogisticsController', 1477290833, NULL, 'INFO', 'setOrderInfo', 'Insert：1|337156|{"1":"337156"}'),
(807, 'system', 1477290835, 'localhost', 'sms', 'http://api.synhey.com/json?key=xvlvuo&secret=0stLliRh&to=8613706228705&text=Dear+Customer%2C+your+order+201610240008+has+been+dropped+off+to+Locker+01+Door+1%2C+Locker+address+is+%2C+pickup+PIN+is+337', '{"status":"0","messageid":"0157f5-653df3-723"}'),
(808, 'system', 1477290886, 'localhost', 'sms', 'http://api.synhey.com/json?key=xvlvuo&secret=0stLliRh&to=8613706228705&text=Dear+Customer%2C+your+order+201610240008+has+been+picked+up+and+order+is+finished%2C+any+questions+please+contact+the+servic', '{"status":"0","messageid":"0157f5-660332-724"}'),
(809, 'system', 1477291055, 'localhost', 'sms', 'http://api.synhey.com/json?key=xvlvuo&secret=0stLliRh&to=8618913614962&text=Your+laundry+locker+login+verification+code+is+7754.', '{"status":"0","messageid":"0157f5-6898de-726"}'),
(810, 'LogisticsController', 1477291119, NULL, 'INFO', 'setOrderInfo', 'Insert：1||'),
(811, 'system', 1477291121, 'localhost', 'sms', 'http://api.synhey.com/json?key=xvlvuo&secret=0stLliRh&to=8618913614962&text=Dear+Customer%2C+your+order+201610240009+is+created%2C+we+will+pick+up+you+your+laundry+items+soon%2C+thanks+for+using+our+s', '{"status":"0","messageid":"0157f5-699b1b-728"}'),
(812, 'LogisticsController', 1477291246, NULL, 'INFO', 'getCardInfo', '1477272288|0|13706228705|123456|0'),
(813, 'system', 1477291266, 'localhost', 'sms', 'http://api.synhey.com/json?key=xvlvuo&secret=0stLliRh&to=8618913614962&text=Dear+Customer%2C+your+order+201610240009+has+been+picked+up+by+laundry+shop+courier%2C+any+questions+please+contact+the+serv', '{"status":"0","messageid":"0157f5-6bd011-729"}'),
(814, 'LogisticsController', 1477291312, NULL, 'INFO', 'getCardInfo', '1477272288|0|13706228705|12356|0'),
(815, 'LogisticsController', 1477291317, NULL, 'INFO', 'getCardInfo', '1477272288|0|13706228705|123456|0'),
(816, 'LogisticsController', 1477291354, NULL, 'INFO', 'setOrderInfo', 'Insert：1|159602|{"1":"159602"}'),
(817, 'system', 1477291356, 'localhost', 'sms', 'http://api.synhey.com/json?key=xvlvuo&secret=0stLliRh&to=8618913614962&text=Dear+Customer%2C+your+order+201610240009+has+been+dropped+off+to+Locker+01+Door+1%2C+Locker+address+is+%2C+pickup+PIN+is+159', '{"status":"0","messageid":"0157f5-6d309c-72a"}'),
(818, 'system', 1477291387, 'localhost', 'sms', 'http://api.synhey.com/json?key=xvlvuo&secret=0stLliRh&to=8618913614962&text=Dear+Customer%2C+your+order+201610240009+has+been+picked+up+and+order+is+finished%2C+any+questions+please+contact+the+servic', '{"status":"0","messageid":"0157f5-6dab62-72b"}'),
(819, NULL, 1477291676, '222.92.124.66', '', '/Admin/Index/index', NULL),
(820, NULL, 1477291676, '222.92.124.66', '', '/Admin/Index/login', NULL),
(821, 'charge1620914', 1477291696, '222.92.124.66', '', '/Admin/Index/index', NULL),
(822, 'charge1620914', 1477291755, '222.92.124.66', '', '/Admin/Index/login', NULL),
(823, NULL, 1477291807, '222.92.124.66', '', '/Admin/Index/index', NULL),
(824, NULL, 1477291808, '222.92.124.66', '', '/Admin/Index/login', NULL),
(825, 'charge1620914', 1477291822, '222.92.124.66', '', '/Admin/Index/index', NULL),
(826, NULL, 1477292030, '222.92.124.66', '', '/Admin/Index/login', NULL),
(827, 'admin', 1477292117, '222.92.124.66', '', '/Admin/Index/index', NULL),
(828, 'admin', 1477292141, '222.92.124.66', '', '/Admin/Index/login', NULL),
(829, 'admin', 1477292154, '222.92.124.66', '', '/Admin/Index/index', NULL),
(830, NULL, 1477292263, '222.92.124.66', '', '/Admin/Index/login', NULL),
(831, NULL, 1477299211, '222.92.124.66', '', '/Admin/Index/login', NULL),
(832, 'LogisticsController', 1477378442, NULL, 'INFO', 'getCardInfo', '1469501045|0|001|123456|0'),
(833, 'LogisticsController', 1477378458, NULL, 'INFO', 'getCardInfo', '1469501045|0|002|123456|0'),
(834, 'LogisticsController', 1477378481, NULL, 'INFO', 'getCardInfo', '1469501045|0|002|123456|0'),
(835, 'LogisticsController', 1477378620, NULL, 'INFO', 'getCardInfo', '1469501045|0|002|123456|0'),
(836, 'LogisticsController', 1477378929, NULL, 'INFO', 'getCardInfo', '1469501045|0|002|123456|0'),
(837, 'LogisticsController', 1477379277, NULL, 'INFO', 'getCardInfo', '1469501045|0|002|123456|0'),
(838, 'LogisticsController', 1477379340, NULL, 'INFO', 'getCardInfo', '1469501045|0|002|123456|0'),
(839, NULL, 1477379876, '222.92.124.66', '', '/Admin/Index/index', NULL),
(840, NULL, 1477379876, '222.92.124.66', '', '/Admin/Index/login', NULL),
(841, NULL, 1477380054, '101.226.33.228', '', '/Admin/Index/index', NULL),
(842, NULL, 1477380056, '101.226.33.228', '', '/Admin/Index/login', NULL),
(843, 'LogisticsController', 1477440558, NULL, 'INFO', 'getCardInfo', '1469501045|0|002|123456|0'),
(844, 'LogisticsController', 1477440677, NULL, 'INFO', 'getCardInfo', '1469501045|0|002|123456|0'),
(845, 'LogisticsController', 1477440983, NULL, 'INFO', 'getCardInfo', '1469501045|0|002|123456|0'),
(846, 'LogisticsController', 1477444202, NULL, 'INFO', 'getCardInfo', '1469501045|0|002|123456|0'),
(847, 'LogisticsController', 1477447449, NULL, 'INFO', 'getCardInfo', '1469501045|0|002|123456|0'),
(848, 'LogisticsController', 1477447478, NULL, 'INFO', 'getCardInfo', '1469501045|0|002|123456|0'),
(849, 'LogisticsController', 1477448390, NULL, 'INFO', 'getCardInfo', '1469501045|0|002|123456|0'),
(850, 'ChargeController', 1477507484, NULL, 'API', 'setApiInfo', '{“otype”:”1001”,”apikey”:” a05c930364526c86f9ae23aa193fb598”,”input”:{“mobile”:”13706228602”,”content”:”00112”,”sendtime”: ”1474199987”}}'),
(851, 'ChargeController', 1477507496, NULL, 'API', 'setApiInfo', '{“otype”:”1001”,”apikey”:” a05c930364526c86f9ae23aa193fb598”,”input”:{“mobile”:”3706228602”,”content”:”00112”,”sendtime”: ”1474199987”}}'),
(852, NULL, 1477530786, '222.92.124.66', '', '/Admin/Index/login', NULL),
(853, 'admin', 1477530803, '222.92.124.66', '', '/Admin/Index/index', NULL),
(854, NULL, 1477530852, '222.92.124.66', '', '/Admin/Index/login', NULL),
(855, 'admin', 1477530870, '222.92.124.66', '', '/Admin/Index/index', NULL),
(856, NULL, 1477530934, '222.92.124.66', '', '/Admin/Index/login', NULL),
(857, 'charge1620914', 1477530942, '222.92.124.66', '', '/Admin/Index/index', NULL),
(858, NULL, 1477538223, '222.92.124.66', '', '/Admin/Index/index', NULL),
(859, NULL, 1477538224, '222.92.124.66', '', '/Admin/Index/login', NULL),
(860, 'charge1620914', 1477538243, '222.92.124.66', '', '/Admin/Index/index', NULL),
(861, NULL, 1477546451, '222.92.124.66', '', '/Admin/Index/index', NULL),
(862, NULL, 1477546451, '222.92.124.66', '', '/Admin/Index/login', NULL),
(863, 'admin', 1477546462, '222.92.124.66', '', '/Admin/Index/index', NULL),
(864, 'charge1620914', 1477550701, '222.92.124.66', '', '/Admin/Index/login', NULL),
(865, 'admin', 1477550711, '222.92.124.66', '', '/Admin/Index/index', NULL),
(866, NULL, 1477550730, '222.92.124.66', '', '/Admin/Index/login', NULL),
(867, 'charge1620914', 1477550744, '222.92.124.66', '', '/Admin/Index/index', NULL),
(868, 'charge1620914', 1477551054, '222.92.124.66', '', '/Admin/Index/index', NULL),
(869, 'ChargeController', 1477570544, NULL, 'API', 'setApiInfo', '{“otype”:”1001”,”apikey”'),
(870, 'ChargeController', 1477570562, NULL, 'API', 'setApiInfo', '{“otype”:”1001”,”apikey”:” f5e4a89a318b4 ca88c60336f0e67e0dc”,”input”:{“mobile”:”13706228602”,”content”:”00112”,”sendtime”: ”1474199987”}}'),
(871, 'ChargeController', 1477571549, NULL, 'API', 'setApiInfo', 'pRequest:{otype:''1001'',apikey:''a05c930364526c86f9ae23aa193fb598'',input:{mobile:''13706228602'',content:''00112'',sendtime:''4354545345''}}'),
(872, 'ChargeController', 1477592643, NULL, 'API', 'setApiInfo', '{“otype”:”1001”,”apikey”:” a05c930364526c86f9ae23aa193fb598”,”input”:{“mobile”:”8573009097”,”content”:”00112”,”sendtime”: ”1474199987”}}'),
(873, 'ChargeController', 1477592686, NULL, 'API', 'setApiInfo', '{“otype”:”1001”,”apikey”:”a05c930364526c86f9ae23aa193fb598”,”input”:{“mobile”:”8573009097”,”content”:”'),
(874, 'ChargeController', 1477592885, NULL, 'API', 'setApiInfo', '{“otype”:”1001”,”apikey”:”a05c930364526c86f9ae23aa193fb598”,”input”:{“mobile”:”8573009097”,”content”:”'),
(875, NULL, 1477709327, '222.92.124.66', '', '/Admin/Index/index', NULL),
(876, NULL, 1477709327, '222.92.124.66', '', '/Admin/Index/login', NULL),
(877, 'charge1630509', 1477709353, '222.92.124.66', '', '/Admin/Index/index', NULL),
(878, NULL, 1477899547, '222.92.124.66', '', '/Admin/Index/login', NULL),
(879, NULL, 1477981981, '222.92.124.66', '', '/Admin/Index/login', NULL),
(880, NULL, 1477982084, '222.92.124.66', '', '/Admin/Index/login', NULL),
(881, 'admin', 1477982133, '222.92.124.66', '', '/Admin/Index/index', NULL),
(882, NULL, 1477982164, '222.92.124.66', '', '/Admin/Index/login', NULL),
(883, NULL, 1477982278, '222.92.124.66', '', '/Admin/Index/index', NULL),
(884, NULL, 1477982278, '222.92.124.66', '', '/Admin/Index/login', NULL),
(885, NULL, 1477982287, '180.153.214.176', '', '/Admin/Index/index', NULL),
(886, NULL, 1477982288, '180.153.214.176', '', '/Admin/Index/login', NULL),
(887, 'admin', 1477982295, '222.92.124.66', '', '/Admin/Index/index', NULL),
(888, NULL, 1477982457, '101.226.33.225', '', '/Admin/Index/index', NULL),
(889, NULL, 1477982458, '101.226.33.225', '', '/Admin/Index/login', NULL),
(890, NULL, 1477982460, '101.226.79.182', '', '/Admin/Index/index', NULL),
(891, NULL, 1477982460, '180.153.214.200', '', '/Admin/Index/index', NULL),
(892, NULL, 1477982461, '101.226.79.182', '', '/Admin/Index/login', NULL),
(893, NULL, 1477982462, '180.153.214.200', '', '/Admin/Index/login', NULL),
(894, NULL, 1477983207, '101.226.33.223', '', '/Admin/Index/index', NULL),
(895, NULL, 1477983208, '101.226.33.223', '', '/Admin/Index/login', NULL),
(896, NULL, 1477983393, '222.92.124.66', '', '/Admin/Index/login', NULL),
(897, 'charge1630603', 1477983402, '222.92.124.66', '', '/Admin/Index/index', NULL),
(898, NULL, 1477983403, '180.153.206.22', '', '/Admin/Index/login', NULL),
(899, 'LogisticsController', 1477983575, NULL, 'INFO', 'getCardInfo', '1477983357|0|001|123456|0'),
(900, 'LogisticsController', 1477984791, NULL, 'INFO', 'getCardInfo', '1477983357|0|001|123456|0'),
(901, 'LogisticsController', 1477984856, NULL, 'INFO', 'getCardInfo', '1477983357|0|002|123456|0'),
(902, 'LogisticsController', 1477985021, NULL, 'INFO', 'getCardInfo', '1477983357|2ced222b|0||0'),
(903, 'LogisticsController', 1477985025, NULL, 'INFO', 'getCardInfo', '1477983357|d9480a0a|0||0'),
(904, 'LogisticsController', 1477985059, NULL, 'INFO', 'getCardInfo', '1477983357|2ced222b|0||0'),
(905, 'LogisticsController', 1477985119, NULL, 'INFO', 'setOrderInfo', 'Insert：|130218|{"":"130218"}'),
(906, 'system', 1477985121, 'localhost', 'sms', 'http://api.synhey.com/json?key=xvlvuo&secret=0stLliRh&to=8618913614962&text=Dear+customer%2C+your+order+14256398001123+has+been+delivered+to+locker+chejian+in+chejian%2C+door+number+2%2C+password+1302', '{"status":"0","messageid":"01581e-c7358b-449"}'),
(907, 'system', 1477985173, 'localhost', 'sms', 'http://api.synhey.com/json?key=xvlvuo&secret=0stLliRh&to=8618913614962&text=Dear+customer%2C+your+order+14256398001123+has+already+been+picked+up%2C+if+it+is+not+operated+by+yourself%2C+please+contact', '{"status":"0","messageid":"01581e-c7fd5f-44a"}'),
(908, 'LogisticsController', 1477988667, NULL, 'INFO', 'getCardInfo', '1477983357|d9480a0a|0||0'),
(909, 'LogisticsController', 1477988673, NULL, 'INFO', 'getCardInfo', '1477983357|2ced222b|0||0'),
(910, 'LogisticsController', 1477988879, NULL, 'INFO', 'getCardInfo', '1477983357|0|002|123456|0'),
(911, 'LogisticsController', 1477989541, NULL, 'INFO', 'getCardInfo', '1477983357|2ced222b|0||0'),
(912, 'LogisticsController', 1477989567, NULL, 'INFO', 'setOrderInfo', 'Insert：|432619|{"":"432619"}'),
(913, 'system', 1477989569, 'localhost', 'sms', 'http://api.synhey.com/json?key=xvlvuo&secret=0stLliRh&to=8618913614962&text=Dear+customer%2C+your+order+145998082564+has+been+delivered+to+locker+chejian+in+chejian%2C+door+number+1%2C+password+432619', '{"status":"0","messageid":"01581f-0b1359-477"}'),
(914, 'system', 1477989657, 'localhost', 'sms', 'http://api.synhey.com/json?key=xvlvuo&secret=0stLliRh&to=8618913614962&text=Dear+customer%2C+your+order+145998082564+has+already+been+picked+up%2C+if+it+is+not+operated+by+yourself%2C+please+contact+t', '{"status":"0","messageid":"01581f-0c69f6-479"}'),
(915, 'LogisticsController', 1477989711, NULL, 'INFO', 'getCardInfo', '1477983357|d9480a0a|0||0'),
(916, 'LogisticsController', 1477989777, NULL, 'INFO', 'getCardInfo', '1477983357|0|002|123456|0'),
(917, 'LogisticsController', 1478046655, NULL, 'INFO', 'getCardInfo', '1477983357|d9480a0a|0||0'),
(918, 'LogisticsController', 1478046660, NULL, 'INFO', 'getCardInfo', '1477983357|2ced222b|0||0'),
(919, 'LogisticsController', 1478046681, NULL, 'INFO', 'getCardInfo', '1477983357|2ced222b|0||0'),
(920, 'LogisticsController', 1478046706, NULL, 'INFO', 'setOrderInfo', 'Insert：|261923|{"":"261923"}'),
(921, 'system', 1478046708, 'localhost', 'sms', 'http://api.synhey.com/json?key=xvlvuo&secret=0stLliRh&to=8618913614962&text=Dear+customer%2C+your+order+14256978007+has+been+delivered+to+locker+chejian+in+chejian%2C+door+number+2%2C+password+261923%', '{"status":"0","messageid":"015822-72f1ff-601"}'),
(922, 'system', 1478046753, 'localhost', 'sms', 'http://api.synhey.com/json?key=xvlvuo&secret=0stLliRh&to=8618913614962&text=Dear+customer%2C+your+order+14256978007+has+already+been+picked+up%2C+if+it+is+not+operated+by+yourself%2C+please+contact+th', '{"status":"0","messageid":"015822-73a133-602"}'),
(923, NULL, 1478052345, '222.92.124.66', '', '/Admin/Index/index', NULL),
(924, NULL, 1478052345, '222.92.124.66', '', '/Admin/Index/login', NULL),
(925, 'charge1630603', 1478052361, '222.92.124.66', '', '/Admin/Index/index', NULL),
(926, 'LogisticsController', 1478062793, NULL, 'INFO', 'getCardInfo', '1477983357|0|002|123456|0'),
(927, 'LogisticsController', 1478063013, NULL, 'INFO', 'getCardInfo', '1477983357|0|002|123456|0'),
(928, NULL, 1478064206, '222.92.124.66', '', '/Admin/Index/index', NULL),
(929, NULL, 1478064207, '222.92.124.66', '', '/Admin/Index/login', NULL),
(930, 'charge1630509', 1478064237, '222.92.124.66', '', '/Admin/Index/index', NULL),
(931, 'LogisticsController', 1478065832, NULL, 'INFO', 'getCardInfo', '1477983357|2ced222b|0||0'),
(932, 'LogisticsController', 1478065843, NULL, 'INFO', 'getCardInfo', '1477983357|2ced222b|0||0'),
(933, 'LogisticsController', 1478065849, NULL, 'INFO', 'getCardInfo', '1477983357|2ced222b2ced222b|0||0'),
(934, 'LogisticsController', 1478065910, NULL, 'INFO', 'getCardInfo', '1477983357|d9480a0a|0||0'),
(935, 'LogisticsController', 1478065919, NULL, 'INFO', 'getCardInfo', '1477983357|2ced222b|0||0'),
(936, 'LogisticsController', 1478065989, NULL, 'INFO', 'setOrderInfo', 'Insert：|227611|{"":"227611"}'),
(937, 'system', 1478065994, 'localhost', 'sms', 'http://api.synhey.com/json?key=xvlvuo&secret=0stLliRh&to=8618913614962&text=Dear+customer%2C+your+order+159357789580+has+been+delivered+to+locker+chejian+in+chejian%2C+door+number+2%2C+password+227611', '{"status":"0","messageid":"015823-993319-65a"}'),
(938, 'system', 1478066030, 'localhost', 'sms', 'http://api.synhey.com/json?key=xvlvuo&secret=0stLliRh&to=8618913614962&text=Dear+customer%2C+your+order+159357789580+has+already+been+picked+up%2C+if+it+is+not+operated+by+yourself%2C+please+contact+t', '{"status":"0","messageid":"015823-99c614-65c"}'),
(939, 'LogisticsController', 1478067524, NULL, 'INFO', 'getCardInfo', '1477983357|0|001|123456|0'),
(940, 'LogisticsController', 1478069371, NULL, 'INFO', 'getCardInfo', '1477983357|2ced222b|0||0'),
(941, 'LogisticsController', 1478069401, NULL, 'INFO', 'setOrderInfo', 'Insert：|828923|{"":"828923"}'),
(942, 'system', 1478069404, 'localhost', 'sms', 'http://api.synhey.com/json?key=xvlvuo&secret=0stLliRh&to=8615624388500&text=Dear+customer%2C+your+order+255455845645687+has+been+delivered+to+locker+chejian+in+chejian%2C+door+number+2%2C+password+828', '{"status":"0","messageid":"015823-cd41f9-667"}'),
(943, 'LogisticsController', 1478069428, NULL, 'INFO', 'setOrderInfo', 'Insert：|421956|{"":"421956"}'),
(944, 'system', 1478069433, 'localhost', 'sms', 'http://api.synhey.com/json?key=xvlvuo&secret=0stLliRh&to=8613806220600&text=Dear+customer%2C+your+order+555512235588545+has+been+delivered+to+locker+chejian+in+chejian%2C+door+number+1%2C+password+421', '{"status":"0","messageid":"015823-cdb36b-668"}'),
(945, 'LogisticsController', 1478069457, NULL, 'INFO', 'setOrderInfo', 'Insert：|951847|{"":"951847"}'),
(946, 'system', 1478069464, 'localhost', 'sms', 'http://api.synhey.com/json?key=xvlvuo&secret=0stLliRh&to=8615624388500&text=Dear+customer%2C+your+order+5244896325596+has+been+delivered+to+locker+chejian+in+chejian%2C+door+number+7%2C+password+95184', '{"status":"0","messageid":"015823-ce2d32-669"}'),
(947, 'LogisticsController', 1478069504, NULL, 'INFO', 'getCardInfo', '1477983357|2ced222b|0||0'),
(948, 'system', 1478069560, 'localhost', 'sms', 'http://api.synhey.com/json?key=xvlvuo&secret=0stLliRh&to=8615624388500&text=Dear+customer%2C+your+order+5244896325596+has+already+been+picked+up%2C+if+it+is+not+operated+by+yourself%2C+please+contact+', '{"status":"0","messageid":"015823-cfa589-66a"}'),
(949, 'LogisticsController', 1478069792, NULL, 'INFO', 'getCardInfo', '1477983357|d9480a0a|0||0'),
(950, 'charge1630509', 1478074241, '222.92.124.66', '', '/Admin/Index/index', NULL),
(951, NULL, 1478131661, '222.92.124.66', '', '/Admin/Index/index', NULL),
(952, NULL, 1478131661, '222.92.124.66', '', '/Admin/Index/login', NULL),
(953, NULL, 1478218183, '222.92.124.66', '', '/Admin/Index/index', NULL),
(954, NULL, 1478218183, '222.92.124.66', '', '/Admin/Index/login', NULL),
(955, 'ChargeController', 1478227115, NULL, 'API', 'setApiInfo', '{'),
(956, 'ChargeController', 1478227124, NULL, 'API', 'setApiInfo', '');
INSERT INTO `wf_sys_log` (`id`, `username`, `time`, `ip`, `module`, `action`, `info`) VALUES
(957, 'ChargeController', 1478230215, NULL, 'API', 'setApiInfo', '{"otype":"1001","apikey":"a05c930364526c86f9ae23aa193fb598","input":{"mobile":"85730009097","content":" '),
(958, NULL, 1478246098, '222.92.124.66', '', '/Admin/Index/index', NULL),
(959, NULL, 1478246098, '222.92.124.66', '', '/Admin/Index/login', NULL),
(960, 'charge1670412', 1478246119, '222.92.124.66', '', '/Admin/Index/index', NULL),
(961, NULL, 1478246337, '222.92.124.66', '', '/Admin/Index/login', NULL),
(962, NULL, 1478248547, '222.92.124.66', '', '/Admin/Index/index', NULL),
(963, NULL, 1478248547, '222.92.124.66', '', '/Admin/Index/login', NULL),
(964, 'admin', 1478248568, '222.92.124.66', '', '/Admin/Index/index', NULL),
(965, NULL, 1478248618, '222.92.124.66', '', '/Admin/Index/login', NULL),
(966, 'charge1670412', 1478248628, '222.92.124.66', '', '/Admin/Index/index', NULL),
(967, 'system', 1478265828, 'localhost', 'sms', 'http://api.synhey.com/json?key=xvlvuo&secret=0stLliRh&to=3434606373638&text=Your+laundry+locker+login+verification+code+is+0969.', '{"status":"0","messageid":"01582f-827364-44c"}'),
(968, 'system', 1478265932, 'localhost', 'sms', 'http://api.synhey.com/json?key=xvlvuo&secret=0stLliRh&to=3434631790866&text=Your+laundry+locker+login+verification+code+is+6024.', '{"status":"0","messageid":"01582f-840704-44d"}'),
(969, 'system', 1478265998, 'localhost', 'sms', 'http://api.synhey.com/json?key=xvlvuo&secret=0stLliRh&to=34606373638&text=Your+laundry+locker+login+verification+code+is+5090.', '{"status":"0","messageid":"01582f-850abe-44e"}'),
(970, 'LogisticsController', 1478266107, NULL, 'INFO', 'setOrderInfo', 'Insert：1||'),
(971, 'system', 1478266108, 'localhost', 'sms', 'http://api.synhey.com/json?key=xvlvuo&secret=0stLliRh&to=34606373638&text=Dear+Customer%2C+your+order+201611040001+is+created%2C+we+will+pick+up+you+your+laundry+items+soon%2C+thanks+for+using+our+ser', '{"status":"0","messageid":"01582f-86b9f9-44f"}'),
(972, 'LogisticsController', 1478266461, NULL, 'INFO', 'getCardInfo', '1477272288|0|606373638|113456|0'),
(973, 'system', 1478266576, 'localhost', 'sms', 'http://api.synhey.com/json?key=xvlvuo&secret=0stLliRh&to=34606373638&text=Dear+Customer%2C+your+order+201611040001+has+been+picked+up+by+laundry+shop+courier%2C+any+questions+please+contact+the+servic', '{"status":"0","messageid":"01582f-8ddc56-451"}'),
(974, 'LogisticsController', 1478266676, NULL, 'INFO', 'getCardInfo', '1477272288|0|606373638|113456|0'),
(975, 'LogisticsController', 1478266848, NULL, 'INFO', 'getCardInfo', '1477272288|0|606373638|113456|0'),
(976, 'LogisticsController', 1478266903, NULL, 'INFO', 'setOrderInfo', 'Insert：23|515502|{"23":"515502"}'),
(977, 'system', 1478266916, 'localhost', 'sms', 'http://api.synhey.com/json?key=xvlvuo&secret=0stLliRh&to=34606373638&text=Dear+Customer%2C+your+order+201611040001+has+been+dropped+off+to+Locker+01+Door+23%2C+Locker+address+is+%2C+pickup+PIN+is+5155', '{"status":"0","messageid":"01582f-930df9-453"}'),
(978, 'system', 1478267297, 'localhost', 'sms', 'http://api.synhey.com/json?key=xvlvuo&secret=0stLliRh&to=34606373638&text=Dear+Customer%2C+your+order+201611040001+has+been+picked+up+and+order+is+finished%2C+any+questions+please+contact+the+service+', '{"status":"0","messageid":"01582f-98dac6-458"}'),
(979, 'system', 1478268942, 'localhost', 'sms', 'http://api.synhey.com/json?key=xvlvuo&secret=0stLliRh&to=3434600091229&text=Your+laundry+locker+login+verification+code+is+9866.', '{"status":"0","messageid":"01582f-b1f550-4aa"}'),
(980, 'system', 1478269007, 'localhost', 'sms', 'http://api.synhey.com/json?key=xvlvuo&secret=0stLliRh&to=3434600091229&text=Your+laundry+locker+login+verification+code+is+1675.', '{"status":"0","messageid":"01582f-b2f2fa-4ab"}'),
(981, 'ChargeController', 1478271425, NULL, 'API', 'setApiInfo', '{“otype”:”1001”,”apikey”:”a05c930364526c86f9ae23aa193fb598”,”input”:{“mobile”:”85730009097”,”content”:” 00103*”,”sendtime”: ” 4354545345”}}'),
(982, 'ChargeController', 1478271469, NULL, 'API', 'setApiInfo', '{“otype”:”1001”,”apikey”:”a05c930364526c86f9ae23aa193fb598”,”input”:{“mobile”:”85730009097”,”content”:”00103*”,”sendtime”:4354545345”}}'),
(983, 'ChargeController', 1478272506, NULL, 'API', 'setApiInfo', '{“otype”:”1001”,”apikey”:”a05c930364526c86f9ae23aa193fb598”,”input”:{“mobile”:”85730009097”,”content”'),
(984, NULL, 1478484178, '222.92.124.66', '', '/Admin/Index/index', NULL),
(985, NULL, 1478484178, '222.92.124.66', '', '/Admin/Index/login', NULL),
(986, 'admin', 1478484190, '222.92.124.66', '', '/Admin/Index/index', NULL),
(987, NULL, 1478502565, '180.153.214.178', '', '/Admin/Index/index', NULL),
(988, NULL, 1478503752, '222.92.124.66', '', '/Admin/Index/login', NULL),
(989, 'charge1630922', 1478503764, '222.92.124.66', '', '/Admin/Index/index', NULL),
(990, NULL, 1478503780, '222.92.124.66', '', '/Admin/Index/login', NULL),
(991, 'admin', 1478503794, '222.92.124.66', '', '/Admin/Index/index', NULL),
(992, NULL, 1478503985, '222.92.124.66', '', '/Admin/Index/login', NULL),
(993, 'charge1630922', 1478504003, '222.92.124.66', '', '/Admin/Index/index', NULL),
(994, NULL, 1478504034, '222.92.124.66', '', '/Admin/Index/login', NULL),
(995, 'charge1620914', 1478504045, '222.92.124.66', '', '/Admin/Index/index', NULL),
(996, NULL, 1478504082, '222.92.124.66', '', '/Admin/Index/login', NULL),
(997, 'charge1630606', 1478504097, '222.92.124.66', '', '/Admin/Index/index', NULL),
(998, 'charge1630606', 1478504099, '222.92.124.66', '', '/Admin/Index/index', NULL),
(999, NULL, 1478504114, '222.92.124.66', '', '/Admin/Index/login', NULL),
(1000, 'charge1630922', 1478504126, '222.92.124.66', '', '/Admin/Index/index', NULL),
(1001, 'system', 1478515772, 'localhost', 'sms', 'http://api.synhey.com/json?key=xvlvuo&secret=0stLliRh&to=3434625061440&text=Your+laundry+locker+login+verification+code+is+1995.', '{"status":"0","messageid":"01583e-684d29-65f"}'),
(1002, 'system', 1478524210, 'localhost', 'sms', 'http://api.synhey.com/json?key=xvlvuo&secret=0stLliRh&to=3434625061440&text=Your+laundry+locker+login+verification+code+is+8688.', '{"status":"0","messageid":"01583e-e90c0b-69d"}'),
(1003, 'LogisticsController', 1478525178, NULL, 'INFO', 'getCardInfo', '1477272288|0|606373638|113456|0'),
(1004, 'LogisticsController', 1478525178, NULL, 'INFO', 'getCardInfo', '1477272288|0|606373638|113456|0'),
(1005, 'LogisticsController', 1478525221, NULL, 'INFO', 'getCardInfo', '1477272288|0|606373638|113456|0'),
(1006, 'system', 1478525782, 'localhost', 'sms', 'http://api.synhey.com/json?key=xvlvuo&secret=0stLliRh&to=3434625061440&text=Your+laundry+locker+login+verification+code+is+5497.', '{"status":"0","messageid":"01583f-010a77-6b2"}'),
(1007, 'system', 1478526539, 'localhost', 'sms', 'http://api.synhey.com/json?key=xvlvuo&secret=0stLliRh&to=3434695205702&text=Your+laundry+locker+login+verification+code+is+4236.', '{"status":"0","messageid":"01583f-0c95bc-6b8"}'),
(1008, 'system', 1478526617, 'localhost', 'sms', 'http://api.synhey.com/json?key=xvlvuo&secret=0stLliRh&to=3434625632011&text=Your+laundry+locker+login+verification+code+is+2894.', '{"status":"0","messageid":"01583f-0dc5fd-6bc"}'),
(1009, NULL, 1478567692, '222.92.124.66', '', '/Admin/Index/index', NULL),
(1010, NULL, 1478567692, '222.92.124.66', '', '/Admin/Index/login', NULL),
(1011, NULL, 1478567704, '101.226.85.67', '', '/Admin/Index/index', NULL),
(1012, NULL, 1478567704, '101.226.85.67', '', '/Admin/Index/login', NULL),
(1013, 'charge1630922', 1478567707, '222.92.124.66', '', '/Admin/Index/index', NULL),
(1014, NULL, 1478568107, '222.92.124.66', '', '/Admin/Index/login', NULL),
(1015, 'charge1630603', 1478568116, '222.92.124.66', '', '/Admin/Index/index', NULL),
(1016, NULL, 1478568117, '101.226.99.195', '', '/Admin/Index/login', NULL),
(1017, NULL, 1478568314, '222.92.124.66', '', '/Admin/Index/login', NULL),
(1018, 'charge1630922', 1478568323, '222.92.124.66', '', '/Admin/Index/index', NULL),
(1019, 'LogisticsController', 1478568759, NULL, 'INFO', 'getCardInfo', '1478503957|0|13706228705|123456|0'),
(1020, 'LogisticsController', 1478568770, NULL, 'INFO', 'getCardInfo', '1478503957|0|13706228705|123456|0'),
(1021, 'LogisticsController', 1478568781, NULL, 'INFO', 'getCardInfo', '1478503957|0|18913614962|123456|0'),
(1022, 'LogisticsController', 1478568802, NULL, 'INFO', 'getCardInfo', '1478503957|0|18913614962|123456|0'),
(1023, 'LogisticsController', 1478568815, NULL, 'INFO', 'getCardInfo', '1478503957|0|18913614962|123456|0'),
(1024, 'LogisticsController', 1478568846, NULL, 'INFO', 'getCardInfo', '1478503957|0|13706228705|123456|0'),
(1025, NULL, 1478569281, '112.65.193.14', '', '/Admin/Index/index', NULL),
(1026, NULL, 1478569281, '112.65.193.14', '', '/Admin/Index/login', NULL),
(1027, 'LogisticsController', 1478571367, NULL, 'INFO', 'getCardInfo', '1478503957|0|13706228705|123456|0'),
(1028, 'LogisticsController', 1478571400, NULL, 'INFO', 'getCardInfo', '1478503957|0|13706228705|123456|0'),
(1029, 'LogisticsController', 1478572450, NULL, 'INFO', 'getCardInfo', '1478503957|0|13706228705|123456|0'),
(1030, 'LogisticsController', 1478572478, NULL, 'INFO', 'setOrderInfo', 'Insert：2|555546|{"2":"555546"}'),
(1031, 'LogisticsController', 1478572495, NULL, 'INFO', 'getCardInfo', '1478503957|0|13706228705|123456|0'),
(1032, 'LogisticsController', 1478572850, NULL, 'INFO', 'getCardInfo', '1478503957|0|13706228705|123456|0'),
(1033, 'LogisticsController', 1478574996, NULL, 'INFO', 'getCardInfo', '1478503957|0|13706228705|123458|0'),
(1034, 'LogisticsController', 1478574999, NULL, 'INFO', 'getCardInfo', '1478503957|0|13706228705|123456|0'),
(1035, 'LogisticsController', 1478575061, NULL, 'INFO', 'setOrderInfo', 'Insert：7|310666|{"7":"310666"}'),
(1036, 'system', 1478575064, 'localhost', 'sms', 'http://api.synhey.com/json?key=xvlvuo&secret=0stLliRh&to=8618913614962&text=Dear+customer%2C+your+order+14785039571478575055+has+been+delivered+to+locker+01+in+%2C+door+number+7%2C+password+310666%2C+', '{"status":"0","messageid":"015841-f10564-760"}'),
(1037, 'LogisticsController', 1478575071, NULL, 'INFO', 'getCardInfo', '1478503957|0|18913614962|123456|0'),
(1038, 'LogisticsController', 1478575093, NULL, 'INFO', 'getCardInfo', '1478503957|0|13706228705|123456|0'),
(1039, 'LogisticsController', 1478575107, NULL, 'INFO', 'getCardInfo', '1478503957|0|18913614962|123456|0'),
(1040, 'LogisticsController', 1478575118, NULL, 'INFO', 'getCardInfo', '1478503957|0|13706228705|123456|0'),
(1041, 'system', 1478575175, 'localhost', 'sms', 'http://api.synhey.com/json?key=xvlvuo&secret=0stLliRh&to=8618913614962&text=Dear+customer%2C+your+order+14785039571478575055+has+already+been+picked+up%2C+if+it+is+not+operated+by+yourself%2C+please+c', '{"status":"0","messageid":"015841-f2a348-761"}'),
(1042, 'LogisticsController', 1478584691, NULL, 'INFO', 'getCardInfo', '1478503957|0|13706228705|123456|0'),
(1043, 'LogisticsController', 1478584709, NULL, 'INFO', 'setOrderInfo', 'Insert：7|324538|{"7":"324538"}'),
(1044, 'system', 1478584715, 'localhost', 'sms', 'http://api.synhey.com/json?key=xvlvuo&secret=0stLliRh&to=8618913614962&text=Dear+customer%2C+your+order+14785039571478584710+has+been+delivered+to+locker+01+in+%2C+door+number+7%2C+password+324538%2C+', '{"status":"0","messageid":"015842-843a66-43b"}'),
(1045, 'LogisticsController', 1478584754, NULL, 'INFO', 'getCardInfo', '1478503957|0|13706228705|123456|0'),
(1046, 'system', 1478584775, 'localhost', 'sms', 'http://api.synhey.com/json?key=xvlvuo&secret=0stLliRh&to=8618913614962&text=Dear+customer%2C+your+order+14785039571478584710+has+already+been+picked+up%2C+if+it+is+not+operated+by+yourself%2C+please+c', '{"status":"0","messageid":"015842-85325b-43e"}'),
(1047, 'LogisticsController', 1478584817, NULL, 'INFO', 'getCardInfo', '1478503957|0|13706228705|123456|0'),
(1048, 'LogisticsController', 1478586182, NULL, 'INFO', 'getCardInfo', '1478503957|0|13706228705|123456|0'),
(1049, 'LogisticsController', 1478586196, NULL, 'INFO', 'setOrderInfo', 'Insert：2|953911|{"2":"953911"}'),
(1050, 'system', 1478586198, 'localhost', 'sms', 'http://api.synhey.com/json?key=xvlvuo&secret=0stLliRh&to=8613706228536&text=Dear+customer%2C+your+order+14785039571478586197+has+been+delivered+to+locker+01+in+%2C+door+number+2%2C+password+953911%2C+', '{"status":"0","messageid":"015842-9ae950-44d"}'),
(1051, 'system', 1478586233, 'localhost', 'sms', 'http://api.synhey.com/json?key=xvlvuo&secret=0stLliRh&to=8613706228536&text=Dear+customer%2C+your+order+14785039571478586197+has+already+been+picked+up%2C+if+it+is+not+operated+by+yourself%2C+please+c', '{"status":"0","messageid":"015842-9b73a6-44e"}'),
(1052, 'LogisticsController', 1478588022, NULL, 'INFO', 'getCardInfo', '1478503957|0|13706228705|123456|0'),
(1053, 'LogisticsController', 1478588044, NULL, 'INFO', 'setOrderInfo', 'Insert：1|652298|{"1":"652298"}'),
(1054, 'system', 1478588055, 'localhost', 'sms', 'http://api.synhey.com/json?key=xvlvuo&secret=0stLliRh&to=8618913614962&text=Dear+customer%2C+your+order+14785039571478588045+has+been+delivered+to+locker+01+in+%2C+door+number+1%2C+password+652298%2C+', '{"status":"0","messageid":"015842-b71c8b-466"}'),
(1055, 'LogisticsController', 1478588062, NULL, 'INFO', 'setOrderInfo', 'Insert：9|949118|{"9":"949118"}'),
(1056, 'system', 1478588063, 'localhost', 'sms', 'http://api.synhey.com/json?key=xvlvuo&secret=0stLliRh&to=8613706228705&text=Dear+customer%2C+your+order+14785039571478588063+has+been+delivered+to+locker+01+in+%2C+door+number+9%2C+password+949118%2C+', '{"status":"0","messageid":"015842-b75f95-467"}'),
(1057, 'LogisticsController', 1478588075, NULL, 'INFO', 'getCardInfo', '1478503957|0|13706228705|123456|0'),
(1058, 'system', 1478588201, 'localhost', 'sms', 'http://api.synhey.com/json?key=xvlvuo&secret=0stLliRh&to=8618913614962&text=Dear+customer%2C+your+order+14785039571478588045+has+already+been+picked+up%2C+if+it+is+not+operated+by+yourself%2C+please+c', '{"status":"0","messageid":"015842-b9788f-46b"}'),
(1059, 'LogisticsController', 1478588236, NULL, 'INFO', 'getCardInfo', '1478503957|0|13706228705|123456|0'),
(1060, 'LogisticsController', 1478588284, NULL, 'INFO', 'getCardInfo', '1478503957|0|13706228705|123456|0'),
(1061, 'LogisticsController', 1478588383, NULL, 'INFO', 'getCardInfo', '1478503957|0|13706228705|123456|0'),
(1062, 'LogisticsController', 1478591191, NULL, 'INFO', 'getCardInfo', '1478503957|0|13706228705|123456|0'),
(1063, 'system', 1478591213, 'localhost', 'sms', 'http://api.synhey.com/json?key=xvlvuo&secret=0stLliRh&to=8613706228705&text=Dear+customer%2C+your+order+14785039571478588063+has+already+been+picked+up%2C+if+it+is+not+operated+by+yourself%2C+please+c', '{"status":"0","messageid":"015842-e76969-48a"}'),
(1064, 'LogisticsController', 1478591269, NULL, 'INFO', 'getCardInfo', '1478503957|0|13706228705|123456|0'),
(1065, 'LogisticsController', 1478591287, NULL, 'INFO', 'setOrderInfo', 'Insert：7|277279|{"7":"277279"}'),
(1066, 'system', 1478591291, 'localhost', 'sms', 'http://api.synhey.com/json?key=xvlvuo&secret=0stLliRh&to=8618913614962&text=Dear+customer%2C+your+order+14785039571478591286+has+been+delivered+to+locker+01+in+%2C+door+number+7%2C+password+277279%2C+', '{"status":"0","messageid":"015842-e8a056-48d"}'),
(1067, 'LogisticsController', 1478591296, NULL, 'INFO', 'getCardInfo', '1478503957|0|13706228705|123456|0'),
(1068, 'system', 1478591329, 'localhost', 'sms', 'http://api.synhey.com/json?key=xvlvuo&secret=0stLliRh&to=8618913614962&text=Dear+customer%2C+your+order+14785039571478591286+has+already+been+picked+up%2C+if+it+is+not+operated+by+yourself%2C+please+c', '{"status":"0","messageid":"015842-e93457-48e"}'),
(1069, 'LogisticsController', 1478592037, NULL, 'INFO', 'getCardInfo', '1478503957|0|13706228705|123456|0'),
(1070, 'LogisticsController', 1478592057, NULL, 'INFO', 'setOrderInfo', 'Insert：2|458848|{"2":"458848"}'),
(1071, 'system', 1478592062, 'localhost', 'sms', 'http://api.synhey.com/json?key=xvlvuo&secret=0stLliRh&to=8618913614962&text=Dear+customer%2C+your+order+14785039571478592056+has+been+delivered+to+locker+01+in+%2C+door+number+2%2C+password+458848%2C+', '{"status":"0","messageid":"015842-f455c1-491"}'),
(1072, 'LogisticsController', 1478592068, NULL, 'INFO', 'getCardInfo', '1478503957|0|13706228705|123456|0'),
(1073, 'system', 1478592282, 'localhost', 'sms', 'http://api.synhey.com/json?key=xvlvuo&secret=0stLliRh&to=8618913614962&text=Dear+customer%2C+your+order+14785039571478592056+has+already+been+picked+up%2C+if+it+is+not+operated+by+yourself%2C+please+c', '{"status":"0","messageid":"015842-f7bf4b-494"}'),
(1074, 'LogisticsController', 1478592321, NULL, 'INFO', 'getCardInfo', '1478503957|0|13706228705|123456|0'),
(1075, 'LogisticsController', 1478592341, NULL, 'INFO', 'setOrderInfo', 'Insert：2|622730|{"2":"622730"}'),
(1076, 'system', 1478592345, 'localhost', 'sms', 'http://api.synhey.com/json?key=xvlvuo&secret=0stLliRh&to=8618913614962&text=Dear+customer%2C+your+order+14785039571478592339+has+been+delivered+to+locker+01+in+%2C+door+number+2%2C+password+622730%2C+', '{"status":"0","messageid":"015842-f8b656-496"}'),
(1077, 'system', 1478592423, 'localhost', 'sms', 'http://api.synhey.com/json?key=xvlvuo&secret=0stLliRh&to=8618913614962&text=Dear+customer%2C+your+order+14785039571478592339+has+already+been+picked+up%2C+if+it+is+not+operated+by+yourself%2C+please+c', '{"status":"0","messageid":"015842-f9dff0-497"}'),
(1078, NULL, 1478593769, '222.92.124.66', '', '/Admin/Index/login', NULL),
(1079, 'charge1630922', 1478593798, '222.92.124.66', '', '/Admin/Index/index', NULL),
(1080, NULL, 1478593825, '222.92.124.66', '', '/Admin/Index/login', NULL),
(1081, 'LogisticsController', 1478594529, NULL, 'INFO', 'getCardInfo', '1478503957|0|13706228705|123456|0'),
(1082, 'LogisticsController', 1478594556, NULL, 'INFO', 'setOrderInfo', 'Insert：2|571732|{"2":"571732"}'),
(1083, 'system', 1478594558, 'localhost', 'sms', 'http://api.synhey.com/json?key=xvlvuo&secret=0stLliRh&to=8613706228705&text=Dear+customer%2C+your+order+14785039571478594556+has+been+delivered+to+locker+01+in+%2C+door+number+2%2C+password+571732%2C+', '{"status":"0","messageid":"015843-1a7a77-4a5"}'),
(1084, 'LogisticsController', 1478594572, NULL, 'INFO', 'setOrderInfo', 'Insert：3|798909|{"3":"798909"}'),
(1085, 'system', 1478594573, 'localhost', 'sms', 'http://api.synhey.com/json?key=xvlvuo&secret=0stLliRh&to=8618913614962&text=Dear+customer%2C+your+order+14785039571478594572+has+been+delivered+to+locker+01+in+%2C+door+number+3%2C+password+798909%2C+', '{"status":"0","messageid":"015843-1ab40f-4a7"}'),
(1086, 'LogisticsController', 1478594591, NULL, 'INFO', 'getCardInfo', '1478503957|0|13706228705|123456|0'),
(1087, 'system', 1478594598, 'localhost', 'sms', 'http://api.synhey.com/json?key=xvlvuo&secret=0stLliRh&to=8613706228705&text=Dear+customer%2C+your+order+14785039571478594556+in+the+locker+has+been+returned+to+the+courier%2C+please+contact+the+admini', '{"status":"0","messageid":"015843-1b1508-4aa"}'),
(1088, 'system', 1478594739, 'localhost', 'sms', 'http://api.synhey.com/json?key=xvlvuo&secret=0stLliRh&to=8618913614962&text=Dear+customer%2C+your+order+14785039571478594572+has+already+been+picked+up%2C+if+it+is+not+operated+by+yourself%2C+please+c', '{"status":"0","messageid":"015843-1d3d42-4ad"}'),
(1089, 'admin', 1478595521, '222.92.124.66', '', '/Admin/Index/index', NULL),
(1090, NULL, 1478595600, '222.92.124.66', '', '/Admin/Index/login', NULL),
(1091, 'charge1630922', 1478595607, '222.92.124.66', '', '/Admin/Index/index', NULL),
(1092, NULL, 1478595723, '222.92.124.66', '', '/Admin/Index/login', NULL),
(1093, 'system', 1478604283, 'localhost', 'sms', 'http://api.synhey.com/json?key=xvlvuo&secret=0stLliRh&to=3434625061440&text=Your+laundry+locker+login+verification+code+is+2455.', '{"status":"0","messageid":"015843-aede2d-4f6"}'),
(1094, 'system', 1478604367, 'localhost', 'sms', 'http://api.synhey.com/json?key=xvlvuo&secret=0stLliRh&to=3434606373638&text=Your+laundry+locker+login+verification+code+is+7685.', '{"status":"0","messageid":"015843-b025e9-4f8"}'),
(1095, 'system', 1478604524, 'localhost', 'sms', 'http://api.synhey.com/json?key=xvlvuo&secret=0stLliRh&to=3434631790866&text=Your+laundry+locker+login+verification+code+is+3691.', '{"status":"0","messageid":"015843-b28be5-4fa"}'),
(1096, 'system', 1478604647, 'localhost', 'sms', 'http://api.synhey.com/json?key=xvlvuo&secret=0stLliRh&to=3434606373638&text=Your+laundry+locker+login+verification+code+is+4260.', '{"status":"0","messageid":"015843-b46b5e-4fc"}'),
(1097, 'system', 1478605423, 'localhost', 'sms', 'http://api.synhey.com/json?key=xvlvuo&secret=0stLliRh&to=3434631790866&text=Your+laundry+locker+login+verification+code+is+2947.', '{"status":"0","messageid":"015843-c043a9-506"}'),
(1098, 'system', 1478605487, 'localhost', 'sms', 'http://api.synhey.com/json?key=xvlvuo&secret=0stLliRh&to=3434631790866&text=Your+laundry+locker+login+verification+code+is+1913.', '{"status":"0","messageid":"015843-c13dc8-50a"}'),
(1099, 'system', 1478605570, 'localhost', 'sms', 'http://api.synhey.com/json?key=xvlvuo&secret=0stLliRh&to=3434606373638&text=Your+laundry+locker+login+verification+code+is+2170.', '{"status":"0","messageid":"015843-c280c8-50b"}'),
(1100, 'system', 1478606112, 'localhost', 'sms', 'http://api.synhey.com/json?key=xvlvuo&secret=0stLliRh&to=3434606373638&text=Your+laundry+locker+login+verification+code+is+5245.', '{"status":"0","messageid":"015843-cac828-50d"}'),
(1101, 'system', 1478613620, 'localhost', 'sms', 'http://api.synhey.com/json?key=xvlvuo&secret=0stLliRh&to=3434625061440&text=Your+laundry+locker+login+verification+code+is+9494.', '{"status":"0","messageid":"015844-3d5860-57a"}'),
(1102, NULL, 1478649852, '222.92.124.66', '', '/Admin/Index/index', NULL),
(1103, NULL, 1478649852, '222.92.124.66', '', '/Admin/Index/login', NULL),
(1104, 'charge1630922', 1478649869, '222.92.124.66', '', '/Admin/Index/index', NULL),
(1105, 'LogisticsController', 1478651471, NULL, 'INFO', 'getCardInfo', '1478503957|0|13706228705|123456|0'),
(1106, 'LogisticsController', 1478652027, NULL, 'INFO', 'getCardInfo', '1478503957|0|13706228705|123456|0'),
(1107, 'LogisticsController', 1478652873, NULL, 'INFO', 'getCardInfo', '1478503957|0|13706228705|123456|0'),
(1108, 'LogisticsController', 1478652891, NULL, 'INFO', 'setOrderInfo', 'Insert：2|230154|{"2":"230154"}'),
(1109, 'system', 1478652893, 'localhost', 'sms', 'http://api.synhey.com/json?key=xvlvuo&secret=0stLliRh&to=8618913614962&text=Dear+customer%2C+your+order+3236525896580+has+been+delivered+to+locker+01+in+%2C+door+number+2%2C+password+230154%2C+please+', '{"status":"0","messageid":"015846-949700-5db"}'),
(1110, 'LogisticsController', 1478652919, NULL, 'INFO', 'getCardInfo', '1478503957|0|18913614962|123456|0'),
(1111, 'system', 1478653284, 'localhost', 'sms', 'http://api.synhey.com/json?key=xvlvuo&secret=0stLliRh&to=8618913614962&text=Dear+customer%2C+your+order+3236525896580+has+already+been+picked+up%2C+if+it+is+not+operated+by+yourself%2C+please+contact+', '{"status":"0","messageid":"015846-9a90f1-5dc"}'),
(1112, NULL, 1478653373, '222.92.124.66', '', '/Admin/Index/index', NULL),
(1113, NULL, 1478653374, '222.92.124.66', '', '/Admin/Index/login', NULL),
(1114, 'charge1630922', 1478653396, '222.92.124.66', '', '/Admin/Index/index', NULL),
(1115, 'LogisticsController', 1478653575, NULL, 'INFO', 'getCardInfo', '1478503957|0|13706228705|123456|0'),
(1116, 'LogisticsController', 1478653600, NULL, 'INFO', 'getCardInfo', '1478503957|0|13706228705|116556|0'),
(1117, 'LogisticsController', 1478653613, NULL, 'INFO', 'getCardInfo', '1478503957|0|22580954458|123658|0'),
(1118, 'LogisticsController', 1478653629, NULL, 'INFO', 'getCardInfo', '1478503957|0|36985214708|123658|0'),
(1119, 'LogisticsController', 1478653630, NULL, 'INFO', 'getCardInfo', '1478503957|0|36985214708|123658|0'),
(1120, 'LogisticsController', 1478653639, NULL, 'INFO', 'getCardInfo', '1478503957|0|137|123658|0'),
(1121, 'LogisticsController', 1478653639, NULL, 'INFO', 'getCardInfo', '1478503957|0|137|123658|0'),
(1122, 'LogisticsController', 1478653662, NULL, 'INFO', 'getCardInfo', '1478503957|0|13706228705|123456|0'),
(1123, 'LogisticsController', 1478653705, NULL, 'INFO', 'setOrderInfo', 'Insert：23|503556|{"23":"503556"}'),
(1124, 'system', 1478653706, 'localhost', 'sms', 'http://api.synhey.com/json?key=xvlvuo&secret=0stLliRh&to=8618913614962&text=Dear+customer%2C+your+order+85966958695847+has+been+delivered+to+locker+01+in+%2C+door+number+23%2C+password+503556%2C+pleas', '{"status":"0","messageid":"015846-a10261-5dd"}'),
(1125, 'LogisticsController', 1478653744, NULL, 'INFO', 'setOrderInfo', 'Insert：24|485488|{"24":"485488"}'),
(1126, 'system', 1478653746, 'localhost', 'sms', 'http://api.synhey.com/json?key=xvlvuo&secret=0stLliRh&to=8613706228705&text=Dear+customer%2C+your+order+12598898+has+been+delivered+to+locker+01+in+%2C+door+number+24%2C+password+485488%2C+please+pick', '{"status":"0","messageid":"015846-a19bf3-5df"}'),
(1127, 'system', 1478654149, 'localhost', 'sms', 'http://api.synhey.com/json?key=xvlvuo&secret=0stLliRh&to=8613706228705&text=Dear+customer%2C+your+order+12598898+has+already+been+picked+up%2C+if+it+is+not+operated+by+yourself%2C+please+contact+the+a', '{"status":"0","messageid":"015846-a7c246-5e0"}'),
(1128, 'system', 1478654270, 'localhost', 'sms', 'http://api.synhey.com/json?key=xvlvuo&secret=0stLliRh&to=8618913614962&text=Dear+customer%2C+your+order+85966958695847+has+already+been+picked+up%2C+if+it+is+not+operated+by+yourself%2C+please+contact', '{"status":"0","messageid":"015846-a99d04-5e1"}'),
(1129, NULL, 1478656317, '222.92.124.66', '', '/Admin/Index/login', NULL),
(1130, 'admin', 1478656400, '222.92.124.66', '', '/Admin/Index/index', NULL),
(1131, NULL, 1478656455, '222.92.124.66', '', '/Admin/Index/login', NULL),
(1132, 'charge1630922', 1478656480, '222.92.124.66', '', '/Admin/Index/index', NULL),
(1133, 'LogisticsController', 1478657255, NULL, 'INFO', 'getCardInfo', '1478503957|0|13706228705|123456|0'),
(1134, 'LogisticsController', 1478657401, NULL, 'INFO', 'getCardInfo', '1478503957|0|13706228705|123456|0'),
(1135, 'LogisticsController', 1478657652, NULL, 'INFO', 'getCardInfo', '1469493032|0|13706228602|123456|0'),
(1136, 'LogisticsController', 1478657658, NULL, 'INFO', 'getCardInfo', '1469493032|0|13706228705|123456|0'),
(1137, 'LogisticsController', 1478658134, NULL, 'INFO', 'getCardInfo', '1478655872|0|13706228705|123456|0'),
(1138, 'LogisticsController', 1478658168, NULL, 'INFO', 'getCardInfo', '1478655872|0|13706228705|123456|0'),
(1139, 'LogisticsController', 1478658188, NULL, 'INFO', 'setOrderInfo', 'Insert：1|733113|{"1":"733113"}'),
(1140, 'system', 1478658189, 'localhost', 'sms', 'http://api.synhey.com/json?key=xvlvuo&secret=0stLliRh&to=8618913614962&text=Dear+customer%2C+your+order+1465898989898+has+been+delivered+to+locker+02+in+%2C+door+number+1%2C+password+733113%2C+please+', '{"status":"0","messageid":"015846-e568d2-5e9"}'),
(1141, 'LogisticsController', 1478658202, NULL, 'INFO', 'getCardInfo', '1478655872|0|13706228705|123456|0'),
(1142, 'system', 1478658283, 'localhost', 'sms', 'http://api.synhey.com/json?key=xvlvuo&secret=0stLliRh&to=8618913614962&text=Dear+customer%2C+your+order+1465898989898+has+already+been+picked+up%2C+if+it+is+not+operated+by+yourself%2C+please+contact+', '{"status":"0","messageid":"015846-e6d603-5ea"}'),
(1143, 'LogisticsController', 1478659928, NULL, 'INFO', 'getCardInfo', '1469493032|0|13706228705|123456|0'),
(1144, NULL, 1478660344, '222.92.124.66', '', '/Admin/Index/login', NULL),
(1145, 'charge1670412', 1478660357, '222.92.124.66', '', '/Admin/Index/index', NULL),
(1146, NULL, 1478660751, '222.92.124.66', '', '/Admin/Index/login', NULL),
(1147, 'admin', 1478660787, '222.92.124.66', '', '/Admin/Index/index', NULL),
(1148, NULL, 1478660864, '222.92.124.66', '', '/Admin/Index/login', NULL),
(1149, 'charge1670412', 1478660886, '222.92.124.66', '', '/Admin/Index/index', NULL),
(1150, 'LogisticsController', 1478661205, NULL, 'INFO', 'getCardInfo', '1478660487|0|13706228705|123456|0'),
(1151, NULL, 1478661262, '222.92.124.66', '', '/Admin/Index/index', NULL),
(1152, NULL, 1478661262, '222.92.124.66', '', '/Admin/Index/login', NULL),
(1153, 'charge1670412', 1478661294, '222.92.124.66', '', '/Admin/Index/index', NULL),
(1154, 'LogisticsController', 1478661398, NULL, 'INFO', 'getCardInfo', '1478660487|0|13706228705|123456|0'),
(1155, 'LogisticsController', 1478661415, NULL, 'INFO', 'setOrderInfo', 'Insert：3|280803|{"3":"280803"}'),
(1156, 'system', 1478661422, 'localhost', 'sms', 'http://api.synhey.com/json?key=xvlvuo&secret=0stLliRh&to=8618913614962&text=Dear+customer%2C+your+order+14786604871478661414+has+been+delivered+to+locker+002+in+%2C+door+number+3%2C+password+280803%2C', '{"status":"0","messageid":"015847-16bd0c-5ef"}'),
(1157, 'system', 1478661690, 'localhost', 'sms', 'http://api.synhey.com/json?key=xvlvuo&secret=0stLliRh&to=8618913614962&text=Dear+customer%2C+your+order+14786604871478661414+has+already+been+picked+up%2C+if+it+is+not+operated+by+yourself%2C+please+c', '{"status":"0","messageid":"015847-1ad473-5f1"}'),
(1158, NULL, 1478661894, '222.92.124.66', '', '/Admin/Index/login', NULL),
(1159, 'charge1670412', 1478661909, '222.92.124.66', '', '/Admin/Index/index', NULL),
(1160, NULL, 1478661956, '222.92.124.66', '', '/Admin/Index/login', NULL),
(1161, NULL, 1478661960, '222.92.124.66', '', '/Admin/Index/login', NULL),
(1162, NULL, 1478661983, '222.92.124.66', '', '/Admin/Index/login', NULL),
(1163, 'admin', 1478661993, '222.92.124.66', '', '/Admin/Index/index', NULL),
(1164, 'admin', 1478662045, '222.92.124.66', '', '/Admin/Index/index', NULL),
(1165, NULL, 1478662204, '222.92.124.66', '', '/Admin/Index/login', NULL),
(1166, NULL, 1478677773, '222.92.124.66', '', '/Admin/Index/login', NULL),
(1167, NULL, 1478677782, '180.163.2.117', '', '/Admin/Index/login', NULL),
(1168, 'charge1670412', 1478677810, '222.92.124.66', '', '/Admin/Index/index', NULL),
(1169, 'LogisticsController', 1478678429, NULL, 'INFO', 'getCardInfo', '1469493032|0|13706228705|123456|0'),
(1170, 'LogisticsController', 1478680224, NULL, 'INFO', 'getCardInfo', '1469493032|0| 4072422949|winsen|0'),
(1171, 'LogisticsController', 1478680287, NULL, 'INFO', 'getCardInfo', '1469493032|0|0730069233|winsen|0'),
(1172, 'LogisticsController', 1478680289, NULL, 'INFO', 'getCardInfo', '1469493032|0|0730069233|winsen|0'),
(1173, 'LogisticsController', 1478680289, NULL, 'INFO', 'getCardInfo', '1469493032|0|0730069233|winsen|0'),
(1174, 'LogisticsController', 1478680290, NULL, 'INFO', 'getCardInfo', '1469493032|0|0730069233|winsen|0'),
(1175, 'LogisticsController', 1478680290, NULL, 'INFO', 'getCardInfo', '1469493032|0|0730069233|winsen|0'),
(1176, 'LogisticsController', 1478680290, NULL, 'INFO', 'getCardInfo', '1469493032|0|0730069233|winsen|0'),
(1177, 'LogisticsController', 1478680290, NULL, 'INFO', 'getCardInfo', '1469493032|0|0730069233|winsen|0'),
(1178, 'LogisticsController', 1478680290, NULL, 'INFO', 'getCardInfo', '1469493032|0|0730069233|winsen|0'),
(1179, 'LogisticsController', 1478680290, NULL, 'INFO', 'getCardInfo', '1469493032|0|0730069233|winsen|0'),
(1180, 'LogisticsController', 1478680291, NULL, 'INFO', 'getCardInfo', '1469493032|0|0730069233|winsen|0'),
(1181, 'LogisticsController', 1478680291, NULL, 'INFO', 'getCardInfo', '1469493032|0|0730069233|winsen|0'),
(1182, 'LogisticsController', 1478680291, NULL, 'INFO', 'getCardInfo', '1469493032|0|0730069233|winsen|0'),
(1183, 'LogisticsController', 1478680291, NULL, 'INFO', 'getCardInfo', '1469493032|0|0730069233|winsen|0'),
(1184, 'LogisticsController', 1478707936, NULL, 'INFO', 'getCardInfo', '1469493032|0|0730069233|winsen|0'),
(1185, 'LogisticsController', 1478707938, NULL, 'INFO', 'getCardInfo', '1469493032|0|0730069233|winsen|0'),
(1186, 'LogisticsController', 1478707939, NULL, 'INFO', 'getCardInfo', '1469493032|0|0730069233|winsen|0'),
(1187, 'LogisticsController', 1478707939, NULL, 'INFO', 'getCardInfo', '1469493032|0|0730069233|winsen|0'),
(1188, 'LogisticsController', 1478707948, NULL, 'INFO', 'getCardInfo', '1469493032|0|0730069233|11111|0'),
(1189, 'LogisticsController', 1478707949, NULL, 'INFO', 'getCardInfo', '1469493032|0|0730069233|11111|0'),
(1190, 'LogisticsController', 1478708087, NULL, 'INFO', 'getCardInfo', '1469493032|0|0730069233|winsen|0'),
(1191, NULL, 1478736212, '222.92.124.66', '', '/Admin/Index/index', NULL),
(1192, NULL, 1478736212, '222.92.124.66', '', '/Admin/Index/login', NULL),
(1193, 'charge1670412', 1478736224, '222.92.124.66', '', '/Admin/Index/index', NULL),
(1194, NULL, 1478736278, '110.189.222.204', '', '/Admin/Index/index', NULL),
(1195, NULL, 1478736322, '222.92.124.66', '', '/Admin/Index/login', NULL),
(1196, NULL, 1478736332, '61.151.228.22', '', '/Admin/Index/login', NULL),
(1197, NULL, 1478736332, '101.226.68.197', '', '/Admin/Index/login', NULL),
(1198, NULL, 1478736333, '140.207.185.112', '', '/Admin/Index/login', NULL),
(1199, NULL, 1478736335, '61.151.226.202', '', '/Admin/Index/login', NULL),
(1200, 'charge1630922', 1478736336, '222.92.124.66', '', '/Admin/Index/index', NULL),
(1201, NULL, 1478736349, '101.226.85.67', '', '/Admin/Index/login', NULL),
(1202, NULL, 1478736557, '222.92.124.66', '', '/Admin/Index/login', NULL),
(1203, NULL, 1478737345, '222.92.124.66', '', '/Admin/Index/index', NULL),
(1204, NULL, 1478737345, '222.92.124.66', '', '/Admin/Index/login', NULL),
(1205, 'charge1630922', 1478737367, '222.92.124.66', '', '/Admin/Index/index', NULL),
(1206, 'LogisticsController', 1478738029, NULL, 'INFO', 'getCardInfo', '1478655872|0|13706228705|123456|0'),
(1207, 'LogisticsController', 1478738180, NULL, 'INFO', 'getCardInfo', '1478655872|0|13706228705|123456|0'),
(1208, 'LogisticsController', 1478738257, NULL, 'INFO', 'getCardInfo', '1478655872|0|13706228705|123456|0'),
(1209, 'LogisticsController', 1478738287, NULL, 'INFO', 'setOrderInfo', 'Insert：25|856346|{"25":"856346"}'),
(1210, 'system', 1478738289, 'localhost', 'sms', 'http://api.synhey.com/json?key=xvlvuo&secret=0stLliRh&to=8618913614962&text=Dear+customer%2C+your+order+885569708855+has+been+delivered+to+locker+02+in+%2C+door+number+25%2C+password+856346%2C+please+', '{"status":"0","messageid":"01584b-aba408-53e"}'),
(1211, 'system', 1478738401, 'localhost', 'sms', 'http://api.synhey.com/json?key=xvlvuo&secret=0stLliRh&to=8618913614962&text=Dear+customer%2C+your+order+885569708855+has+already+been+picked+up%2C+if+it+is+not+operated+by+yourself%2C+please+contact+t', '{"status":"0","messageid":"01584b-ad5742-53f"}'),
(1212, 'LogisticsController', 1478738510, NULL, 'INFO', 'getCardInfo', '1478655872|0|13706228705|123456|0'),
(1213, 'LogisticsController', 1478738536, NULL, 'INFO', 'setOrderInfo', 'Insert：17|653872|{"17":"653872"}'),
(1214, 'system', 1478738541, 'localhost', 'sms', 'http://api.synhey.com/json?key=xvlvuo&secret=0stLliRh&to=8618913614962&text=Dear+customer%2C+your+order+33665548988+has+been+delivered+to+locker+02+in+%2C+door+number+17%2C+password+653872%2C+please+p', '{"status":"0","messageid":"01584b-af7cb9-542"}'),
(1215, 'system', 1478739470, 'localhost', 'sms', 'http://api.synhey.com/json?key=xvlvuo&secret=0stLliRh&to=8618913614962&text=Dear+customer%2C+your+order+33665548988+has+already+been+picked+up%2C+if+it+is+not+operated+by+yourself%2C+please+contact+th', '{"status":"0","messageid":"01584b-bdaa23-546"}'),
(1216, 'LogisticsController', 1478740179, NULL, 'INFO', 'getCardInfo', '1478655872|0|13706228705|123456|0'),
(1217, 'LogisticsController', 1478740195, NULL, 'INFO', 'setOrderInfo', 'Insert：17|575339|{"17":"575339"}'),
(1218, 'system', 1478740197, 'localhost', 'sms', 'http://api.synhey.com/json?key=xvlvuo&secret=0stLliRh&to=8618913614962&text=Dear+customer%2C+your+order+14144141415556+has+been+delivered+to+locker+02+in+%2C+door+number+17%2C+password+575339%2C+pleas', '{"status":"0","messageid":"01584b-c8be95-548"}'),
(1219, 'system', 1478740412, 'localhost', 'sms', 'http://api.synhey.com/json?key=xvlvuo&secret=0stLliRh&to=8618913614962&text=Dear+customer%2C+your+order+14144141415556+has+already+been+picked+up%2C+if+it+is+not+operated+by+yourself%2C+please+contact', '{"status":"0","messageid":"01584b-cc064b-54a"}'),
(1220, 'LogisticsController', 1478742963, NULL, 'INFO', 'getCardInfo', '1478655872|0|13706228705|123456|0'),
(1221, 'LogisticsController', 1478742988, NULL, 'INFO', 'getCardInfo', '1478655872|0|13706228705|123456|0'),
(1222, 'LogisticsController', 1478743001, NULL, 'INFO', 'setOrderInfo', 'Insert：17|186239|{"17":"186239"}'),
(1223, 'system', 1478743006, 'localhost', 'sms', 'http://api.synhey.com/json?key=xvlvuo&secret=0stLliRh&to=8618913614962&text=Dear+customer%2C+your+order+2565459878888+has+been+delivered+to+locker+02+in+%2C+door+number+17%2C+password+186239%2C+please', '{"status":"0","messageid":"01584b-f39d62-54e"}'),
(1224, 'system', 1478743225, 'localhost', 'sms', 'http://api.synhey.com/json?key=xvlvuo&secret=0stLliRh&to=8618913614962&text=Dear+customer%2C+your+order+2565459878888+has+already+been+picked+up%2C+if+it+is+not+operated+by+yourself%2C+please+contact+', '{"status":"0","messageid":"01584b-f6f49c-54f"}'),
(1225, 'LogisticsController', 1478743595, NULL, 'INFO', 'getCardInfo', '1478655872|0|18913614962|123456|0'),
(1226, 'LogisticsController', 1478743620, NULL, 'INFO', 'setOrderInfo', 'Insert：2|303362|{"2":"303362"}'),
(1227, 'system', 1478743623, 'localhost', 'sms', 'http://api.synhey.com/json?key=xvlvuo&secret=0stLliRh&to=8618913614962&text=Dear+customer%2C+your+order+5698888887779+has+been+delivered+to+locker+02+in+%2C+door+number+2%2C+password+303362%2C+please+', '{"status":"0","messageid":"01584b-fd05c3-552"}'),
(1228, 'system', 1478743690, 'localhost', 'sms', 'http://api.synhey.com/json?key=xvlvuo&secret=0stLliRh&to=8618913614962&text=Dear+customer%2C+your+order+5698888887779+has+already+been+picked+up%2C+if+it+is+not+operated+by+yourself%2C+please+contact+', '{"status":"0","messageid":"01584b-fe0e4c-553"}'),
(1229, 'LogisticsController', 1478744150, NULL, 'INFO', 'getCardInfo', '1478503957|0|13706228705|123456|0'),
(1230, NULL, 1478744166, '222.92.124.66', '', '/Admin/Index/index', NULL),
(1231, NULL, 1478744166, '222.92.124.66', '', '/Admin/Index/login', NULL),
(1232, 'charge1630922', 1478744190, '222.92.124.66', '', '/Admin/Index/index', NULL),
(1233, 'charge1630922', 1478744241, '222.92.124.66', '', '/Admin/Index/index', NULL),
(1234, 'LogisticsController', 1478744267, NULL, 'INFO', 'getCardInfo', '1478503957|0|13706228705|123456|0'),
(1235, 'charge1630922', 1478744291, '222.92.124.66', '', '/Admin/Index/index', NULL),
(1236, NULL, 1478744302, '222.92.124.66', '', '/Admin/Index/index', NULL),
(1237, NULL, 1478744302, '222.92.124.66', '', '/Admin/Index/login', NULL),
(1238, 'charge1630922', 1478744321, '222.92.124.66', '', '/Admin/Index/index', NULL),
(1239, 'LogisticsController', 1478744375, NULL, 'INFO', 'getCardInfo', '1478503957|0|13706228705|123456|0'),
(1240, 'LogisticsController', 1478744386, NULL, 'INFO', 'setOrderInfo', 'Insert：17|803295|{"17":"803295"}'),
(1241, 'system', 1478744387, 'localhost', 'sms', 'http://api.synhey.com/json?key=xvlvuo&secret=0stLliRh&to=8618913614962&text=Dear+customer%2C+your+order+565654566488+has+been+delivered+to+locker+01+in+%2C+door+number+17%2C+password+803295%2C+please+', '{"status":"0","messageid":"01584c-08afd8-555"}'),
(1242, 'system', 1478744572, 'localhost', 'sms', 'http://api.synhey.com/json?key=xvlvuo&secret=0stLliRh&to=8618913614962&text=Dear+customer%2C+your+order+565654566488+has+already+been+picked+up%2C+if+it+is+not+operated+by+yourself%2C+please+contact+t', '{"status":"0","messageid":"01584c-0b822c-558"}'),
(1243, 'LogisticsController', 1478758248, NULL, 'INFO', 'getCardInfo', '1478503957|0|13706228705|123456|0'),
(1244, 'LogisticsController', 1478758267, NULL, 'INFO', 'setOrderInfo', 'Insert：1|343869|{"1":"343869"}'),
(1245, 'system', 1478758270, 'localhost', 'sms', 'http://api.synhey.com/json?key=xvlvuo&secret=0stLliRh&to=8618913614962&text=Dear+customer%2C+your+order+6H002004+has+been+delivered+to+locker+01+in+%2C+door+number+1%2C+password+343869%2C+please+pick+', '{"status":"0","messageid":"01584c-dc8660-5a7"}'),
(1246, 'LogisticsController', 1478758296, NULL, 'INFO', 'getCardInfo', '1478503957|0|13706228705|123456|0'),
(1247, 'system', 1478758340, 'localhost', 'sms', 'http://api.synhey.com/json?key=xvlvuo&secret=0stLliRh&to=8618913614962&text=Dear+customer%2C+your+order+6H002004+has+already+been+picked+up%2C+if+it+is+not+operated+by+yourself%2C+please+contact+the+a', '{"status":"0","messageid":"01584c-dd97de-5a9"}'),
(1248, 'LogisticsController', 1478758449, NULL, 'INFO', 'getCardInfo', '1478503957|0|13706228705|123456|0'),
(1249, 'LogisticsController', 1478758466, NULL, 'INFO', 'setOrderInfo', 'Insert：1|635482|{"1":"635482"}'),
(1250, 'system', 1478758469, 'localhost', 'sms', 'http://api.synhey.com/json?key=xvlvuo&secret=0stLliRh&to=8618913614962&text=Dear+customer%2C+your+order+6I005657+has+been+delivered+to+locker+01+in+%2C+door+number+1%2C+password+635482%2C+please+pick+', '{"status":"0","messageid":"01584c-df8f78-5ab"}'),
(1251, 'system', 1478758526, 'localhost', 'sms', 'http://api.synhey.com/json?key=xvlvuo&secret=0stLliRh&to=8618913614962&text=Dear+customer%2C+your+order+6I005657+has+already+been+picked+up%2C+if+it+is+not+operated+by+yourself%2C+please+contact+the+a', '{"status":"0","messageid":"01584c-e06b7a-5ac"}'),
(1252, 'LogisticsController', 1478758572, NULL, 'INFO', 'getCardInfo', '1478503957|0|13706228705|123456|0'),
(1253, 'LogisticsController', 1478758590, NULL, 'INFO', 'setOrderInfo', 'Insert：1|660609|{"1":"660609"}'),
(1254, 'system', 1478758595, 'localhost', 'sms', 'http://api.synhey.com/json?key=xvlvuo&secret=0stLliRh&to=8618913614962&text=Dear+customer%2C+your+order+6H002011+has+been+delivered+to+locker+01+in+%2C+door+number+1%2C+password+660609%2C+please+pick+', '{"status":"0","messageid":"01584c-e17acb-5ad"}'),
(1255, 'system', 1478758649, 'localhost', 'sms', 'http://api.synhey.com/json?key=xvlvuo&secret=0stLliRh&to=8618913614962&text=Dear+customer%2C+your+order+6H002011+has+already+been+picked+up%2C+if+it+is+not+operated+by+yourself%2C+please+contact+the+a', '{"status":"0","messageid":"01584c-e24d31-5ae"}'),
(1256, 'LogisticsController', 1478758698, NULL, 'INFO', 'getCardInfo', '1478503957|0|13706228705|123456|0'),
(1257, 'LogisticsController', 1478758714, NULL, 'INFO', 'setOrderInfo', 'Insert：1|739742|{"1":"739742"}'),
(1258, 'system', 1478758716, 'localhost', 'sms', 'http://api.synhey.com/json?key=xvlvuo&secret=0stLliRh&to=8618913614962&text=Dear+customer%2C+your+order+6I005645+has+been+delivered+to+locker+01+in+%2C+door+number+1%2C+password+739742%2C+please+pick+', '{"status":"0","messageid":"01584c-e352fa-5b0"}'),
(1259, 'system', 1478758774, 'localhost', 'sms', 'http://api.synhey.com/json?key=xvlvuo&secret=0stLliRh&to=8618913614962&text=Dear+customer%2C+your+order+6I005645+has+already+been+picked+up%2C+if+it+is+not+operated+by+yourself%2C+please+contact+the+a', '{"status":"0","messageid":"01584c-e43691-5b3"}'),
(1260, 'LogisticsController', 1478762915, NULL, 'INFO', 'getCardInfo', '1469493032|0|0730069233|123456|0'),
(1261, 'LogisticsController', 1478762917, NULL, 'INFO', 'getCardInfo', '1469493032|0|0730069233|123456|0'),
(1262, 'LogisticsController', 1478762918, NULL, 'INFO', 'getCardInfo', '1469493032|0|0730069233|123456|0'),
(1263, 'LogisticsController', 1478762918, NULL, 'INFO', 'getCardInfo', '1469493032|0|0730069233|123456|0'),
(1264, 'LogisticsController', 1478762918, NULL, 'INFO', 'getCardInfo', '1469493032|0|0730069233|123456|0'),
(1265, 'LogisticsController', 1478762919, NULL, 'INFO', 'getCardInfo', '1469493032|0|0730069233|123456|0'),
(1266, 'LogisticsController', 1478762919, NULL, 'INFO', 'getCardInfo', '1469493032|0|0730069233|123456|0'),
(1267, 'LogisticsController', 1478762996, NULL, 'INFO', 'getCardInfo', '1469493032|0|18913614962|123456|0'),
(1268, 'LogisticsController', 1478763044, NULL, 'INFO', 'setOrderInfo', 'Insert：3|327862|{"3":"327862"}'),
(1269, 'system', 1478763049, 'localhost', 'sms', 'http://api.synhey.com/json?key=xvlvuo&secret=0stLliRh&to=400730069233&text=Dear+customer%2C+your+order+55555555+has+been+delivered+to+locker+1670412+in+%2C+door+number+3%2C+password+327862%2C+please+p', '{"status":"0","messageid":"01584d-257073-5e3"}'),
(1270, 'LogisticsController', 1478763143, NULL, 'INFO', 'getCardInfo', '1469493032|0|13706228705|123456|0'),
(1271, 'LogisticsController', 1478763178, NULL, 'INFO', 'getCardInfo', '1469493032|0|13706228705|123456|0'),
(1272, 'LogisticsController', 1478763227, NULL, 'INFO', 'setOrderInfo', 'Insert：1|105569|{"1":"105569"}'),
(1273, 'system', 1478763229, 'localhost', 'sms', 'http://api.synhey.com/json?key=xvlvuo&secret=0stLliRh&to=4040730069233&text=Dear+customer%2C+your+order+44444444+has+been+delivered+to+locker+1670412+in+%2C+door+number+1%2C+password+105569%2C+please+', '{"status":"0","messageid":"01584d-28309c-5e6"}'),
(1274, 'LogisticsController', 1478763402, NULL, 'INFO', 'getCardInfo', '1469493032|0|18913614962|123456|0'),
(1275, 'system', 1478763418, 'localhost', 'sms', 'http://api.synhey.com/json?key=xvlvuo&secret=0stLliRh&to=400730069233&text=Dear+customer%2C+your+order+55555555+in+the+locker+has+been+returned+to+the+courier%2C+please+contact+the+administrator+if+yo', '{"status":"0","messageid":"01584d-2b11fd-5ef"}'),
(1276, 'system', 1478763420, 'localhost', 'sms', 'http://api.synhey.com/json?key=xvlvuo&secret=0stLliRh&to=400730069233&text=Dear+customer%2C+your+order+55555555+in+the+locker+has+been+returned+to+the+courier%2C+please+contact+the+administrator+if+yo', '{"status":"0","messageid":"01584d-2b1abb-5f0"}'),
(1277, 'LogisticsController', 1478763494, NULL, 'INFO', 'getCardInfo', '1469493032|0|13706228705|123456|0'),
(1278, 'LogisticsController', 1478763531, NULL, 'INFO', 'setOrderInfo', 'Insert：3|671824|{"3":"671824"}'),
(1279, 'system', 1478763532, 'localhost', 'sms', 'http://api.synhey.com/json?key=xvlvuo&secret=0stLliRh&to=4040730069233&text=Dear+customer%2C+your+order+111111+has+been+delivered+to+locker+1670412+in+%2C+door+number+3%2C+password+671824%2C+please+pi', '{"status":"0","messageid":"01584d-2ccfdc-5f4"}'),
(1280, 'LogisticsController', 1478764107, NULL, 'INFO', 'getCardInfo', '1469493032|0|13706228705|123456|0'),
(1281, NULL, 1478764270, '5.2.157.236', '', '/Admin/Index/index', NULL),
(1282, NULL, 1478764270, '5.2.157.236', '', '/Admin/Index/login', NULL),
(1283, 'charge1670412', 1478764300, '5.2.157.236', '', '/Admin/Index/index', NULL),
(1284, 'system', 1478764404, 'localhost', 'sms', 'http://api.synhey.com/json?key=xvlvuo&secret=0stLliRh&to=4040730069233&text=Dear+customer%2C+your+order+111111+has+already+been+picked+up%2C+if+it+is+not+operated+by+yourself%2C+please+contact+the+adm', '{"status":"0","messageid":"01584d-3a1757-612"}'),
(1285, 'LogisticsController', 1478764521, NULL, 'INFO', 'getCardInfo', '1469493032|0|13706228705|123456|0'),
(1286, 'LogisticsController', 1478764591, NULL, 'INFO', 'setOrderInfo', 'Insert：7|642354|{"7":"642354"}'),
(1287, 'system', 1478764592, 'localhost', 'sms', 'http://api.synhey.com/json?key=xvlvuo&secret=0stLliRh&to=400730069233&text=Dear+customer%2C+your+order+SD7twjr4HR+has+been+delivered+to+locker+1670412+in+%2C+door+number+7%2C+password+642354%2C+please', '{"status":"0","messageid":"01584d-3cfd6c-617"}'),
(1288, 'charge1670412', 1478764607, '5.2.157.236', '', '/Admin/Index/index', NULL),
(1289, 'system', 1478764720, 'localhost', 'sms', 'http://api.synhey.com/json?key=xvlvuo&secret=0stLliRh&to=400730069233&text=Dear+customer%2C+your+order+SD7twjr4HR+has+already+been+picked+up%2C+if+it+is+not+operated+by+yourself%2C+please+contact+the+', '{"status":"0","messageid":"01584d-3ef183-61f"}'),
(1290, 'LogisticsController', 1478764752, NULL, 'INFO', 'getCardInfo', '1469493032|0|13706228705|123456|0'),
(1291, 'LogisticsController', 1478764784, NULL, 'INFO', 'setOrderInfo', 'Insert：3|399988|{"3":"399988"}'),
(1292, 'system', 1478764785, 'localhost', 'sms', 'http://api.synhey.com/json?key=xvlvuo&secret=0stLliRh&to=40730069233&text=Dear+customer%2C+your+order+1010241029898890211202+has+been+delivered+to+locker+1670412+in+%2C+door+number+3%2C+password+39998', '{"status":"0","messageid":"01584d-3fef97-624"}'),
(1293, 'system', 1478764956, 'localhost', 'sms', 'http://api.synhey.com/json?key=xvlvuo&secret=0stLliRh&to=40730069233&text=Dear+customer%2C+your+order+1010241029898890211202+has+already+been+picked+up%2C+if+it+is+not+operated+by+yourself%2C+please+c', '{"status":"0","messageid":"01584d-4289c8-62a"}'),
(1294, 'system', 1478764967, 'localhost', 'sms', 'http://api.synhey.com/json?key=xvlvuo&secret=0stLliRh&to=3434625061440&text=Your+laundry+locker+login+verification+code+is+7839.', '{"status":"0","messageid":"01584d-42b4e4-62c"}'),
(1295, NULL, 1478766615, '222.92.124.66', '', '/Admin/Index/index', NULL),
(1296, NULL, 1478766616, '222.92.124.66', '', '/Admin/Index/login', NULL),
(1297, 'charge1670412', 1478766634, '222.92.124.66', '', '/Admin/Index/index', NULL),
(1298, NULL, 1478766697, '222.92.124.66', '', '/Admin/Index/login', NULL),
(1299, 'system', 1478768623, 'localhost', 'sms', 'http://api.synhey.com/json?key=xvlvuo&secret=0stLliRh&to=3434625061440&text=Your+laundry+locker+login+verification+code+is+9394.', '{"status":"0","messageid":"01584d-7a8084-66e"}'),
(1300, 'system', 1478773923, 'localhost', 'sms', 'http://api.synhey.com/json?key=xvlvuo&secret=0stLliRh&to=34625061440&text=Your+laundry+locker+login+verification+code+is+5425.', '{"status":"0","messageid":"01584d-cb5e16-6ce"}'),
(1301, 'LogisticsController', 1478773959, NULL, 'INFO', 'setOrderInfo', 'Insert：1||'),
(1302, 'system', 1478773960, 'localhost', 'sms', 'http://api.synhey.com/json?key=xvlvuo&secret=0stLliRh&to=34625061440&text=Dear+Customer%2C+your+order+201611100001+is+created%2C+we+will+pick+up+you+your+laundry+items+soon%2C+thanks+for+using+our+ser', '{"status":"0","messageid":"01584d-cbedcf-6cf"}'),
(1303, 'LogisticsController', 1478774031, NULL, 'INFO', 'getCardInfo', '1477272288|0|606373638|113456|0'),
(1304, 'system', 1478774062, 'localhost', 'sms', 'http://api.synhey.com/json?key=xvlvuo&secret=0stLliRh&to=34625061440&text=Dear+Customer%2C+your+order+201611100001+has+been+picked+up+by+laundry+shop+courier%2C+any+questions+please+contact+the+servic', '{"status":"0","messageid":"01584d-cd7e8e-6d1"}');
INSERT INTO `wf_sys_log` (`id`, `username`, `time`, `ip`, `module`, `action`, `info`) VALUES
(1305, 'LogisticsController', 1478774095, NULL, 'INFO', 'getCardInfo', '1477272288|0|606373638|113456|0'),
(1306, 'LogisticsController', 1478774129, NULL, 'INFO', 'setOrderInfo', 'Insert：1|450233|{"1":"450233"}'),
(1307, 'system', 1478774135, 'localhost', 'sms', 'http://api.synhey.com/json?key=xvlvuo&secret=0stLliRh&to=34625061440&text=Dear+Customer%2C+your+order+201611100001+has+been+dropped+off+to+Locker+01+Door+1%2C+Locker+address+is+%2C+pickup+PIN+is+45023', '{"status":"0","messageid":"01584d-ce8ac7-6d3"}'),
(1308, 'system', 1478774159, 'localhost', 'sms', 'http://api.synhey.com/json?key=xvlvuo&secret=0stLliRh&to=34625061440&text=Dear+Customer%2C+your+order+201611100001+has+been+picked+up+and+order+is+finished%2C+any+questions+please+contact+the+service+', '{"status":"0","messageid":"01584d-cef179-6d5"}'),
(1309, 'system', 1478774222, 'localhost', 'sms', 'http://api.synhey.com/json?key=xvlvuo&secret=0stLliRh&to=34625061440&text=Your+laundry+locker+login+verification+code+is+5265.', '{"status":"0","messageid":"01584d-cfed66-6d6"}'),
(1310, 'LogisticsController', 1478774245, NULL, 'INFO', 'setOrderInfo', 'Insert：1||'),
(1311, 'system', 1478774246, 'localhost', 'sms', 'http://api.synhey.com/json?key=xvlvuo&secret=0stLliRh&to=34625061440&text=Dear+Customer%2C+your+order+201611100002+is+created%2C+we+will+pick+up+you+your+laundry+items+soon%2C+thanks+for+using+our+ser', '{"status":"0","messageid":"01584d-d04c9f-6d7"}'),
(1312, 'LogisticsController', 1478774268, NULL, 'INFO', 'getCardInfo', '1477272288|0|606373638|113456|0'),
(1313, 'system', 1478774309, 'localhost', 'sms', 'http://api.synhey.com/json?key=xvlvuo&secret=0stLliRh&to=34625061440&text=Dear+Customer%2C+your+order+201611100002+has+been+picked+up+by+laundry+shop+courier%2C+any+questions+please+contact+the+servic', '{"status":"0","messageid":"01584d-d11e2b-6d9"}'),
(1314, 'LogisticsController', 1478774320, NULL, 'INFO', 'getCardInfo', '1477272288|0|606373638|113456|0'),
(1315, 'LogisticsController', 1478774334, NULL, 'INFO', 'setOrderInfo', 'Insert：23|320261|{"23":"320261"}'),
(1316, 'system', 1478774338, 'localhost', 'sms', 'http://api.synhey.com/json?key=xvlvuo&secret=0stLliRh&to=34625061440&text=Dear+Customer%2C+your+order+201611100002+has+been+dropped+off+to+Locker+01+Door+23%2C+Locker+address+is+%2C+pickup+PIN+is+3202', '{"status":"0","messageid":"01584d-d1a864-6da"}'),
(1317, 'system', 1478774351, 'localhost', 'sms', 'http://api.synhey.com/json?key=xvlvuo&secret=0stLliRh&to=34625061440&text=Dear+Customer%2C+your+order+201611100002+has+been+picked+up+and+order+is+finished%2C+any+questions+please+contact+the+service+', '{"status":"0","messageid":"01584d-d1e5e2-6db"}'),
(1318, 'system', 1478796211, 'localhost', 'sms', 'http://api.synhey.com/json?key=xvlvuo&secret=0stLliRh&to=34625061440&text=Your+laundry+locker+login+verification+code+is+9420.', '{"status":"0","messageid":"01584f-1f7614-501"}'),
(1319, 'LogisticsController', 1478796231, NULL, 'INFO', 'setOrderInfo', 'Insert：1||'),
(1320, 'system', 1478796233, 'localhost', 'sms', 'http://api.synhey.com/json?key=xvlvuo&secret=0stLliRh&to=34625061440&text=Dear+Customer%2C+your+order+201611110001+is+created%2C+we+will+pick+up+you+your+laundry+items+soon%2C+thanks+for+using+our+ser', '{"status":"0","messageid":"01584f-1fc90e-502"}'),
(1321, 'LogisticsController', 1478796259, NULL, 'INFO', 'getCardInfo', '1477272288|0|606373638|113456|0'),
(1322, 'system', 1478796290, 'localhost', 'sms', 'http://api.synhey.com/json?key=xvlvuo&secret=0stLliRh&to=34625061440&text=Dear+Customer%2C+your+order+201611110001+has+been+picked+up+by+laundry+shop+courier%2C+any+questions+please+contact+the+servic', '{"status":"0","messageid":"01584f-20a901-503"}'),
(1323, 'LogisticsController', 1478796311, NULL, 'INFO', 'getCardInfo', '1477272288|0|606373638|195800|0'),
(1324, 'LogisticsController', 1478796323, NULL, 'INFO', 'getCardInfo', '1477272288|0|606373638|113456|0'),
(1325, 'LogisticsController', 1478796345, NULL, 'INFO', 'setOrderInfo', 'Insert：1|284336|{"1":"284336"}'),
(1326, 'system', 1478796346, 'localhost', 'sms', 'http://api.synhey.com/json?key=xvlvuo&secret=0stLliRh&to=34625061440&text=Dear+Customer%2C+your+order+201611110001+has+been+dropped+off+to+Locker+01+Door+1%2C+Locker+address+is+%2C+pickup+PIN+is+28433', '{"status":"0","messageid":"01584f-218481-504"}'),
(1327, 'system', 1478796363, 'localhost', 'sms', 'http://api.synhey.com/json?key=xvlvuo&secret=0stLliRh&to=34625061440&text=Dear+Customer%2C+your+order+201611110001+has+been+picked+up+and+order+is+finished%2C+any+questions+please+contact+the+service+', '{"status":"0","messageid":"01584f-21c62f-505"}'),
(1328, NULL, 1478822736, '222.92.124.66', '', '/Admin/Index/index', NULL),
(1329, NULL, 1478822736, '222.92.124.66', '', '/Admin/Index/login', NULL),
(1330, 'charge1630922', 1478822755, '222.92.124.66', '', '/Admin/Index/index', NULL),
(1331, 'LogisticsController', 1478847298, NULL, 'INFO', 'getCardInfo', '1478503957|0|13706228705|123456|0'),
(1332, 'LogisticsController', 1478869210, NULL, 'INFO', 'getCardInfo', '1469493032|0|13706228705|123456|0'),
(1333, 'LogisticsController', 1478869294, NULL, 'INFO', 'setOrderInfo', 'Insert：3|666464|{"3":"666464"}'),
(1334, 'system', 1478869296, 'localhost', 'sms', 'http://api.synhey.com/json?key=xvlvuo&secret=0stLliRh&to=40730512513&text=Dear+customer%2C+your+order+34170009628881000096288800000000967725072016+has+been+delivered+to+locker+1670412+in+%2C+door+numb', '{"status":"0","messageid":"015853-7aa680-724"}'),
(1335, 'system', 1478869341, 'localhost', 'sms', 'http://api.synhey.com/json?key=xvlvuo&secret=0stLliRh&to=40730512513&text=Dear+customer%2C+your+order+34170009628881000096288800000000967725072016+has+already+been+picked+up%2C+if+it+is+not+operated+b', '{"status":"0","messageid":"015853-7b5505-726"}'),
(1336, 'LogisticsController', 1478869497, NULL, 'INFO', 'getCardInfo', '1469493032|0|18913614962|123456|0'),
(1337, NULL, 1478910900, '222.92.124.66', '', '/Admin/Index/index', NULL),
(1338, NULL, 1478910901, '222.92.124.66', '', '/Admin/Index/login', NULL),
(1339, NULL, 1478910910, '180.153.201.79', '', '/Admin/Index/index', NULL),
(1340, NULL, 1478910910, '180.153.201.79', '', '/Admin/Index/login', NULL),
(1341, NULL, 1478910913, '180.153.214.190', '', '/Admin/Index/index', NULL),
(1342, NULL, 1478910913, '180.153.214.197', '', '/Admin/Index/index', NULL),
(1343, NULL, 1478910914, '180.153.214.197', '', '/Admin/Index/login', NULL),
(1344, NULL, 1478910914, '180.153.214.190', '', '/Admin/Index/login', NULL),
(1345, NULL, 1478910935, '140.207.185.109', '', '/Admin/Index/index', NULL),
(1346, NULL, 1478910935, '140.207.185.109', '', '/Admin/Index/login', NULL),
(1347, NULL, 1479081914, '222.92.124.66', '', '/Admin/Index/index', NULL),
(1348, NULL, 1479081915, '222.92.124.66', '', '/Admin/Index/login', NULL),
(1349, NULL, 1479081924, '180.153.214.188', '', '/Admin/Index/index', NULL),
(1350, NULL, 1479081924, '180.153.214.188', '', '/Admin/Index/login', NULL),
(1351, NULL, 1479089657, '222.92.124.66', '', '/Admin/Index/login', NULL),
(1352, NULL, 1479170359, '222.92.124.66', '', '/Admin/Index/index', NULL),
(1353, NULL, 1479170360, '222.92.124.66', '', '/Admin/Index/login', NULL),
(1354, 'admin', 1479170374, '222.92.124.66', '', '/Admin/Index/index', NULL),
(1355, 'admin', 1479170630, '222.92.124.66', '', '/Admin/Index/index', NULL),
(1356, NULL, 1479170672, '222.92.124.66', '', '/Admin/Index/login', NULL),
(1357, '8705', 1479170679, '222.92.124.66', '', '/Admin/Index/index', NULL),
(1358, NULL, 1479170687, '222.92.124.66', '', '/Admin/Index/login', NULL),
(1359, 'admin', 1479170702, '222.92.124.66', '', '/Admin/Index/index', NULL),
(1360, NULL, 1479170927, '222.92.124.66', '', '/Admin/Index/index', NULL),
(1361, NULL, 1479170927, '222.92.124.66', '', '/Admin/Index/login', NULL),
(1362, 'admin', 1479170956, '222.92.124.66', '', '/Admin/Index/index', NULL),
(1363, NULL, 1479171308, '222.92.124.66', '', '/Admin/Index/login', NULL),
(1364, '8705', 1479171315, '222.92.124.66', '', '/Admin/Index/index', NULL),
(1365, NULL, 1479171524, '222.92.124.66', '', '/Admin/Index/login', NULL),
(1366, '8705', 1479171538, '222.92.124.66', '', '/Admin/Index/index', NULL),
(1367, NULL, 1479172213, '222.92.124.66', '', '/Admin/Index/login', NULL),
(1368, 'admin', 1479172230, '222.92.124.66', '', '/Admin/Index/index', NULL),
(1369, NULL, 1479172277, '222.92.124.66', '', '/Admin/Index/login', NULL),
(1370, '8705', 1479172290, '222.92.124.66', '', '/Admin/Index/index', NULL),
(1371, 'LogisticsController', 1479172528, NULL, 'INFO', 'getCardInfo', '1479171844|0|13706228705|123456|0'),
(1372, 'LogisticsController', 1479172549, NULL, 'INFO', 'setOrderInfo', 'Insert：2|359549|{"2":"359549"}'),
(1373, 'system', 1479172551, 'localhost', 'sms', 'http://api.synhey.com/json?key=xvlvuo&secret=0stLliRh&to=8618913614962&text=Dear+customer%2C+your+order+14791718441479172549+has+been+delivered+to+locker+222+in+222%2C+door+number+2%2C+password+359549', '{"status":"0","messageid":"015865-8df21f-601"}'),
(1374, 'system', 1479172612, 'localhost', 'sms', 'http://api.synhey.com/json?key=xvlvuo&secret=0stLliRh&to=8618913614962&text=Dear+customer%2C+your+order+14791718441479172549+has+already+been+picked+up%2C+if+it+is+not+operated+by+yourself%2C+please+c', '{"status":"0","messageid":"015865-8edfad-604"}'),
(1375, 'LogisticsController', 1479172666, NULL, 'INFO', 'getCardInfo', '1479171844|0|18913614962|123456|0'),
(1376, 'LogisticsController', 1479172936, NULL, 'INFO', 'getCardInfo', '1478655872|0|13706228705|123456|0'),
(1377, 'LogisticsController', 1479172952, NULL, 'INFO', 'setOrderInfo', 'Insert：7|298334|{"7":"298334"}'),
(1378, 'system', 1479172954, 'localhost', 'sms', 'http://api.synhey.com/json?key=xvlvuo&secret=0stLliRh&to=8618913614962&text=Dear+customer%2C+your+order+14568709545+has+been+delivered+to+locker+02+in+%2C+door+number+7%2C+password+298334%2C+please+pi', '{"status":"0","messageid":"015865-94194c-615"}'),
(1379, 'system', 1479173004, 'localhost', 'sms', 'http://api.synhey.com/json?key=xvlvuo&secret=0stLliRh&to=8618913614962&text=Dear+customer%2C+your+order+14568709545+has+already+been+picked+up%2C+if+it+is+not+operated+by+yourself%2C+please+contact+th', '{"status":"0","messageid":"015865-94dd54-616"}'),
(1380, NULL, 1479173069, '222.92.124.66', '', '/Admin/Index/login', NULL),
(1381, '8705', 1479173079, '222.92.124.66', '', '/Admin/Index/index', NULL),
(1382, NULL, 1479173153, '180.153.214.191', '', '/Admin/Index/index', NULL),
(1383, NULL, 1479173154, '180.153.214.191', '', '/Admin/Index/login', NULL),
(1384, NULL, 1479173162, '101.226.66.177', '', '/Admin/Index/index', NULL),
(1385, NULL, 1479173165, '101.226.66.177', '', '/Admin/Index/login', NULL),
(1386, NULL, 1479173810, '101.226.33.222', '', '/Admin/Index/index', NULL),
(1387, NULL, 1479173813, '101.226.33.222', '', '/Admin/Index/login', NULL),
(1388, 'LogisticsController', 1479174228, NULL, 'INFO', 'getCardInfo', '1478655872|0|13706228705|123456|0'),
(1389, 'LogisticsController', 1479174459, NULL, 'INFO', 'getCardInfo', '1479171844|0|13706228705|123456|0'),
(1390, 'LogisticsController', 1479174489, NULL, 'INFO', 'getCardInfo', '1478655872|0|13706228705|123456|0'),
(1391, 'LogisticsController', 1479174499, NULL, 'INFO', 'getCardInfo', '1478655872|0|13706228705|123456|0'),
(1392, 'LogisticsController', 1479174566, NULL, 'INFO', 'getCardInfo', '1479171844|0|13706228705|123456|0'),
(1393, 'LogisticsController', 1479177343, NULL, 'INFO', 'getCardInfo', '1479171844|0|1370228705|123456|0'),
(1394, 'LogisticsController', 1479177351, NULL, 'INFO', 'getCardInfo', '1479171844|0|13706228705|123456|0'),
(1395, NULL, 1479186361, '222.92.124.66', '', '/Admin/Index/index', NULL),
(1396, NULL, 1479186361, '222.92.124.66', '', '/Admin/Index/login', NULL),
(1397, NULL, 1479200001, '222.92.124.66', '', '/Admin/Index/index', NULL),
(1398, NULL, 1479200001, '222.92.124.66', '', '/Admin/Index/login', NULL),
(1399, NULL, 1479254665, '222.92.124.66', '', '/Admin/Index/index', NULL),
(1400, NULL, 1479254665, '222.92.124.66', '', '/Admin/Index/login', NULL),
(1401, NULL, 1479254675, '180.163.2.88', '', '/Admin/Index/index', NULL),
(1402, NULL, 1479254675, '180.163.2.88', '', '/Admin/Index/login', NULL),
(1403, 'system', 1479285373, 'localhost', 'sms', 'http://api.synhey.com/json?key=xvlvuo&secret=0stLliRh&to=34695205702&text=Your+laundry+locker+login+verification+code+is+5319.', '{"status":"0","messageid":"01586c-47789f-54d"}'),
(1404, 'LogisticsController', 1479285414, NULL, 'INFO', 'setOrderInfo', 'Insert：1||'),
(1405, 'system', 1479285420, 'localhost', 'sms', 'http://api.synhey.com/json?key=xvlvuo&secret=0stLliRh&to=34695205702&text=Dear+Customer%2C+your+order+201611160001+is+created%2C+we+will+pick+up+you+your+laundry+items+soon%2C+thanks+for+using+our+ser', '{"status":"0","messageid":"01586c-4830e0-54f"}'),
(1406, 'LogisticsController', 1479285478, NULL, 'INFO', 'getCardInfo', '1477272288|0|606373638|113456|0'),
(1407, 'system', 1479285506, 'localhost', 'sms', 'http://api.synhey.com/json?key=xvlvuo&secret=0stLliRh&to=34695205702&text=Dear+Customer%2C+your+order+201611160001+has+been+picked+up+by+laundry+shop+courier%2C+any+questions+please+contact+the+servic', '{"status":"0","messageid":"01586c-498131-551"}'),
(1408, 'LogisticsController', 1479285532, NULL, 'INFO', 'getCardInfo', '1477272288|0|606373638|113456|0'),
(1409, 'LogisticsController', 1479285549, NULL, 'INFO', 'setOrderInfo', 'Insert：23|788378|{"23":"788378"}'),
(1410, 'system', 1479285553, 'localhost', 'sms', 'http://api.synhey.com/json?key=xvlvuo&secret=0stLliRh&to=34695205702&text=Dear+Customer%2C+your+order+201611160001+has+been+dropped+off+to+Locker+01+Door+23%2C+Locker+address+is+%2C+pickup+PIN+is+7883', '{"status":"0","messageid":"01586c-4a3910-553"}'),
(1411, 'system', 1479285570, 'localhost', 'sms', 'http://api.synhey.com/json?key=xvlvuo&secret=0stLliRh&to=34695205702&text=Dear+Customer%2C+your+order+201611160001+has+been+picked+up+and+order+is+finished%2C+any+questions+please+contact+the+service+', '{"status":"0","messageid":"01586c-4a7d09-554"}'),
(1412, NULL, 1479341053, '222.92.124.66', '', '/Admin/Index/index', NULL),
(1413, NULL, 1479341053, '222.92.124.66', '', '/Admin/Index/login', NULL),
(1414, 'system', 1479387996, 'localhost', 'sms', 'http://api.synhey.com/json?key=xvlvuo&secret=0stLliRh&to=34655267025&text=Your+laundry+locker+login+verification+code+is+0047.', '{"status":"0","messageid":"015872-655f60-65a"}'),
(1415, NULL, 1479427688, '222.92.124.66', '', '/Admin/Index/index', NULL),
(1416, NULL, 1479427689, '222.92.124.66', '', '/Admin/Index/login', NULL),
(1417, 'system', 1479456615, 'localhost', 'sms', 'http://api.synhey.com/json?key=xvlvuo&secret=0stLliRh&to=34655267025&text=Your+laundry+locker+login+verification+code+is+8915.', '{"status":"0","messageid":"015876-7c6b0d-5e1"}'),
(1418, 'LogisticsController', 1479456673, NULL, 'INFO', 'setOrderInfo', 'Insert：1||'),
(1419, 'system', 1479456675, 'localhost', 'sms', 'http://api.synhey.com/json?key=xvlvuo&secret=0stLliRh&to=34655267025&text=Dear+Customer%2C+your+order+201611180001+is+created%2C+we+will+pick+up+you+your+laundry+items+soon%2C+thanks+for+using+our+ser', '{"status":"0","messageid":"015876-7d5744-5e4"}'),
(1420, NULL, 1479515503, '222.92.124.66', '', '/Admin/Index/index', NULL),
(1421, NULL, 1479515503, '222.92.124.66', '', '/Admin/Index/login', NULL),
(1422, NULL, 1479515512, '61.151.217.45', '', '/Admin/Index/index', NULL),
(1423, NULL, 1479515512, '61.151.217.45', '', '/Admin/Index/login', NULL),
(1424, NULL, 1479718327, '::1', '', '/Admin/Index/index', NULL),
(1425, NULL, 1479718327, '::1', '', '/Admin/Index/login', NULL),
(1426, 'ladmin', 1479718406, '::1', '', '/Admin/Index/index', NULL),
(1427, NULL, 1479718567, '::1', '', '/Admin/Index/index', NULL),
(1428, NULL, 1479718567, '::1', '', '/Admin/Index/login', NULL),
(1429, NULL, 1486108809, '::1', '', '/Admin/Index/index', NULL),
(1430, NULL, 1486108809, '::1', '', '/Admin/Index/login', NULL),
(1431, NULL, 1486130487, '::1', '', '/Admin/Index/index', NULL),
(1432, NULL, 1486130487, '::1', '', '/Admin/Index/login', NULL),
(1433, NULL, 1486170799, '::1', '', '/Admin/Index/index', NULL),
(1434, NULL, 1486170799, '::1', '', '/Admin/Index/login', NULL),
(1435, NULL, 1486171319, '::1', '', '/Admin/Index/index', NULL),
(1436, NULL, 1486171319, '::1', '', '/Admin/Index/login', NULL),
(1437, NULL, 1486178975, '::1', '', '/Admin/Index/index', NULL),
(1438, NULL, 1486178975, '::1', '', '/Admin/Index/login', NULL),
(1439, NULL, 1486179022, '::1', '', '/Admin/Index/login', NULL),
(1440, NULL, 1486179022, '::1', '', '/Admin/Index/login', NULL),
(1441, NULL, 1486179111, '::1', '', '/Admin/Index/login', NULL),
(1442, NULL, 1486179111, '::1', '', '/Admin/Index/login', NULL),
(1443, NULL, 1486179436, '::1', '', '/Admin/Index/login', NULL),
(1444, NULL, 1486179438, '::1', '', '/Admin/Index/login', NULL),
(1445, NULL, 1486188173, '::1', '', '/Admin/Index/index', NULL),
(1446, NULL, 1486188173, '::1', '', '/Admin/Index/login', NULL),
(1447, NULL, 1486188204, '::1', '', '/Admin/Index/login', NULL),
(1448, NULL, 1486189689, '::1', '', '/Admin/Index/index', NULL),
(1449, NULL, 1486189689, '::1', '', '/Admin/Index/login', NULL),
(1450, 'admin', 1486191162, '::1', '', '/Admin/Index/index', NULL),
(1451, NULL, 1486191192, '::1', '', '/Admin/Index/login', NULL),
(1452, 'admin', 1486191262, '::1', '', '/Admin/Index/index', NULL),
(1453, NULL, 1486191276, '::1', '', '/Admin/Index/login', NULL),
(1454, 'charge1630922', 1486191523, '::1', '', '/Admin/Index/index', NULL),
(1455, NULL, 1486191587, '::1', '', '/Admin/Index/login', NULL),
(1456, 'admin', 1486191628, '::1', '', '/Admin/Index/index', NULL),
(1457, NULL, 1486191693, '::1', '', '/Admin/Index/login', NULL),
(1458, 'charge1630922', 1486191722, '::1', '', '/Admin/Index/index', NULL),
(1459, NULL, 1486192892, '172.30.1.110', '', '/Admin/Index/index', NULL),
(1460, NULL, 1486192892, '172.30.1.110', '', '/Admin/Index/login', NULL),
(1461, NULL, 1486193006, '127.0.0.1', '', '/Admin/Index/login', NULL),
(1462, NULL, 1486193021, '127.0.0.1', '', '/Admin/Index/login', NULL),
(1463, NULL, 1486193083, '127.0.0.1', '', '/Admin/Index/login', NULL),
(1464, NULL, 1486193084, '127.0.0.1', '', '/Admin/Index/login', NULL),
(1465, NULL, 1486193086, '127.0.0.1', '', '/Admin/Index/login', NULL),
(1466, NULL, 1486193094, '127.0.0.1', '', '/Admin/Index/login', NULL),
(1467, 'charge1630922', 1486193231, '::1', '', '/Admin/Index/index', NULL),
(1468, 'charge1630922', 1486193362, '::1', '', '/Admin/Index/index', NULL),
(1469, NULL, 1486193379, '127.0.0.1', '', '/Admin/Index/index', NULL),
(1470, NULL, 1486193379, '127.0.0.1', '', '/Admin/Index/login', NULL),
(1471, 'charge1630922', 1486193397, '127.0.0.1', '', '/Admin/Index/index', NULL),
(1472, 'charge1630922', 1486194984, '::1', '', '/Admin/Index/index', NULL),
(1473, NULL, 1486195419, '::1', '', '/Admin/Index/login', NULL),
(1474, 'charge1630922', 1486195510, '::1', '', '/Admin/Index/index', NULL),
(1475, NULL, 1486197604, '::1', '', '/Admin/Index/login', NULL);

-- --------------------------------------------------------

--
-- Table structure for table `wf_sys_notify`
--

DROP TABLE IF EXISTS `wf_sys_notify`;
CREATE TABLE IF NOT EXISTS `wf_sys_notify` (
  `id` int(11) NOT NULL AUTO_INCREMENT,
  `createuser` varchar(50) DEFAULT NULL,
  `createtime` int(11) DEFAULT NULL,
  `updateuser` int(50) DEFAULT NULL,
  `updatetime` int(11) DEFAULT NULL,
  `sysid` varchar(4) DEFAULT NULL,
  `status` int(1) DEFAULT NULL,
  `type` int(2) DEFAULT NULL,
  `sendee` int(11) DEFAULT NULL,
  `content` varchar(1000) DEFAULT NULL,
  PRIMARY KEY (`id`)
) ENGINE=MyISAM DEFAULT CHARSET=utf8 COMMENT='系统提示信息' AUTO_INCREMENT=1 ;

-- --------------------------------------------------------

--
-- Table structure for table `wf_sys_offline`
--

DROP TABLE IF EXISTS `wf_sys_offline`;
CREATE TABLE IF NOT EXISTS `wf_sys_offline` (
  `id` int(11) NOT NULL,
  `createuser` varchar(50) DEFAULT NULL,
  `createtime` int(11) DEFAULT NULL,
  `updateuser` varchar(50) DEFAULT NULL,
  `updatetime` int(11) DEFAULT NULL,
  `token` varchar(50) DEFAULT NULL,
  `csn` varchar(50) DEFAULT NULL,
  `onlinetime` int(11) DEFAULT NULL,
  `companyid` varchar(50) DEFAULT NULL,
  `ispost` int(1) DEFAULT NULL,
  PRIMARY KEY (`id`)
) ENGINE=MyISAM DEFAULT CHARSET=utf8 ROW_FORMAT=DYNAMIC COMMENT='断线预警信息';

-- --------------------------------------------------------

--
-- Table structure for table `wf_sys_role`
--

DROP TABLE IF EXISTS `wf_sys_role`;
CREATE TABLE IF NOT EXISTS `wf_sys_role` (
  `id` int(11) NOT NULL AUTO_INCREMENT,
  `createuser` varchar(50) DEFAULT NULL,
  `createtime` int(11) DEFAULT NULL,
  `updateuser` varchar(50) DEFAULT NULL,
  `updatetime` int(11) DEFAULT NULL,
  `sysid` varchar(20) DEFAULT NULL,
  `status` int(1) DEFAULT NULL,
  `key` varchar(50) DEFAULT NULL,
  `name` varchar(100) DEFAULT NULL,
  PRIMARY KEY (`id`)
) ENGINE=InnoDB  DEFAULT CHARSET=utf8 CHECKSUM=1 DELAY_KEY_WRITE=1 ROW_FORMAT=DYNAMIC COMMENT='角色信息' AUTO_INCREMENT=12 ;

--
-- Dumping data for table `wf_sys_role`
--

INSERT INTO `wf_sys_role` (`id`, `createuser`, `createtime`, `updateuser`, `updatetime`, `sysid`, `status`, `key`, `name`) VALUES
(1, 'admin', 1457310281, 'admin', 1460624958, NULL, 1, 'admin', '超级管理员'),
(11, 'admin', 1466038229, 'admin', 1466038735, NULL, 1, 'logistics_admin', '智能物流柜管理员');

-- --------------------------------------------------------

--
-- Table structure for table `wf_sys_roleauthorise`
--

DROP TABLE IF EXISTS `wf_sys_roleauthorise`;
CREATE TABLE IF NOT EXISTS `wf_sys_roleauthorise` (
  `roleid` int(11) DEFAULT NULL,
  `menuid` int(11) DEFAULT NULL,
  UNIQUE KEY `roleidmenuid` (`roleid`,`menuid`) USING BTREE,
  KEY `FK_wf_sys_roleauthorise` (`menuid`)
) ENGINE=InnoDB DEFAULT CHARSET=utf8 CHECKSUM=1 DELAY_KEY_WRITE=1 ROW_FORMAT=DYNAMIC COMMENT='角色授权信息';

--
-- Dumping data for table `wf_sys_roleauthorise`
--

INSERT INTO `wf_sys_roleauthorise` (`roleid`, `menuid`) VALUES
(1, 210),
(1, 211),
(1, 226),
(1, 227),
(1, 242),
(1, 243),
(1, 245),
(1, 246),
(1, 247),
(1, 248),
(1, 249),
(1, 250),
(1, 251),
(1, 252),
(1, 253),
(1, 254),
(1, 256),
(1, 257),
(1, 258),
(1, 259),
(1, 260),
(1, 261),
(1, 262),
(1, 263),
(1, 264),
(1, 265),
(1, 266),
(1, 267),
(1, 268),
(1, 269),
(1, 270),
(1, 271),
(1, 276),
(1, 277),
(1, 290),
(1, 291),
(1, 297),
(1, 300),
(1, 301),
(1, 302),
(1, 303),
(1, 304),
(1, 309),
(1, 310),
(1, 311),
(1, 312),
(1, 313),
(1, 314),
(1, 315),
(1, 316),
(1, 317),
(1, 318),
(1, 319),
(1, 320),
(1, 321),
(1, 322),
(1, 323),
(1, 324),
(1, 325),
(1, 326),
(1, 327),
(1, 328),
(1, 329),
(1, 330),
(1, 331),
(1, 332),
(1, 333),
(1, 334),
(1, 336),
(1, 339),
(1, 340),
(1, 341),
(1, 342),
(1, 343),
(1, 344),
(1, 345),
(1, 346),
(1, 347),
(1, 348),
(1, 349),
(1, 350),
(1, 351),
(1, 352),
(1, 353),
(1, 354),
(1, 355),
(1, 361),
(1, 362),
(1, 363),
(1, 364),
(1, 365),
(1, 366),
(1, 367),
(1, 378),
(1, 379),
(1, 380),
(1, 381),
(1, 382),
(1, 383),
(1, 384),
(1, 385),
(1, 386),
(1, 387),
(1, 391),
(1, 392),
(1, 393),
(1, 394),
(1, 395),
(1, 396),
(1, 397),
(1, 398),
(1, 399),
(1, 400),
(1, 401),
(1, 402),
(1, 403),
(1, 404),
(1, 405),
(1, 406),
(1, 407),
(1, 408),
(1, 409),
(1, 410),
(1, 411),
(1, 412),
(1, 413),
(1, 414),
(1, 415),
(1, 416),
(1, 417),
(1, 418),
(1, 419),
(1, 420),
(1, 421),
(1, 422),
(1, 423),
(1, 424),
(1, 425),
(1, 426),
(1, 427),
(1, 428),
(1, 429),
(1, 430),
(1, 431),
(1, 433),
(1, 434),
(1, 435),
(1, 436),
(1, 437),
(1, 438),
(1, 439),
(1, 440),
(1, 441),
(1, 442),
(1, 443),
(1, 444),
(1, 445),
(1, 446),
(1, 447),
(1, 448),
(1, 449),
(1, 450),
(1, 451),
(1, 452),
(1, 453),
(1, 454),
(1, 455),
(1, 456),
(1, 457),
(1, 458),
(1, 459),
(1, 460),
(1, 461),
(1, 462),
(1, 463),
(1, 464),
(1, 465),
(1, 466),
(1, 467),
(1, 468),
(1, 469),
(1, 470),
(1, 471),
(1, 472),
(1, 473),
(1, 474),
(1, 475),
(1, 476),
(1, 477),
(1, 478),
(1, 479),
(1, 480),
(1, 481),
(1, 482),
(1, 484),
(1, 485),
(1, 486),
(1, 487),
(1, 488),
(1, 489),
(1, 490),
(1, 491),
(1, 492),
(1, 493),
(1, 494),
(1, 495),
(1, 496),
(1, 497),
(1, 498),
(1, 499),
(1, 500),
(1, 501),
(1, 502),
(1, 503),
(1, 504),
(1, 505),
(1, 506),
(1, 507),
(1, 508),
(1, 509),
(1, 510),
(1, 511),
(1, 512),
(1, 513),
(1, 514),
(1, 515),
(1, 516),
(1, 517),
(1, 518),
(1, 519),
(1, 520),
(1, 521),
(1, 522),
(1, 523),
(1, 524),
(1, 525),
(1, 526),
(1, 527),
(1, 528),
(1, 529),
(1, 530),
(1, 531),
(1, 532),
(1, 533),
(1, 534),
(1, 535),
(1, 536),
(1, 537),
(1, 538),
(1, 539),
(1, 540),
(1, 541),
(1, 542),
(1, 543),
(1, 544),
(1, 545),
(1, 546),
(1, 547),
(1, 548),
(1, 549),
(1, 550),
(1, 551),
(1, 552),
(1, 553),
(1, 554),
(1, 555),
(1, 556),
(1, 557),
(1, 558),
(1, 559),
(1, 560),
(1, 561),
(1, 562),
(1, 563),
(1, 564),
(1, 565),
(1, 566),
(1, 567),
(1, 568),
(1, 569),
(1, 570),
(1, 571),
(1, 572),
(1, 573),
(1, 574),
(1, 575),
(1, 576),
(1, 577),
(1, 578),
(1, 579),
(1, 580),
(1, 581),
(1, 582),
(1, 583),
(1, 584),
(1, 585),
(1, 586),
(1, 587),
(1, 588),
(1, 589),
(1, 590),
(1, 591),
(1, 592),
(1, 593),
(1, 594),
(1, 595),
(1, 596),
(1, 597),
(1, 598),
(1, 599),
(1, 600),
(1, 601),
(1, 602),
(1, 603),
(1, 604),
(1, 605),
(1, 606),
(1, 607),
(1, 608),
(1, 609),
(1, 610),
(1, 611),
(1, 612),
(1, 613),
(1, 614),
(1, 615),
(1, 616),
(1, 617),
(1, 618),
(1, 619),
(1, 620),
(1, 622),
(1, 623),
(1, 624),
(1, 625),
(1, 626),
(1, 627),
(1, 628),
(11, 530),
(11, 531),
(11, 532),
(11, 533),
(11, 534),
(11, 535),
(11, 536),
(11, 537),
(11, 538),
(11, 539),
(11, 540),
(11, 541),
(11, 542),
(11, 543),
(11, 544),
(11, 545),
(11, 546),
(11, 547),
(11, 548),
(11, 549),
(11, 550),
(11, 551),
(11, 552),
(11, 553),
(11, 554),
(11, 555),
(11, 556),
(11, 557),
(11, 558),
(11, 560),
(11, 561),
(11, 563),
(11, 564),
(11, 565),
(11, 566),
(11, 567),
(11, 568),
(11, 569),
(11, 570),
(11, 571),
(11, 572),
(11, 573),
(11, 574),
(11, 575),
(11, 576),
(11, 577),
(11, 578),
(11, 579),
(11, 580),
(11, 581),
(11, 582),
(11, 583),
(11, 584),
(11, 585),
(11, 586),
(11, 587),
(11, 588),
(11, 589),
(11, 590),
(11, 591),
(11, 607),
(11, 609),
(11, 612),
(11, 613),
(11, 619),
(11, 620),
(11, 622),
(11, 623),
(11, 624),
(11, 625),
(11, 626),
(11, 627);

-- --------------------------------------------------------

--
-- Table structure for table `wf_sys_sms`
--

DROP TABLE IF EXISTS `wf_sys_sms`;
CREATE TABLE IF NOT EXISTS `wf_sys_sms` (
  `id` int(11) NOT NULL AUTO_INCREMENT,
  `stencilid` int(11) DEFAULT NULL,
  `orderno` varchar(200) DEFAULT NULL,
  `sendee` varchar(200) DEFAULT NULL,
  `content` varchar(1000) DEFAULT NULL,
  `sender` varchar(200) DEFAULT NULL,
  `sendtime` int(11) DEFAULT NULL,
  `resendtimes` int(2) DEFAULT NULL,
  `status` int(1) DEFAULT NULL,
  `tid` varchar(100) DEFAULT NULL,
  PRIMARY KEY (`id`)
) ENGINE=MyISAM  DEFAULT CHARSET=utf8 COMMENT='发送信息数据' AUTO_INCREMENT=565 ;

--
-- Dumping data for table `wf_sys_sms`
--

INSERT INTO `wf_sys_sms` (`id`, `stencilid`, `orderno`, `sendee`, `content`, `sender`, `sendtime`, `resendtimes`, `status`, `tid`) VALUES
(392, 64, '14772722881477276668', '8618913614962', 'Dear customer, Your laundry locker login verification code is 5585.', '1477272288', 1477276670, 1, 1, '1022881024103748689'),
(393, 65, '14772722881477276668', '8618913614962', 'Dear Customer, your order 201610240001 is created, we will pick up you your laundry items soon, thanks for using our service!', '1477272288', 1477276715, 1, 1, '1028171024103833851'),
(394, 66, '14772722881477276668', '8618913614962', 'Dear Customer, your order 201610240001 has been picked up by laundry shop courier, any questions please contact the service center, thanks!', '1477272288', 1477277327, 1, 1, '1009131024104846268'),
(395, 67, '14772722881477277553', '8618913614962', 'Dear Customer, your order 201610240001 has been dropped off to Locker 01 Door 23, Locker address is , pickup PIN is 485538, please pick up your laundry items.', '1477272288', 1477277557, 1, 1, '1013971024105235416'),
(396, 69, '14772722881477277553', '8618913614962', 'Dear Customer, your order 201610240001 has been picked up and order is finished, any questions please contact the service center, thanks!', '1477272288', 1477277686, 1, 1, '1025491024105444769'),
(397, 64, '14772722881477277963', '8618913614962', 'Dear customer, Your laundry locker login verification code is 4128.', '1477272288', 1477277965, 1, 1, '1009951024105923293'),
(398, 65, '14772722881477277963', '8618913614962', 'Dear Customer, your order 201610240002 is created, we will pick up you your laundry items soon, thanks for using our service!', '1477272288', 1477278009, 1, 1, '1023271024110006701'),
(399, 66, '14772722881477277963', '8618913614962', 'Dear Customer, your order 201610240002 has been picked up by laundry shop courier, any questions please contact the service center, thanks!', '1477272288', 1477278128, 1, 1, '1023141024110206697'),
(400, 67, '14772722881477278197', '8618913614962', 'Dear Customer, your order 201610240002 has been dropped off to Locker 01 Door 23, Locker address is , pickup PIN is 799387, please pick up your laundry items.', '1477272288', 1477278199, 1, 1, '1010471024110318309'),
(401, 67, '14772722881477278197', '8618913614962', 'Dear Customer, your order 201610240002 has been dropped off to Locker 01 Door 24, Locker address is , pickup PIN is 551498, please pick up your laundry items.', '1477272288', 1477278210, 1, 1, '1014591024110328435'),
(402, 69, '14772722881477278197', '8618913614962', 'Dear Customer, your order 201610240002 has been picked up and order is finished, any questions please contact the service center, thanks!', '1477272288', 1477278273, 1, 1, '1013671024110431407'),
(403, 69, '14772722881477278197', '8618913614962', 'Dear Customer, your order 201610240002 has been picked up and order is finished, any questions please contact the service center, thanks!', '1477272288', 1477278322, 1, 1, '1025951024110518783'),
(404, 64, '14772722881477278512', '8618913614962', 'Dear customer, Your laundry locker login verification code is 6624.', '1477272288', 1477278515, 1, 1, '1005411024110832154'),
(405, 64, '14772722881477279229', '8618913614962', 'Dear customer, Your laundry locker login verification code is 0334.', '1477272288', 1477279231, 1, 1, '1015141024112029452'),
(406, 65, '14772722881477279229', '8618913614962', 'Dear Customer, your order 201610240003 is created, we will pick up you your laundry items soon, thanks for using our service!', '1477272288', 1477279341, 1, 1, '1011911024112220353'),
(407, 66, '14772722881477279229', '8618913614962', 'Dear Customer, your order 201610240003 has been picked up by laundry shop courier, any questions please contact the service center, thanks!', '1477272288', 1477286135, 1, 1, '1016581024131528496'),
(408, 66, '14772722881477279229', '8618913614962', 'Dear Customer, your order 201610240003 has been picked up by laundry shop courier, any questions please contact the service center, thanks!', '1477272288', 1477286173, 1, 1, '1027221024131612822'),
(409, 64, '14772722881477286296', '8613706228705', 'Dear customer, Your laundry locker login verification code is 8790.', '1477272288', 1477286299, 1, 1, '1007631024131816222'),
(410, 65, '14772722881477286296', '8613706228705', 'Dear Customer, your order 201610240004 is created, we will pick up you your laundry items soon, thanks for using our service!', '1477272288', 1477286322, 1, 1, '1019221024131841577'),
(411, 66, '14772722881477286296', '8613706228705', 'Dear Customer, your order 201610240004 has been picked up by laundry shop courier, any questions please contact the service center, thanks!', '1477272288', 1477286745, 1, 1, '1000511024132545004'),
(412, 64, '14772722881477287115', '8613706228705', 'Dear customer, Your laundry locker login verification code is 2098.', '1477272288', 1477287115, 1, 1, '1002281024133155058'),
(413, 65, '14772722881477287115', '8613706228705', 'Dear Customer, your order 201610240005 is created, we will pick up you your laundry items soon, thanks for using our service!', '1477272288', 1477287152, 1, 1, '1029021024133231877'),
(414, 66, '14772722881477287115', '8613706228705', 'Dear Customer, your order 201610240005 has been picked up by laundry shop courier, any questions please contact the service center, thanks!', '1477272288', 1477287234, 1, 1, '1009661024133353284'),
(415, 67, '14772722881477287249', '8613706228705', 'Dear Customer, your order 201610240005 has been dropped off to Locker 01 Door 1, Locker address is , pickup PIN is 569635, please pick up your laundry items.', '1477272288', 1477287254, 1, 1, '1013771024133410410'),
(416, 69, '14772722881477287249', '8613706228705', 'Dear Customer, your order 201610240005 has been picked up and order is finished, any questions please contact the service center, thanks!', '1477272288', 1477287301, 1, 1, '1030781024133457931'),
(417, 64, '14772722881477287932', '8613706228705', 'Dear customer, Your laundry locker login verification code is 0475.', '1477272288', 1477287940, 1, 1, '1017661024134532529'),
(418, 64, '14772722881477289214', '8613706228212', 'Dear customer, Your laundry locker login verification code is 9135.', '1477272288', 1477289215, 1, 1, '1027651024140654835'),
(419, 65, '14772722881477289214', '8613706228212', 'Dear Customer, your order 201610240006 is created, we will pick up you your laundry items soon, thanks for using our service!', '1477272288', 1477289255, 1, 1, '1006651024140735192'),
(420, 66, '14772722881477289214', '8613706228212', 'Dear Customer, your order 201610240006 has been picked up by laundry shop courier, any questions please contact the service center, thanks!', '1477272288', 1477289294, 1, 1, '1004271024140814119'),
(421, 67, '14772722881477289415', '8613706228212', 'Dear Customer, your order 201610240006 has been dropped off to Locker 01 Door 1, Locker address is , pickup PIN is 594825, please pick up your laundry items.', '1477272288', 1477289417, 1, 1, '1019481024141016585'),
(422, 69, '14772722881477289415', '8613706228212', 'Dear Customer, your order 201610240006 has been picked up and order is finished, any questions please contact the service center, thanks!', '1477272288', 1477289458, 1, 1, '1004891024141057138'),
(423, 64, '14772722881477289484', '8613706220212', 'Dear customer, Your laundry locker login verification code is 0936.', '1477272288', 1477289485, 1, 1, '1025131024141124758'),
(424, 64, '14772722881477289548', '8613706228212', 'Dear customer, Your laundry locker login verification code is 9902.', '1477272288', 1477289552, 1, 1, '1016481024141228493'),
(425, 65, '14772722881477289548', '8613706228212', 'Dear Customer, your order 201610240007 is created, we will pick up you your laundry items soon, thanks for using our service!', '1477272288', 1477289586, 1, 1, '1029351024141305887'),
(426, 66, '14772722881477289548', '8613706228212', 'Dear Customer, your order 201610240007 has been picked up by laundry shop courier, any questions please contact the service center, thanks!', '1477272288', 1477289617, 1, 1, '1008481024141337248'),
(427, 67, '14772722881477289694', '8613706228212', 'Dear Customer, your order 201610240007 has been dropped off to Locker 01 Door 1, Locker address is , pickup PIN is 414221, please pick up your laundry items.', '1477272288', 1477289696, 1, 1, '1018371024141455551'),
(428, 69, '14772722881477289694', '8613706228212', 'Dear Customer, your order 201610240007 has been picked up and order is finished, any questions please contact the service center, thanks!', '1477272288', 1477289904, 1, 1, '1028731024141822868'),
(429, 64, '14772722881477290610', '8613706228705', 'Your laundry locker login verification code is 7281.', '1477272288', 1477290612, 1, 1, '1023531024143010709'),
(430, 65, '14772722881477290610', '8613706228705', 'Dear Customer, your order 201610240008 is created, we will pick up you your laundry items soon, thanks for using our service!', '1477272288', 1477290681, 1, 1, '1016121024143119482'),
(431, 66, '14772722881477290610', '8613706228705', 'Dear Customer, your order 201610240008 has been picked up by laundry shop courier, any questions please contact the service center, thanks!', '1477272288', 1477290760, 1, 1, '1007371024143239214'),
(432, 67, '14772722881477290833', '8613706228705', 'Dear Customer, your order 201610240008 has been dropped off to Locker 01 Door 1, Locker address is , pickup PIN is 337156, please pick up your laundry items.', '1477272288', 1477290835, 1, 1, '1004271024143354119'),
(433, 69, '14772722881477290833', '8613706228705', 'Dear Customer, your order 201610240008 has been picked up and order is finished, any questions please contact the service center, thanks!', '1477272288', 1477290886, 1, 1, '1023931024143443721'),
(434, 64, '14772722881477291054', '8618913614962', 'Your laundry locker login verification code is 7754.', '1477272288', 1477291055, 1, 1, '1000811024143734013'),
(435, 65, '14772722881477291054', '8618913614962', 'Dear Customer, your order 201610240009 is created, we will pick up you your laundry items soon, thanks for using our service!', '1477272288', 1477291121, 1, 1, '1005051024143840143'),
(436, 66, '14772722881477291054', '8618913614962', 'Dear Customer, your order 201610240009 has been picked up by laundry shop courier, any questions please contact the service center, thanks!', '1477272288', 1477291266, 1, 1, '1025491024144104769'),
(437, 67, '14772722881477291354', '8618913614962', 'Dear Customer, your order 201610240009 has been dropped off to Locker 01 Door 1, Locker address is , pickup PIN is 159602, please pick up your laundry items.', '1477272288', 1477291356, 1, 1, '1001521024144235035'),
(438, 69, '14772722881477291354', '8618913614962', 'Dear Customer, your order 201610240009 has been picked up and order is finished, any questions please contact the service center, thanks!', '1477272288', 1477291387, 1, 1, '1016151024144306483'),
(439, 50, '14256398001123', '8618913614962', 'Dear customer, your order 14256398001123 has been delivered to locker chejian in chejian, door number 2, password 130218, please pick up your parcel at your earliest convenience.', '1477983357', 1477985121, 1, 1, '1014821101152519442'),
(440, 51, '14256398001123', '8618913614962', 'Dear customer, your order 14256398001123 has already been picked up, if it is not operated by yourself, please contact the administrator as soon as possible, thank you.', '1477983357', 1477985173, 1, 1, '1022881101152611689'),
(441, 50, '145998082564', '8618913614962', 'Dear customer, your order 145998082564 has been delivered to locker chejian in chejian, door number 1, password 432619, please pick up your parcel at your earliest convenience.', '1477983357', 1477989569, 1, 1, '1007791101163928227'),
(442, 51, '145998082564', '8618913614962', 'Dear customer, your order 145998082564 has already been picked up, if it is not operated by yourself, please contact the administrator as soon as possible, thank you.', '1477983357', 1477989657, 1, 1, '1019941101164055599'),
(443, 50, '14256978007', '8618913614962', 'Dear customer, your order 14256978007 has been delivered to locker chejian in chejian, door number 2, password 261923, please pick up your parcel at your earliest convenience.', '1477983357', 1478046708, 1, 1, '1028601102083147864'),
(444, 51, '14256978007', '8618913614962', 'Dear customer, your order 14256978007 has already been picked up, if it is not operated by yourself, please contact the administrator as soon as possible, thank you.', '1477983357', 1478046753, 1, 1, '1001521102083230035'),
(445, 50, '159357789580', '8618913614962', 'Dear customer, your order 159357789580 has been delivered to locker chejian in chejian, door number 2, password 227611, please pick up your parcel at your earliest convenience.', '1477983357', 1478065994, 1, 1, '1006981102135313202'),
(446, 51, '159357789580', '8618913614962', 'Dear customer, your order 159357789580 has already been picked up, if it is not operated by yourself, please contact the administrator as soon as possible, thank you.', '1477983357', 1478066030, 1, 1, '1029611102135351895'),
(447, 50, '255455845645687', '8615624388500', 'Dear customer, your order 255455845645687 has been delivered to locker chejian in chejian, door number 2, password 828923, please pick up your parcel at your earliest convenience.', '1477983357', 1478069404, 1, 1, '1019451102145005584'),
(448, 50, '555512235588545', '8613806220600', 'Dear customer, your order 555512235588545 has been delivered to locker chejian in chejian, door number 1, password 421956, please pick up your parcel at your earliest convenience.', '1477983357', 1478069433, 1, 1, '1010931102145035323'),
(449, 50, '5244896325596', '8615624388500', 'Dear customer, your order 5244896325596 has been delivered to locker chejian in chejian, door number 7, password 951847, please pick up your parcel at your earliest convenience.', '1477983357', 1478069464, 1, 1, '1026641102145105804'),
(450, 51, '5244896325596', '8615624388500', 'Dear customer, your order 5244896325596 has already been picked up, if it is not operated by yourself, please contact the administrator as soon as possible, thank you.', '1477983357', 1478069560, 1, 1, '1030101102145242910'),
(451, 64, '14772722881478265824', '3434606373638', 'Your laundry locker login verification code is 0969.', '1477272288', 1478265828, 1, 1, '1005251104212344149'),
(452, 64, '14772722881478265930', '3434631790866', 'Your laundry locker login verification code is 6024.', '1477272288', 1478265932, 1, 1, '1021841104212530657'),
(453, 64, '14772722881478265994', '34606373638', 'Your laundry locker login verification code is 5090.', '1477272288', 1478265998, 1, 1, '1008901104212634261'),
(454, 65, '14772722881478265994', '34606373638', 'Dear Customer, your order 201611040001 is created, we will pick up you your laundry items soon, thanks for using our service!', '1477272288', 1478266108, 1, 1, '1019391104212827582'),
(455, 66, '14772722881478265994', '34606373638', 'Dear Customer, your order 201611040001 has been picked up by laundry shop courier, any questions please contact the service center, thanks!', '1477272288', 1478266576, 1, 1, '1030361104213610918'),
(456, 67, '14772722881478266903', '34606373638', 'Dear Customer, your order 201611040001 has been dropped off to Locker 01 Door 23, Locker address is , pickup PIN is 515502, please pick up your laundry items.', '1477272288', 1478266916, 1, 1, '1027881104214143842'),
(457, 69, '14772722881478266903', '34606373638', 'Dear Customer, your order 201611040001 has been picked up and order is finished, any questions please contact the service center, thanks!', '1477272288', 1478267297, 1, 1, '1021841104214815657'),
(458, 64, '14772722881478268941', '3434600091229', 'Your laundry locker login verification code is 9866.', '1477272288', 1478268942, 1, 1, '1021051104151541633'),
(459, 64, '14772722881478269006', '3434600091229', 'Your laundry locker login verification code is 1675.', '1477272288', 1478269007, 1, 1, '1023761104151646716'),
(460, 64, '14772722881478515777', '3434625061440', 'Your laundry locker login verification code is 1995.', '1477272288', 1478515772, 1, 1, '1023111107114937696'),
(461, 64, '14772722881478524215', '3434625061440', 'Your laundry locker login verification code is 8688.', '1477272288', 1478524210, 1, 1, '1028471107141015860'),
(462, 64, '14772722881478525785', '3434625061440', 'Your laundry locker login verification code is 5497.', '1477272288', 1478525782, 1, 1, '1023081107143625695'),
(463, 64, '14772722881478526544', '3434695205702', 'Your laundry locker login verification code is 4236.', '1477272288', 1478526539, 1, 1, '1023241107144904700'),
(464, 64, '14772722881478526623', '3434625632011', 'Your laundry locker login verification code is 2894.', '1477272288', 1478526617, 1, 1, '1007961107145023232'),
(465, 70, '14785039571478575055', '8618913614962', 'Dear customer, your order 14785039571478575055 has been delivered to locker 01 in , door number 7, password 310666, please pick up your parcel at your earliest convenience.', '1478503957', 1478575064, 1, 1, '1028601107191741864'),
(466, 71, '14785039571478575055', '8618913614962', 'Dear customer, your order 14785039571478575055 has already been picked up, if it is not operated by yourself, please contact the administrator as soon as possible, thank you.', '1478503957', 1478575175, 1, 1, '1023111107191928696'),
(467, 70, '14785039571478584710', '8618913614962', 'Dear customer, your order 14785039571478584710 has been delivered to locker 01 in , door number 7, password 324538, please pick up your parcel at your earliest convenience.', '1478503957', 1478584715, 1, 1, '1007431107215831216'),
(468, 71, '14785039571478584710', '8618913614962', 'Dear customer, your order 14785039571478584710 has already been picked up, if it is not operated by yourself, please contact the administrator as soon as possible, thank you.', '1478503957', 1478584775, 1, 1, '1011161107215935330'),
(469, 70, '14785039571478586197', '8613706228536', 'Dear customer, your order 14785039571478586197 has been delivered to locker 01 in , door number 2, password 953911, please pick up your parcel at your earliest convenience.', '1478503957', 1478586198, 1, 1, '1017751107222318532'),
(470, 71, '14785039571478586197', '8613706228536', 'Dear customer, your order 14785039571478586197 has already been picked up, if it is not operated by yourself, please contact the administrator as soon as possible, thank you.', '1478503957', 1478586233, 1, 1, '1031211107222353944'),
(471, 70, '14785039571478588045', '8618913614962', 'Dear customer, your order 14785039571478588045 has been delivered to locker 01 in , door number 1, password 652298, please pick up your parcel at your earliest convenience.', '1478503957', 1478588055, 1, 1, '1012761107225406379'),
(472, 70, '14785039571478588063', '8613706228705', 'Dear customer, your order 14785039571478588063 has been delivered to locker 01 in , door number 9, password 949118, please pick up your parcel at your earliest convenience.', '1478503957', 1478588063, 1, 1, '1031601107225423956'),
(473, 71, '14785039571478588045', '8618913614962', 'Dear customer, your order 14785039571478588045 has already been picked up, if it is not operated by yourself, please contact the administrator as soon as possible, thank you.', '1478503957', 1478588201, 1, 1, '1014001107225641417'),
(474, 71, '14785039571478588063', '8613706228705', 'Dear customer, your order 14785039571478588063 has already been picked up, if it is not operated by yourself, please contact the administrator as soon as possible, thank you.', '1478503957', 1478591213, 1, 1, '1024151107234649728'),
(475, 70, '14785039571478591286', '8618913614962', 'Dear customer, your order 14785039571478591286 has been delivered to locker 01 in , door number 7, password 277279, please pick up your parcel at your earliest convenience.', '1478503957', 1478591291, 1, 1, '1019001107234808570'),
(476, 71, '14785039571478591286', '8618913614962', 'Dear customer, your order 14785039571478591286 has already been picked up, if it is not operated by yourself, please contact the administrator as soon as possible, thank you.', '1478503957', 1478591329, 1, 1, '1025491107234848769'),
(477, 70, '14785039571478592056', '8618913614962', 'Dear customer, your order 14785039571478592056 has been delivered to locker 01 in , door number 2, password 458848, please pick up your parcel at your earliest convenience.', '1478503957', 1478592062, 1, 1, '1029511108000057892'),
(478, 71, '14785039571478592056', '8618913614962', 'Dear customer, your order 14785039571478592056 has already been picked up, if it is not operated by yourself, please contact the administrator as soon as possible, thank you.', '1478503957', 1478592282, 1, 1, '1019391108000438582'),
(479, 70, '14785039571478592339', '8618913614962', 'Dear customer, your order 14785039571478592339 has been delivered to locker 01 in , door number 2, password 622730, please pick up your parcel at your earliest convenience.', '1478503957', 1478592345, 1, 1, '1019841108000543596'),
(480, 71, '14785039571478592339', '8618913614962', 'Dear customer, your order 14785039571478592339 has already been picked up, if it is not operated by yourself, please contact the administrator as soon as possible, thank you.', '1478503957', 1478592423, 1, 1, '1032551108000700985'),
(481, 70, '14785039571478594556', '8613706228705', 'Dear customer, your order 14785039571478594556 has been delivered to locker 01 in , door number 2, password 571732, please pick up your parcel at your earliest convenience.', '1478503957', 1478594558, 1, 1, '1010601108004237313'),
(482, 70, '14785039571478594572', '8618913614962', 'Dear customer, your order 14785039571478594572 has been delivered to locker 01 in , door number 3, password 798909, please pick up your parcel at your earliest convenience.', '1478503957', 1478594573, 1, 1, '1032451108004252982'),
(483, 72, '14785039571478594556', '8613706228705', 'Dear customer, your order 14785039571478594556 in the locker has been returned to the courier, please contact the administrator if you have any question, thank you.', '1478503957', 1478594598, 1, 1, '1026771108004317808'),
(484, 71, '14785039571478594572', '8618913614962', 'Dear customer, your order 14785039571478594572 has already been picked up, if it is not operated by yourself, please contact the administrator as soon as possible, thank you.', '1478503957', 1478594739, 1, 1, '1027451108004534829'),
(485, 64, '14772722881478604286', '3434625061440', 'Your laundry locker login verification code is 2455.', '1477272288', 1478604283, 1, 1, '1002211108122446056'),
(486, 64, '14772722881478604370', '3434606373638', 'Your laundry locker login verification code is 7685.', '1477272288', 1478604367, 1, 1, '1002601108122610068'),
(487, 64, '14772722881478604528', '3434631790866', 'Your laundry locker login verification code is 3691.', '1477272288', 1478604524, 1, 1, '1031371108122848949'),
(488, 64, '14772722881478604651', '3434606373638', 'Your laundry locker login verification code is 4260.', '1477272288', 1478604647, 1, 1, '1001621108123051038'),
(489, 64, '14772722881478605422', '3434631790866', 'Your laundry locker login verification code is 2947.', '1477272288', 1478605423, 1, 1, '1007761108124342226'),
(490, 64, '14772722881478605486', '3434631790866', 'Your laundry locker login verification code is 1913.', '1477272288', 1478605487, 1, 1, '1024551108124446740'),
(491, 64, '14772722881478605569', '3434606373638', 'Your laundry locker login verification code is 2170.', '1477272288', 1478605570, 1, 1, '1015041108124609449'),
(492, 64, '14772722881478606112', '3434606373638', 'Your laundry locker login verification code is 5245.', '1477272288', 1478606112, 1, 1, '1003091108125512083'),
(493, 64, '14772722881478613618', '3434625061440', 'Your laundry locker login verification code is 9494.', '1477272288', 1478613620, 1, 1, '1025171108150018759'),
(494, 70, '14785039571478652890', '8618913614962', 'Dear customer, your order 3236525896580 has been delivered to locker 01 in , door number 2, password 230154, please pick up your parcel at your earliest convenience.', '1478503957', 1478652893, 1, 1, '1027321108165450825'),
(495, 71, '14785039571478652890', '8618913614962', 'Dear customer, your order 3236525896580 has already been picked up, if it is not operated by yourself, please contact the administrator as soon as possible, thank you.', '1478503957', 1478653284, 1, 1, '1027711109090122837'),
(496, 70, '14785039571478653704', '8618913614962', 'Dear customer, your order 85966958695847 has been delivered to locker 01 in , door number 23, password 503556, please pick up your parcel at your earliest convenience.', '1478503957', 1478653706, 1, 1, '1004891109090825138'),
(497, 70, '14785039571478653743', '8613706228705', 'Dear customer, your order 12598898 has been delivered to locker 01 in , door number 24, password 485488, please pick up your parcel at your earliest convenience.', '1478503957', 1478653746, 1, 1, '1015111109090904451'),
(498, 71, '14785039571478653743', '8613706228705', 'Dear customer, your order 12598898 has already been picked up, if it is not operated by yourself, please contact the administrator as soon as possible, thank you.', '1478503957', 1478654149, 1, 1, '1016421109091547491'),
(499, 71, '14785039571478653704', '8618913614962', 'Dear customer, your order 85966958695847 has already been picked up, if it is not operated by yourself, please contact the administrator as soon as possible, thank you.', '1478503957', 1478654270, 1, 1, '1001431109091749032'),
(500, 70, '14786558721440844639', '8618913614962', 'Dear customer, your order 1465898989898 has been delivered to locker 02 in , door number 1, password 733113, please pick up your parcel at your earliest convenience.', '1478655872', 1478658189, 1, 1, '1032350829033719979'),
(501, 71, '14786558721440844639', '8618913614962', 'Dear customer, your order 1465898989898 has already been picked up, if it is not operated by yourself, please contact the administrator as soon as possible, thank you.', '1478655872', 1478658283, 1, 1, '1023830829033853718'),
(502, 46, '14786604871478661414', '8618913614962', 'Dear customer, your order 14786604871478661414 has been delivered to locker 002 in , door number 3, password 280803, please pick up your parcel at your earliest convenience.', '1478660487', 1478661422, 1, 1, '1027221109111655822'),
(503, 47, '14786604871478661414', '8618913614962', 'Dear customer, your order 14786604871478661414 has already been picked up, if it is not operated by yourself, please contact the administrator as soon as possible, thank you.\r\n', '1478660487', 1478661690, 1, 1, '1000451109112129002'),
(280, 50, '6922646102242', '8613706228705', 'Dear customer, your order 6922646102242 has been delivered to locker  in , door number 6, password 660200, please pick up your parcel at your earliest convenience.', '1469501045', 1469579411, 1, 1, '1010770727082715318'),
(281, 54, '6922646102242', '8618913614962', 'Dear customer, your order 6922646102242 has been delivered to locker  in , door number 18, password 135280, please pick up your parcel at your earliest convenience.', '1469520428', 1469579480, 1, 1, '1028430726173118859'),
(504, 70, '14786558721440924737', '8618913614962', 'Dear customer, your order 885569708855 has been delivered to locker 02 in , door number 25, password 856346, please pick up your parcel at your earliest convenience.', '1478655872', 1478738289, 1, 1, '1000540830015218005'),
(505, 71, '14786558721440924737', '8618913614962', 'Dear customer, your order 885569708855 has already been picked up, if it is not operated by yourself, please contact the administrator as soon as possible, thank you.', '1478655872', 1478738401, 1, 1, '1021310830015404641'),
(284, 51, '6922646102242', '8613706228705', 'Dear customer, your order 6922646102242 has already been picked up, if it is not operated by yourself, please contact the administrator as soon as possible, thank you.', '1469501045', 1469580818, 1, 1, '1001820727085044044'),
(285, 55, '6922646102242', '8618913614962', 'Dear customer, your order 6922646102242 has already been picked up, if it is not operated by yourself, please contact the administrator as soon as possible, thank you.\r\n', '1469520428', 1469581741, 1, 1, '1009920726180859292'),
(286, 50, '1235555754', '8618913614962', 'Dear customer, your order 1235555754 has been delivered to locker 巴西 in 巴西, door number 1, password 736300, please pick up your parcel at your earliest convenience.', '1469501045', 1469583729, 1, 1, '1020370727093913612'),
(287, 50, '2536987095', '8618913614962', 'Dear customer, your order 2536987095 has been delivered to locker 巴西 in 巴西, door number 11, password 494746, please pick up your parcel at your earliest convenience.', '1469501045', 1469583744, 1, 1, '1021250727093929639'),
(288, 52, '2536987095', '8618913614962', 'Dear customer, your order 2536987095 in the locker has been returned to the courier, please contact the administrator if you have any question, thank you.', '1469501045', 1469584935, 1, 1, '1003120727095920084'),
(289, 51, '1235555754', '8618913614962', 'Dear customer, your order 1235555754 has already been picked up, if it is not operated by yourself, please contact the administrator as soon as possible, thank you.', '1469501045', 1469585025, 1, 1, '1012010727100050356'),
(290, 50, '14290094424', '8613706228705', 'Dear customer, your order 14290094424 has been delivered to locker 巴西 in 巴西, door number 6, password 805239, please pick up your parcel at your earliest convenience.', '1469501045', 1469585211, 1, 1, '1028110727100356849'),
(291, 51, '14290094424', '8613706228705', 'Dear customer, your order 14290094424 has already been picked up, if it is not operated by yourself, please contact the administrator as soon as possible, thank you.', '1469501045', 1469585262, 1, 1, '1004860727100447137'),
(292, 54, '12369800', '8613706228705', 'Dear customer, your order 12369800 has been delivered to locker 丹麦 in 丹麦, door number 6, password 698609, please pick up your parcel at your earliest convenience.', '1469520428', 1469599790, 1, 1, '1007960727140946232'),
(293, 54, '108608467', '8613706228705', 'Dear customer, your order 108608467 has been delivered to locker 丹麦 in 丹麦, door number 1, password 557501, please pick up your parcel at your earliest convenience.', '1469520428', 1469600022, 1, 1, '1000610727141339007'),
(294, 55, '12369800', '8613706228705', 'Dear customer, your order 12369800 has already been picked up, if it is not operated by yourself, please contact the administrator as soon as possible, thank you.\r\n', '1469520428', 1469600449, 1, 1, '1008250727142046241'),
(295, 55, '108608467', '8613706228705', 'Dear customer, your order 108608467 has already been picked up, if it is not operated by yourself, please contact the administrator as soon as possible, thank you.\r\n', '1469520428', 1469600477, 1, 1, '1015600727142114466'),
(296, 54, '17809800978', '8618913614962', 'Dear customer, your order 17809800978 has been delivered to locker 丹麦 in 丹麦, door number 18, password 207564, please pick up your parcel at your earliest convenience.', '1469520428', 1469600523, 1, 1, '1020400727142200613'),
(297, 55, '17809800978', '8618913614962', 'Dear customer, your order 17809800978 has already been picked up, if it is not operated by yourself, please contact the administrator as soon as possible, thank you.\r\n', '1469520428', 1469600564, 1, 1, '1024420727142241736'),
(506, 70, '14786558721440924986', '8618913614962', 'Dear customer, your order 33665548988 has been delivered to locker 02 in , door number 17, password 653872, please pick up your parcel at your earliest convenience.', '1478655872', 1478738541, 1, 1, '1028500830015626861'),
(507, 71, '14786558721440924986', '8618913614962', 'Dear customer, your order 33665548988 has already been picked up, if it is not operated by yourself, please contact the administrator as soon as possible, thank you.', '1478655872', 1478739470, 1, 1, '1016150830021158483'),
(508, 70, '14786558721440926645', '8618913614962', 'Dear customer, your order 14144141415556 has been delivered to locker 02 in , door number 17, password 575339, please pick up your parcel at your earliest convenience.', '1478655872', 1478740197, 1, 1, '1016580830022406496'),
(509, 71, '14786558721440926645', '8618913614962', 'Dear customer, your order 14144141415556 has already been picked up, if it is not operated by yourself, please contact the administrator as soon as possible, thank you.', '1478655872', 1478740412, 1, 1, '1029380830022740888'),
(510, 70, '14786558721440929451', '8618913614962', 'Dear customer, your order 2565459878888 has been delivered to locker 02 in , door number 17, password 186239, please pick up your parcel at your earliest convenience.', '1478655872', 1478743006, 1, 1, '1007400830031052215'),
(511, 71, '14786558721440929451', '8618913614962', 'Dear customer, your order 2565459878888 has already been picked up, if it is not operated by yourself, please contact the administrator as soon as possible, thank you.', '1478655872', 1478743225, 1, 1, '1008120830031435237'),
(304, 50, '1225588976', '8618913614962', 'Dear customer, your order 1225588976 has been delivered to locker 巴西 in 巴西, door number 6, password 982571, please pick up your parcel at your earliest convenience.', '1469501045', 1469692375, 1, 1, '1024480728154957738'),
(305, 50, '12578578777700', '8618913614962', 'Dear customer, your order 12578578777700 has been delivered to locker 巴西 in 巴西, door number 11, password 170763, please pick up your parcel at your earliest convenience.', '1469501045', 1469692390, 1, 1, '1020040728155014602'),
(306, 51, '1225588976', '8618913614962', 'Dear customer, your order 1225588976 has already been picked up, if it is not operated by yourself, please contact the administrator as soon as possible, thank you.', '1469501045', 1469693096, 1, 1, '1015630728160441467'),
(307, 51, '12578578777700', '8618913614962', 'Dear customer, your order 12578578777700 has already been picked up, if it is not operated by yourself, please contact the administrator as soon as possible, thank you.', '1469501045', 1469693125, 1, 1, '1030490728160509922'),
(308, 50, '1422555458', '8613706228705', 'Dear customer, your order 1422555458 has been delivered to locker 巴西 in 巴西, door number 1, password 498303, please pick up your parcel at your earliest convenience.', '1469501045', 1469694792, 1, 1, '1029220728163256883'),
(309, 52, '1422555458', '8613706228705', 'Dear customer, your order 1422555458 in the locker has been returned to the courier, please contact the administrator if you have any question, thank you.', '1469501045', 1469694858, 1, 1, '1000380728163403000'),
(310, 50, '14758980610000', '8618913614962', 'Dear customer, your order 14758980610000 has been delivered to locker 巴西 in 巴西, door number 1, password 118533, please pick up your parcel at your earliest convenience.', '1469501045', 1469694874, 1, 1, '1031570728163418955'),
(311, 51, '14758980610000', '8618913614962', 'Dear customer, your order 14758980610000 has already been picked up, if it is not operated by yourself, please contact the administrator as soon as possible, thank you.', '1469501045', 1469695018, 1, 1, '1009720728163643286'),
(312, 50, '12570889997778', '8613706228705', 'Dear customer, your order 12570889997778 has been delivered to locker 巴西 in 巴西, door number 1, password 926379, please pick up your parcel at your earliest convenience.', '1469501045', 1469695440, 1, 1, '1017660728164345529'),
(313, 51, '12570889997778', '8613706228705', 'Dear customer, your order 12570889997778 has already been picked up, if it is not operated by yourself, please contact the administrator as soon as possible, thank you.', '1469501045', 1469695508, 1, 1, '1021570728164453649'),
(314, 54, '1580078809888', '8618913614962', 'Dear customer, your order 1580078809888 has been delivered to locker 丹麦 in 丹麦, door number 18, password 275635, please pick up your parcel at your earliest convenience.', '1469520428', 1469777770, 1, 1, '1011090729153603328'),
(315, 55, '1580078809888', '8618913614962', 'Dear customer, your order 1580078809888 has already been picked up, if it is not operated by yourself, please contact the administrator as soon as possible, thank you.\r\n', '1469520428', 1469777889, 1, 1, '1006130729153803176'),
(316, 54, '255659', '8613706228705', 'Dear customer, your order 255659 has been delivered to locker 丹麦 in 丹麦, door number 9, password 124829, please pick up your parcel at your earliest convenience.', '1469520428', 1469862701, 1, 1, '1024320730151126733'),
(317, 54, '15808995498', '8613706228705', 'Dear customer, your order 15808995498 has been delivered to locker 丹麦 in 丹麦, door number 10, password 211420, please pick up your parcel at your earliest convenience.', '1469520428', 1469862710, 1, 1, '1028890730151141873'),
(318, 54, '158098770857', '8613706228705', 'Dear customer, your order 158098770857 has been delivered to locker 丹麦 in 丹麦, door number 11, password 883735, please pick up your parcel at your earliest convenience.', '1469520428', 1469862737, 1, 1, '1021930730151209660'),
(319, 54, '5525852698', '8613706228606', 'Dear customer, your order 5525852698 has been delivered to locker 丹麦 in 丹麦, door number 12, password 956915, please pick up your parcel at your earliest convenience.', '1469520428', 1469862760, 1, 1, '1014520730151232433'),
(320, 54, '25855688', '8613706228606', 'Dear customer, your order 25855688 has been delivered to locker 丹麦 in 丹麦, door number 13, password 407558, please pick up your parcel at your earliest convenience.', '1469520428', 1469862817, 1, 1, '1000810730151329013'),
(321, 54, '56325996', '8613706228606', 'Dear customer, your order 56325996 has been delivered to locker 丹麦 in 丹麦, door number 14, password 223256, please pick up your parcel at your earliest convenience.', '1469520428', 1469862830, 1, 1, '1014160730151342422'),
(322, 54, '2375698', '8613706228606', 'Dear customer, your order 2375698 has been delivered to locker 丹麦 in 丹麦, door number 15, password 692614, please pick up your parcel at your earliest convenience.', '1469520428', 1469862840, 1, 1, '1016870730151351505'),
(323, 54, '1370622860', '8613706228606', 'Dear customer, your order 1370622860 has been delivered to locker 丹麦 in 丹麦, door number 16, password 147675, please pick up your parcel at your earliest convenience.', '1469520428', 1469862856, 1, 1, '1031010730151407938'),
(324, 55, '255659', '8613706228705', 'Dear customer, your order 255659 has already been picked up, if it is not operated by yourself, please contact the administrator as soon as possible, thank you.\r\n', '1469520428', 1469862903, 1, 1, '1032480730151454983'),
(325, 55, '5525852698', '8613706228606', 'Dear customer, your order 5525852698 has already been picked up, if it is not operated by yourself, please contact the administrator as soon as possible, thank you.\r\n', '1469520428', 1469862933, 1, 1, '1006390730151525184'),
(326, 55, '25855688', '8613706228606', 'Dear customer, your order 25855688 has already been picked up, if it is not operated by yourself, please contact the administrator as soon as possible, thank you.\r\n', '1469520428', 1469862959, 1, 1, '1017040730151551510'),
(327, 55, '56325996', '8613706228606', 'Dear customer, your order 56325996 has already been picked up, if it is not operated by yourself, please contact the administrator as soon as possible, thank you.\r\n', '1469520428', 1469862994, 1, 1, '1010730730151623317'),
(328, 55, '2375698', '8613706228606', 'Dear customer, your order 2375698 has already been picked up, if it is not operated by yourself, please contact the administrator as soon as possible, thank you.\r\n', '1469520428', 1469863015, 1, 1, '1019780730151647594'),
(329, 55, '1370622860', '8613706228606', 'Dear customer, your order 1370622860 has already been picked up, if it is not operated by yourself, please contact the administrator as soon as possible, thank you.\r\n', '1469520428', 1469863039, 1, 1, '1023470730151711707'),
(330, 55, '158098770857', '8613706228705', 'Dear customer, your order 158098770857 has already been picked up, if it is not operated by yourself, please contact the administrator as soon as possible, thank you.\r\n', '1469520428', 1469863071, 1, 1, '1003120730151743084'),
(331, 55, '15808995498', '8613706228705', 'Dear customer, your order 15808995498 has already been picked up, if it is not operated by yourself, please contact the administrator as soon as possible, thank you.\r\n', '1469520428', 1469863098, 1, 1, '1024510730151810739'),
(332, 58, '1553785885', '8613706228705', 'Dear customer, your order 1553785885 has been delivered to locker zhong mei zhou in , door number 2, password 463615, please pick up your parcel at your earliest convenience.', '1469847050', 1470104356, 1, 1, '1013770801191915410'),
(333, 59, '1553785885', '8613706228705', 'Dear customer, your order 1553785885 has already been picked up, if it is not operated by yourself, please contact the administrator as soon as possible, thank you.\r\n', '1469847050', 1470104438, 1, 1, '1029020801192037877'),
(334, 58, '1575545588457', '8613706228705', 'Dear customer, your order 1575545588457 has been delivered to locker zhong mei zhou in , door number 2, password 671890, please pick up your parcel at your earliest convenience.', '1469847050', 1470189079, 1, 1, '1023960802185117722'),
(335, 59, '1575545588457', '8613706228705', 'Dear customer, your order 1575545588457 has already been picked up, if it is not operated by yourself, please contact the administrator as soon as possible, thank you.\r\n', '1469847050', 1470189117, 1, 1, '1008380802185156245'),
(336, 58, '2850097427', '8613706228705', 'Dear customer, your order 2850097427 has been delivered to locker zhong mei zhou in , door number 1, password 906663, please pick up your parcel at your earliest convenience.', '1469847050', 1470209130, 1, 1, '1023800803002527717'),
(337, 59, '2850097427', '8613706228705', 'Dear customer, your order 2850097427 has already been picked up, if it is not operated by yourself, please contact the administrator as soon as possible, thank you.\r\n', '1469847050', 1470209172, 1, 1, '1029610803002609895'),
(338, 61, '14256007890546', '8613706228705', 'Dear customer, your order 14256007890546 has been delivered to locker America in , door number 14, password 506471, please pick up your parcel at your earliest convenience.', '1470272190', 1470273058, 1, 1, '1007790803181055227'),
(339, 62, '14256007890546', '8613706228705', 'Dear customer, your order 14256007890546 has already been picked up, if it is not operated by yourself, please contact the administrator as soon as possible, thank you.', '1470272190', 1470273649, 1, 1, '1020730803182046623'),
(340, 61, '12500975607000', '8613706228705', 'Dear customer, your order 12500975607000 has been delivered to locker America in , door number 14, password 845175, please pick up your parcel at your earliest convenience.', '1470272190', 1470273849, 1, 1, '1012460803182406370'),
(341, 62, '12500975607000', '8613706228705', 'Dear customer, your order 12500975607000 has already been picked up, if it is not operated by yourself, please contact the administrator as soon as possible, thank you.', '1470272190', 1470273975, 1, 1, '1007430803182612216'),
(342, 61, '147288990570077', '8613706228705', 'Dear customer, your order 147288990570077 has been delivered to locker America in , door number 16, password 706929, please pick up your parcel at your earliest convenience.', '1470272190', 1470274039, 1, 1, '1005700803182716163'),
(343, 62, '147288990570077', '8613706228705', 'Dear customer, your order 147288990570077 has already been picked up, if it is not operated by yourself, please contact the administrator as soon as possible, thank you.', '1470272190', 1470274105, 1, 1, '1022490803182822677'),
(344, 61, '5365789656369', '865869', 'Dear customer, your order 5365789656369 has been delivered to locker America in , door number 1, password 261173, please pick up your parcel at your earliest convenience.', '1470272190', 1470467476, 1, 1, '1022720806151107684'),
(345, 61, '56987553269', '868965', 'Dear customer, your order 56987553269 has been delivered to locker America in , door number 14, password 177695, please pick up your parcel at your earliest convenience.', '1470272190', 1470467513, 1, 1, '1012730806151147378'),
(346, 61, '8652369874566', '868856', 'Dear customer, your order 8652369874566 has been delivered to locker America in , door number 16, password 763723, please pick up your parcel at your earliest convenience.', '1470272190', 1470467582, 1, 1, '1025660806151255774'),
(347, 62, '8652369874566', '868856', 'Dear customer, your order 8652369874566 has already been picked up, if it is not operated by yourself, please contact the administrator as soon as possible, thank you.', '1470272190', 1470619550, 1, 1, '1026240808092544792'),
(348, 62, '56987553269', '868965', 'Dear customer, your order 56987553269 has already been picked up, if it is not operated by yourself, please contact the administrator as soon as possible, thank you.', '1470272190', 1470619583, 1, 1, '1007430808092619216'),
(349, 62, '5365789656369', '865869', 'Dear customer, your order 5365789656369 has already been picked up, if it is not operated by yourself, please contact the administrator as soon as possible, thank you.', '1470272190', 1470619620, 1, 1, '1003710808092659102'),
(350, 61, '089756890788011', '8613706228705', 'Dear customer, your order 089756890788011 has been delivered to locker America in , door number 14, password 721775, please pick up your parcel at your earliest convenience.', '1470272190', 1470620285, 1, 1, '1009980808093803294'),
(351, 61, '0088009977580', '8613706228705', 'Dear customer, your order 0088009977580 has been delivered to locker America in , door number 16, password 810979, please pick up your parcel at your earliest convenience.', '1470272190', 1470624461, 1, 1, '1026540808104735801'),
(352, 62, '089756890788011', '8613706228705', 'Dear customer, your order 089756890788011 has already been picked up, if it is not operated by yourself, please contact the administrator as soon as possible, thank you.', '1470272190', 1470624792, 1, 1, '1007760808105300226'),
(353, 62, '0088009977580', '8613706228705', 'Dear customer, your order 0088009977580 has already been picked up, if it is not operated by yourself, please contact the administrator as soon as possible, thank you.', '1470272190', 1470624813, 1, 1, '1010280808105328303'),
(354, 61, '25097137185', '8613706228705', 'Dear customer, your order 25097137185 has been delivered to locker America in , door number 16, password 657952, please pick up your parcel at your earliest convenience.', '1470272190', 1470642621, 1, 1, '1025890808155020781'),
(355, 61, '089757147788900', '8613706228705', 'Dear customer, your order 089757147788900 has been delivered to locker America in , door number 17, password 996166, please pick up your parcel at your earliest convenience.', '1470272190', 1470642636, 1, 1, '1002630808155031069'),
(356, 62, '25097137185', '8613706228705', 'Dear customer, your order 25097137185 has already been picked up, if it is not operated by yourself, please contact the administrator as soon as possible, thank you.', '1470272190', 1470702547, 1, 1, '1028070809082903848'),
(357, 62, '089757147788900', '8613706228705', 'Dear customer, your order 089757147788900 has already been picked up, if it is not operated by yourself, please contact the administrator as soon as possible, thank you.', '1470272190', 1470702572, 1, 1, '1023310809082928702'),
(358, 61, '159357789654', '8613706228705', 'Dear customer, your order 159357789654 has been delivered to locker America in , door number 14, password 550166, please pick up your parcel at your earliest convenience.', '1470272190', 1470705397, 1, 1, '1017750809091633532'),
(359, 62, '159357789654', '8613706228705', 'Dear customer, your order 159357789654 has already been picked up, if it is not operated by yourself, please contact the administrator as soon as possible, thank you.', '1470272190', 1470725090, 1, 1, '1014720809144447439'),
(360, 50, '14525987755457877', '8613706228705', 'Dear customer, your order 14525987755457877 has been delivered to locker 1630603 in , door number 6, password 568184, please pick up your parcel at your earliest convenience.', '1469501045', 1471050798, 1, 1, '1015300813091224457'),
(361, 51, '14525987755457877', '8613706228705', 'Dear customer, your order 14525987755457877 has already been picked up, if it is not operated by yourself, please contact the administrator as soon as possible, thank you.', '1469501045', 1471050856, 1, 1, '1029800813091324901'),
(362, 50, '1425369870987', '8613706228705', 'Dear customer, your order 1425369870987 has been delivered to locker 1630603 in , door number 6, password 581709, please pick up your parcel at your earliest convenience.', '1469501045', 1472691758, 1, 1, '1000450901090237002'),
(363, 51, '1425369870987', '8613706228705', 'Dear customer, your order 1425369870987 has already been picked up, if it is not operated by yourself, please contact the administrator as soon as possible, thank you.', '1469501045', 1472691843, 1, 1, '1031400901090359950'),
(364, 50, '25598754545', '8613706228705', 'Dear customer, your order 25598754545 has been delivered to locker 1630603 in , door number 6, password 666236, please pick up your parcel at your earliest convenience.', '1469501045', 1472863453, 1, 1, '1008090903084406236'),
(365, 51, '09870648322654', '8618913614962', 'Dear customer, your order 09870648322654 has already been picked up, if it is not operated by yourself, please contact the administrator as soon as possible, thank you.', '1469501045', 1472866217, 1, 1, '1024380903093008735');
INSERT INTO `wf_sys_sms` (`id`, `stencilid`, `orderno`, `sendee`, `content`, `sender`, `sendtime`, `resendtimes`, `status`, `tid`) VALUES
(366, 50, '167897428777889', '8613706228705', 'Dear customer, your order 167897428777889 has been delivered to locker 1630603 in , door number 11, password 796509, please pick up your parcel at your earliest convenience.', '1469501045', 1472866261, 1, 1, '1029900903093055904'),
(367, 52, '167897428777889', '8613706228705', 'Dear customer, your order 167897428777889 in the locker has been returned to the courier, please contact the administrator if you have any question, thank you.', '1469501045', 1472867007, 1, 1, '1013180903094321392'),
(368, 50, '258000789654', '8618913614962', 'Dear customer, your order 258000789654 has been delivered to locker 1630603 in , door number 6, password 853572, please pick up your parcel at your earliest convenience.', '1469501045', 1472867421, 1, 1, '1030980903095014937'),
(369, 51, '258000789654', '8618913614962', 'Dear customer, your order 258000789654 has already been picked up, if it is not operated by yourself, please contact the administrator as soon as possible, thank you.', '1469501045', 1472867497, 1, 1, '1027090903095131818'),
(370, 50, '25870963147687554', '8618913614962', 'Dear customer, your order 25870963147687554 has been delivered to locker 1630603 in , door number 11, password 739375, please pick up your parcel at your earliest convenience.', '1469501045', 1472872901, 1, 1, '1004070903112136113'),
(371, 52, '25870963147687554', '8618913614962', 'Dear customer, your order 25870963147687554 in the locker has been returned to the courier, please contact the administrator if you have any question, thank you.', '1469501045', 1472872950, 1, 1, '1028470903112223860'),
(372, 50, '14256987084632', '8618913614962', 'Dear customer, your order 14256987084632 has been delivered to locker 1630603 in , door number 1, password 706703, please pick up your parcel at your earliest convenience.', '1469501045', 1472884048, 1, 1, '1017300903142723518'),
(373, 51, '14256987084632', '8618913614962', 'Dear customer, your order 14256987084632 has already been picked up, if it is not operated by yourself, please contact the administrator as soon as possible, thank you.', '1469501045', 1472884096, 1, 1, '1001230903142812026'),
(374, 50, '6920057824203', '8613806220600', 'Dear customer, your order 6920057824203 has been delivered to locker 1630603 in , door number 6, password 701335, please pick up your parcel at your earliest convenience.', '1469501045', 1472885381, 1, 1, '1018210903144936546'),
(375, 51, '6920057824203', '8613806220600', 'Dear customer, your order 6920057824203 has already been picked up, if it is not operated by yourself, please contact the administrator as soon as possible, thank you.', '1469501045', 1472885481, 1, 1, '1002080903145116052'),
(376, 50, '14259870235411', '8618913614962', 'Dear customer, your order 14259870235411 has been delivered to locker 1630603 in , door number 6, password 704905, please pick up your parcel at your earliest convenience.', '1469501045', 1473037736, 1, 1, '1001520905090855035'),
(377, 50, '458097523688', '8618913614962', 'Dear customer, your order 458097523688 has been delivered to locker 1630603 in , door number 7, password 257240, please pick up your parcel at your earliest convenience.', '1469501045', 1473037753, 1, 1, '1004820905090912136'),
(378, 51, '14259870235411', '8618913614962', 'Dear customer, your order 14259870235411 has already been picked up, if it is not operated by yourself, please contact the administrator as soon as possible, thank you.', '1469501045', 1473039060, 1, 1, '1022360905093059673'),
(379, 51, '458097523688', '8618913614962', 'Dear customer, your order 458097523688 has already been picked up, if it is not operated by yourself, please contact the administrator as soon as possible, thank you.', '1469501045', 1473039124, 1, 1, '1000810905093203013'),
(380, 50, '258000789654', '8618913614962', 'Dear customer, your order 258000789654 has been delivered to locker 1630603 in , door number 6, password 984424, please pick up your parcel at your earliest convenience.', '1469501045', 1473667110, 1, 1, '1028200912155812852'),
(381, 51, '258000789654', '8618913614962', 'Dear customer, your order 258000789654 has already been picked up, if it is not operated by yourself, please contact the administrator as soon as possible, thank you.', '1469501045', 1473667162, 1, 1, '1030880912155920934'),
(382, 50, '145658955556', '8615021494690', 'Dear customer, your order 145658955556 has been delivered to locker 1630603 in , door number 6, password 634921, please pick up your parcel at your earliest convenience.', '1469501045', 1473667303, 1, 1, '1023700912160141714'),
(383, 50, '148615555555', '8615021494690', 'Dear customer, your order 148615555555 has been delivered to locker 1630603 in , door number 1, password 546857, please pick up your parcel at your earliest convenience.', '1469501045', 1473667476, 1, 1, '1031110912160434941'),
(384, 51, '148615555555', '8615021494690', 'Dear customer, your order 148615555555 has already been picked up, if it is not operated by yourself, please contact the administrator as soon as possible, thank you.', '1469501045', 1473667509, 1, 1, '1032420912160507981'),
(385, 52, '145658955556', '8615021494690', 'Dear customer, your order 145658955556 in the locker has been returned to the courier, please contact the administrator if you have any question, thank you.', '1469501045', 1473667603, 1, 1, '1004720912160642133'),
(512, 70, '14786558721440930070', '8618913614962', 'Dear customer, your order 5698888887779 has been delivered to locker 02 in , door number 2, password 303362, please pick up your parcel at your earliest convenience.', '1478655872', 1478743623, 1, 1, '1031010830032110938'),
(513, 71, '14786558721440930070', '8618913614962', 'Dear customer, your order 5698888887779 has already been picked up, if it is not operated by yourself, please contact the administrator as soon as possible, thank you.', '1478655872', 1478743690, 1, 1, '1020070830032220603'),
(514, 70, '14785039571478744341', '8618913614962', 'Dear customer, your order 565654566488 has been delivered to locker 01 in , door number 17, password 803295, please pick up your parcel at your earliest convenience.', '1478503957', 1478744387, 1, 1, '1010641110101902314'),
(389, 48, '12', '4088888888888', 'Dear customer, your order 12 in the locker has been returned to the courier, please contact the administrator if you have any question, thank you.\r\n', '1469493032', 1474640932, 1, 1, '1001920923222852047'),
(390, 48, '12345', '4040745077808', 'Dear customer, your order 12345 in the locker has been returned to the courier, please contact the administrator if you have any question, thank you.\r\n', '1469493032', 1474640945, 1, 1, '1030980923222857937'),
(515, 71, '14785039571478744341', '8618913614962', 'Dear customer, your order 565654566488 has already been picked up, if it is not operated by yourself, please contact the administrator as soon as possible, thank you.', '1478503957', 1478744572, 1, 1, '1008971110102207263'),
(516, 70, '14785039571478758224', '8618913614962', 'Dear customer, your order 6H002004 has been delivered to locker 01 in , door number 1, password 343869, please pick up your parcel at your earliest convenience.', '1478503957', 1478758270, 1, 1, '1014491110141025432'),
(517, 71, '14785039571478758224', '8618913614962', 'Dear customer, your order 6H002004 has already been picked up, if it is not operated by yourself, please contact the administrator as soon as possible, thank you.', '1478503957', 1478758340, 1, 1, '1006031110141136173'),
(518, 70, '14785039571478758423', '8618913614962', 'Dear customer, your order 6I005657 has been delivered to locker 01 in , door number 1, password 635482, please pick up your parcel at your earliest convenience.', '1478503957', 1478758469, 1, 1, '1016871110141344505'),
(519, 71, '14785039571478758423', '8618913614962', 'Dear customer, your order 6I005657 has already been picked up, if it is not operated by yourself, please contact the administrator as soon as possible, thank you.', '1478503957', 1478758526, 1, 1, '1016841110141439504'),
(520, 70, '14785039571478758546', '8618913614962', 'Dear customer, your order 6H002011 has been delivered to locker 01 in , door number 1, password 660609, please pick up your parcel at your earliest convenience.', '1478503957', 1478758595, 1, 1, '1029051110141547878'),
(521, 71, '14785039571478758546', '8618913614962', 'Dear customer, your order 6H002011 has already been picked up, if it is not operated by yourself, please contact the administrator as soon as possible, thank you.', '1478503957', 1478758649, 1, 1, '1000541110141645005'),
(522, 70, '14785039571478758670', '8618913614962', 'Dear customer, your order 6I005645 has been delivered to locker 01 in , door number 1, password 739742, please pick up your parcel at your earliest convenience.', '1478503957', 1478758716, 1, 1, '1026051110141751786'),
(523, 71, '14785039571478758670', '8618913614962', 'Dear customer, your order 6I005645 has already been picked up, if it is not operated by yourself, please contact the administrator as soon as possible, thank you.', '1478503957', 1478758774, 1, 1, '1031341110141839948'),
(524, 46, '14694930321478763065', '400730069233', 'Dear customer, your order 55555555 has been delivered to locker 1670412 in , door number 3, password 327862, please pick up your parcel at your earliest convenience.', '1469493032', 1478763049, 1, 1, '1018641110153106559'),
(525, 46, '14694930321478763249', '4040730069233', 'Dear customer, your order 44444444 has been delivered to locker 1670412 in , door number 1, password 105569, please pick up your parcel at your earliest convenience.', '1469493032', 1478763229, 1, 1, '1031701110153409959'),
(526, 48, '14694930321478763065', '400730069233', 'Dear customer, your order 55555555 in the locker has been returned to the courier, please contact the administrator if you have any question, thank you.\r\n', '1469493032', 1478763418, 1, 1, '1003251110153713088'),
(527, 48, '14694930321478763065', '400730069233', 'Dear customer, your order 55555555 in the locker has been returned to the courier, please contact the administrator if you have any question, thank you.\r\n', '1469493032', 1478763420, 1, 1, '1003941110153720109'),
(528, 46, '14694930321478763552', '4040730069233', 'Dear customer, your order 111111 has been delivered to locker 1670412 in , door number 3, password 671824, please pick up your parcel at your earliest convenience.', '1469493032', 1478763532, 1, 1, '1002211110153913056'),
(529, 47, '14694930321478763552', '4040730069233', 'Dear customer, your order 111111 has already been picked up, if it is not operated by yourself, please contact the administrator as soon as possible, thank you.\r\n', '1469493032', 1478764404, 1, 1, '1007631110155320222'),
(530, 46, '14694930321478764589', '400730069233', 'Dear customer, your order SD7twjr4HR has been delivered to locker 1670412 in , door number 7, password 642354, please pick up your parcel at your earliest convenience.', '1469493032', 1478764592, 1, 1, '1006391110155630184'),
(531, 47, '14694930321478764589', '400730069233', 'Dear customer, your order SD7twjr4HR has already been picked up, if it is not operated by yourself, please contact the administrator as soon as possible, thank you.\r\n', '1469493032', 1478764720, 1, 1, '1007631110155838222'),
(532, 46, '14694930321478764782', '40730069233', 'Dear customer, your order 1010241029898890211202 has been delivered to locker 1670412 in , door number 3, password 399988, please pick up your parcel at your earliest convenience.', '1469493032', 1478764785, 1, 1, '1009691110155943285'),
(533, 47, '14694930321478764782', '40730069233', 'Dear customer, your order 1010241029898890211202 has already been picked up, if it is not operated by yourself, please contact the administrator as soon as possible, thank you.\r\n', '1469493032', 1478764956, 1, 1, '1032191110160232974'),
(534, 64, '14772722881478764981', '3434625061440', 'Your laundry locker login verification code is 7839.', '1477272288', 1478764967, 1, 1, '1009851110090301290'),
(535, 64, '14772722881478768635', '3434625061440', 'Your laundry locker login verification code is 9394.', '1477272288', 1478768623, 1, 1, '1029541110100355893'),
(536, 64, '14772722881478773934', '34625061440', 'Your laundry locker login verification code is 5425.', '1477272288', 1478773923, 1, 1, '1019651110113214590'),
(537, 65, '14772722881478773934', '34625061440', 'Dear Customer, your order 201611100001 is created, we will pick up you your laundry items soon, thanks for using our service!', '1477272288', 1478773960, 1, 1, '1011681110113255346'),
(538, 66, '14772722881478773934', '34625061440', 'Dear Customer, your order 201611100001 has been picked up by laundry shop courier, any questions please contact the service center, thanks!', '1477272288', 1478774062, 1, 1, '1002441110113437063'),
(539, 67, '14772722881478774144', '34625061440', 'Dear Customer, your order 201611100001 has been dropped off to Locker 01 Door 1, Locker address is , pickup PIN is 450233, please pick up your laundry items.', '1477272288', 1478774135, 1, 1, '1021481110113545646'),
(540, 69, '14772722881478774144', '34625061440', 'Dear Customer, your order 201611100001 has been picked up and order is finished, any questions please contact the service center, thanks!', '1477272288', 1478774159, 1, 1, '1001621110113612038'),
(541, 64, '14772722881478774237', '34625061440', 'Your laundry locker login verification code is 5265.', '1477272288', 1478774222, 1, 1, '1007141110113717207'),
(542, 65, '14772722881478774237', '34625061440', 'Dear Customer, your order 201611100002 is created, we will pick up you your laundry items soon, thanks for using our service!', '1477272288', 1478774246, 1, 1, '1025531110113741770'),
(543, 66, '14772722881478774237', '34625061440', 'Dear Customer, your order 201611100002 has been picked up by laundry shop courier, any questions please contact the service center, thanks!', '1477272288', 1478774309, 1, 1, '1017531110113830525'),
(544, 67, '14772722881478774350', '34625061440', 'Dear Customer, your order 201611100002 has been dropped off to Locker 01 Door 23, Locker address is , pickup PIN is 320261, please pick up your laundry items.', '1477272288', 1478774338, 1, 1, '1021151110113910636'),
(545, 69, '14772722881478774350', '34625061440', 'Dear Customer, your order 201611100002 has been picked up and order is finished, any questions please contact the service center, thanks!', '1477272288', 1478774351, 1, 1, '1021971110113925661'),
(546, 64, '14772722881478796227', '34625061440', 'Your laundry locker login verification code is 9420.', '1477272288', 1478796211, 1, 1, '1019061110174347572'),
(547, 65, '14772722881478796227', '34625061440', 'Dear Customer, your order 201611110001 is created, we will pick up you your laundry items soon, thanks for using our service!', '1477272288', 1478796233, 1, 1, '1003221110174410087'),
(548, 66, '14772722881478796227', '34625061440', 'Dear Customer, your order 201611110001 has been picked up by laundry shop courier, any questions please contact the service center, thanks!', '1477272288', 1478796290, 1, 1, '1014061110174507419'),
(549, 67, '14772722881478796363', '34625061440', 'Dear Customer, your order 201611110001 has been dropped off to Locker 01 Door 1, Locker address is , pickup PIN is 284336, please pick up your laundry items.', '1477272288', 1478796346, 1, 1, '1021081110174603634'),
(550, 69, '14772722881478796363', '34625061440', 'Dear Customer, your order 201611110001 has been picked up and order is finished, any questions please contact the service center, thanks!', '1477272288', 1478796363, 1, 1, '1014491110174620432'),
(551, 46, '14694930321478869301', '40730512513', 'Dear customer, your order 34170009628881000096288800000000967725072016 has been delivered to locker 1670412 in , door number 3, password 666464, please pick up your parcel at your earliest convenience.', '1469493032', 1478869296, 1, 1, '1017661111210142529'),
(552, 47, '14694930321478869301', '40730512513', 'Dear customer, your order 34170009628881000096288800000000967725072016 has already been picked up, if it is not operated by yourself, please contact the administrator as soon as possible, thank you.\r\n', '1469493032', 1478869341, 1, 1, '1012691111210228377'),
(553, 30, '14791718441479172549', '8618913614962', 'Dear customer, your order 14791718441479172549 has been delivered to locker 222 in 222, door number 2, password 359549, please pick up your parcel at your earliest convenience.', '1479171844', 1479172551, 1, 1, '1008091115091550236'),
(554, 31, '14791718441479172549', '8618913614962', 'Dear customer, your order 14791718441479172549 has already been picked up, if it is not operated by yourself, please contact the administrator as soon as possible, thank you.', '1479171844', 1479172612, 1, 1, '1004631115091651130'),
(555, 70, '14786558721441359394', '8618913614962', 'Dear customer, your order 14568709545 has been delivered to locker 02 in , door number 7, password 298334, please pick up your parcel at your earliest convenience.', '1478655872', 1479172954, 1, 1, '1028530904023635862'),
(556, 71, '14786558721441359394', '8618913614962', 'Dear customer, your order 14568709545 has already been picked up, if it is not operated by yourself, please contact the administrator as soon as possible, thank you.', '1478655872', 1479173004, 1, 1, '1014260904023726425'),
(557, 64, '14772722881479285399', '34695205702', 'Your laundry locker login verification code is 5319.', '1477272288', 1479285373, 1, 1, '1016381116093639490'),
(558, 65, '14772722881479285399', '34695205702', 'Dear Customer, your order 201611160001 is created, we will pick up you your laundry items soon, thanks for using our service!', '1477272288', 1479285420, 1, 1, '1001981116093722049'),
(559, 66, '14772722881479285399', '34695205702', 'Dear Customer, your order 201611160001 has been picked up by laundry shop courier, any questions please contact the service center, thanks!', '1477272288', 1479285506, 1, 1, '1011061116093849327'),
(560, 67, '14772722881479285576', '34695205702', 'Dear Customer, your order 201611160001 has been dropped off to Locker 01 Door 23, Locker address is , pickup PIN is 788378, please pick up your laundry items.', '1477272288', 1479285553, 1, 1, '1006261116093937180'),
(561, 69, '14772722881479285576', '34695205702', 'Dear Customer, your order 201611160001 has been picked up and order is finished, any questions please contact the service center, thanks!', '1477272288', 1479285570, 1, 1, '1011611116093957344'),
(562, 64, '14772722881479388028', '34655267025', 'Your laundry locker login verification code is 0047.', '1477272288', 1479387996, 1, 1, '1009721117140708286'),
(563, 64, '14772722881479456654', '34655267025', 'Your laundry locker login verification code is 8915.', '1477272288', 1479456615, 1, 1, '1019911118091054598'),
(564, 65, '14772722881479456654', '34655267025', 'Dear Customer, your order 201611180001 is created, we will pick up you your laundry items soon, thanks for using our service!', '1477272288', 1479456675, 1, 1, '1022951118091157691');

-- --------------------------------------------------------

--
-- Table structure for table `wf_sys_smsstencil`
--

DROP TABLE IF EXISTS `wf_sys_smsstencil`;
CREATE TABLE IF NOT EXISTS `wf_sys_smsstencil` (
  `id` int(11) NOT NULL AUTO_INCREMENT,
  `createuser` varchar(50) DEFAULT NULL,
  `createtime` int(11) DEFAULT NULL,
  `updateuser` varchar(50) DEFAULT NULL,
  `updatetime` int(11) DEFAULT NULL,
  `sysid` varchar(20) DEFAULT NULL,
  `status` int(1) DEFAULT NULL,
  `type` int(2) DEFAULT NULL,
  `code` int(2) DEFAULT NULL,
  `info` varchar(1000) DEFAULT NULL,
  `companyid` int(11) DEFAULT NULL,
  PRIMARY KEY (`id`)
) ENGINE=MyISAM  DEFAULT CHARSET=utf8 COMMENT='信息模板' AUTO_INCREMENT=73 ;

--
-- Dumping data for table `wf_sys_smsstencil`
--

INSERT INTO `wf_sys_smsstencil` (`id`, `createuser`, `createtime`, `updateuser`, `updatetime`, `sysid`, `status`, `type`, `code`, `info`, `companyid`) VALUES
(66, 'charge1620914', NULL, NULL, NULL, 'logistics', 1, 1, 13, 'Dear Customer, your order {%orders%} has been picked up by laundry shop courier, any questions please contact the service center, thanks!', 15),
(67, 'charge1620914', NULL, NULL, NULL, 'logistics', 1, 1, 14, 'Dear Customer, your order {%orders%} has been dropped off to Locker {%clientname%} Door {%boxnum%}, Locker address is {%clientaddress%}, pickup PIN is {%password%}, please pick up your laundry items.', 15),
(68, 'charge1620914', NULL, NULL, NULL, 'logistics', 1, 1, 17, 'Dear Customer, your order {%orders%} has been recalled by laundry shop courier, any questions please contact the service center, thanks!', 15),
(69, 'charge1620914', NULL, NULL, NULL, 'logistics', 1, 1, 15, 'Dear Customer, your order {%orders%} has been picked up and order is finished, any questions please contact the service center, thanks!', 15),
(70, 'charge1630922', 1478568375, 'charge1630922', 1478595645, 'logistics', 1, 1, 14, 'Dear customer, your order {%orders%} has been delivered to locker {%clientname%} in {%clientaddress%}, door number {%boxnum%}, password {%password%}, please pick up your parcel at your earliest convenience.', 16),
(71, 'charge1630922', 1478568396, 'charge1630922', 1478595654, 'logistics', 1, 1, 15, 'Dear customer, your order {%orders%} has already been picked up, if it is not operated by yourself, please contact the administrator as soon as possible, thank you.', 16),
(72, 'charge1630922', 1478568429, 'charge1630922', 1478595685, 'logistics', 1, 1, 17, 'Dear customer, your order {%orders%} in the locker has been returned to the courier, please contact the administrator if you have any question, thank you.', 16),
(30, '', NULL, '8705', 1479173093, 'logistics', 1, 1, 14, 'Dear customer, your order {%orders%} has been delivered to locker {%clientname%} in {%clientaddress%}, door number {%boxnum%}, password {%password%}, please pick up your parcel at your earliest convenience.', 14),
(31, '', NULL, '8705', 1479173099, 'logistics', 1, 1, 15, 'Dear customer, your order {%orders%} has already been picked up, if it is not operated by yourself, please contact the administrator as soon as possible, thank you.', 14),
(35, 'ladmin', 1467275440, '8705', 1479173104, 'logistics', 1, 1, 17, 'Dear customer, your order {%orders%} in the locker has been returned to the courier, please contact the administrator if you have any question, thank you.', 14),
(36, 'ladmin', 1467275484, '8705', 1479173109, 'logistics', 1, 1, 16, 'Dear customer, your order {%orders%} has been stored in the locker {%clientname%} in {%clientaddress%} for a long time, password {%password%}, please pick up your parcel ASAP to prevent extra cost.', 14),
(64, 'charge1620914', NULL, 'charge1620914', 1477289967, 'logistics', 1, 1, 10, 'Your laundry locker login verification code is {%code%}.', 15),
(65, 'charge1620914', NULL, NULL, NULL, 'logistics', 1, 1, 11, 'Dear Customer, your order {%orders%} is created, we will pick up you your laundry items soon, thanks for using our service!', 15),
(48, 'charge1670412', 1469522199, 'charge1670412', 1478661937, 'logistics', 1, 1, 17, 'Dear customer, your order {%orders%} in the locker has been returned to the courier, please contact the administrator if you have any question, thank you.\r\n', 9),
(47, 'charge1670412', 1469522161, 'charge1670412', 1478661930, 'logistics', 1, 1, 15, 'Dear customer, your order {%orders%} has already been picked up, if it is not operated by yourself, please contact the administrator as soon as possible, thank you.\r\n', 9),
(46, 'charge1670412', 1469522120, 'charge1670412', 1478661922, 'logistics', 1, 1, 14, 'Dear customer, your order {%orders%} has been delivered to locker {%clientname%} in {%clientaddress%}, door number {%boxnum%}, password {%password%}, please pick up your parcel at your earliest convenience.', 9),
(52, 'charge1630603', 1469522402, NULL, NULL, 'logistics', 1, 1, 17, 'Dear customer, your order {%orderno%} in the locker has been returned to the courier, please contact the administrator if you have any question, thank you.', 10),
(51, 'charge1630603', 1469522373, NULL, NULL, 'logistics', 1, 1, 15, 'Dear customer, your order {%orderno%} has already been picked up, if it is not operated by yourself, please contact the administrator as soon as possible, thank you.', 10),
(50, 'charge1630603', 1469522348, NULL, NULL, 'logistics', 1, 1, 14, 'Dear customer, your order {%orderno%} has been delivered to locker {%clientname%} in {%clientaddress%}, door number {%boxnum%}, password {%password%}, please pick up your parcel at your earliest convenience.', 10),
(58, 'charge1630606', 1469603411, NULL, NULL, 'logistics', 1, 1, 14, 'Dear customer, your order {%orderno%} has been delivered to locker {%clientname%} in {%clientaddress%}, door number {%boxnum%}, password {%password%}, please pick up your parcel at your earliest convenience.', 12),
(59, 'charge1630606', 1469603444, NULL, NULL, 'logistics', 1, 1, 15, 'Dear customer, your order {%orderno%} has already been picked up, if it is not operated by yourself, please contact the administrator as soon as possible, thank you.\r\n', 12),
(54, 'charge1670430', 1469522476, NULL, NULL, 'logistics', 1, 1, 14, 'Dear customer, your order {%orderno%} has been delivered to locker {%clientname%} in {%clientaddress%}, door number {%boxnum%}, password {%password%}, please pick up your parcel at your earliest convenience.', 11),
(55, 'charge1670430', 1469522500, NULL, NULL, 'logistics', 1, 1, 15, 'Dear customer, your order {%orderno%} has already been picked up, if it is not operated by yourself, please contact the administrator as soon as possible, thank you.\r\n', 11),
(56, 'charge1670430', 1469522521, NULL, NULL, 'logistics', 1, 1, 17, 'Dear customer, your order {%orderno%} in the locker has been returned to the courier, please contact the administrator if you have any question, thank you.\r\n', 11),
(60, 'charge1630606', 1469603467, NULL, NULL, 'logistics', 1, 1, 17, 'Dear customer, your order {%orderno%} in the locker has been returned to the courier, please contact the administrator if you have any question, thank you.\r\n', 12),
(61, 'charge1630509', 1470271184, NULL, NULL, 'logistics', 1, 1, 14, 'Dear customer, your order {%orderno%} has been delivered to locker {%clientname%} in {%clientaddress%}, door number {%boxnum%}, password {%password%}, please pick up your parcel at your earliest convenience.', 13),
(62, 'charge1630509', 1470271231, NULL, NULL, 'logistics', 1, 1, 15, 'Dear customer, your order {%orderno%} has already been picked up, if it is not operated by yourself, please contact the administrator as soon as possible, thank you.', 13),
(63, 'charge1630509', 1470271259, NULL, NULL, 'logistics', 1, 1, 17, 'Dear customer, your order {%orderno%} in the locker has been returned to the courier, please contact the administrator if you have any question, thank you.', 13);

-- --------------------------------------------------------

--
-- Table structure for table `wf_sys_user`
--

DROP TABLE IF EXISTS `wf_sys_user`;
CREATE TABLE IF NOT EXISTS `wf_sys_user` (
  `id` int(11) NOT NULL AUTO_INCREMENT,
  `createuser` varchar(50) DEFAULT NULL,
  `createtime` int(11) DEFAULT NULL,
  `updateuser` varchar(50) DEFAULT NULL,
  `updatetime` int(11) DEFAULT NULL,
  `sysid` varchar(20) DEFAULT NULL,
  `status` int(1) DEFAULT NULL,
  `username` varchar(50) DEFAULT NULL,
  `display` varchar(200) DEFAULT NULL,
  `password` varchar(50) DEFAULT NULL,
  `cardno` varchar(50) DEFAULT NULL,
  `type` int(2) DEFAULT NULL,
  `phone` varchar(50) DEFAULT NULL,
  `email` varchar(200) DEFAULT NULL,
  `regdate` int(11) DEFAULT NULL,
  PRIMARY KEY (`id`)
) ENGINE=InnoDB  DEFAULT CHARSET=utf8 CHECKSUM=1 DELAY_KEY_WRITE=1 ROW_FORMAT=DYNAMIC COMMENT='系统用户信息' AUTO_INCREMENT=119 ;

--
-- Dumping data for table `wf_sys_user`
--

INSERT INTO `wf_sys_user` (`id`, `createuser`, `createtime`, `updateuser`, `updatetime`, `sysid`, `status`, `username`, `display`, `password`, `cardno`, `type`, `phone`, `email`, `regdate`) VALUES
(1, 'admin', 1457312068, 'admin', 1486191689, NULL, 1, 'admin', '超级管理员', 'f9281466579c2419938854a27cf77823', '', 2, '13706228602', '', 1457193600),
(93, 'admin', 1466038137, 'admin', 1474861166, NULL, 1, 'ladmin', '智能物流柜管理员', '04380aae1c3f4f21623e0f97215572cd', '', 2, '13706228602', '', 1465920000),
(106, 'admin', 1469434648, NULL, NULL, NULL, 1, 'charge1670412', 'Romania', '676d7768042325fb43f3833a004a8e2e', '123456', 1, '13706228605', '', 1469376000),
(107, 'admin', 1469494395, 'admin', 1469494446, NULL, 1, 'charge1630603', 'Brazil', '676d7768042325fb43f3833a004a8e2e', '123456', 1, '13706228605', '', 1469289600),
(110, 'admin', 1469519282, NULL, NULL, NULL, 1, 'charge1670430', 'Denmark', '676d7768042325fb43f3833a004a8e2e', '123456', 1, '13706228605', '', 1469462400),
(111, 'admin', 1469602710, NULL, NULL, NULL, 1, 'charge1630606', 'Republic of Trinidad and Tobago', '676d7768042325fb43f3833a004a8e2e', '123456', 1, '13706228605', '', 1469548800),
(112, 'admin', 1470270624, NULL, NULL, NULL, 1, 'charge1630509', 'America', '676d7768042325fb43f3833a004a8e2e', '123456', 1, '13706228605', '', 1470240000),
(113, 'admin', 1474855256, 'admin', 1474861085, NULL, 1, '8705', 'winnsen test', '04380aae1c3f4f21623e0f97215572cd', '123456', 1, '13706228705', '', 1474819200),
(115, 'admin', 1477120476, NULL, NULL, NULL, 1, 'charge1620914', 'Spain', '676d7768042325fb43f3833a004a8e2e', '', 1, '13706228605', '', 1477065600),
(118, 'admin', 1478503289, NULL, NULL, NULL, 1, 'charge1630922', 'Albania', '676d7768042325fb43f3833a004a8e2e', '', 1, '13706228605', '123456@163.com', 1478448000);

-- --------------------------------------------------------

--
-- Table structure for table `wf_sys_userrole`
--

DROP TABLE IF EXISTS `wf_sys_userrole`;
CREATE TABLE IF NOT EXISTS `wf_sys_userrole` (
  `userid` int(11) DEFAULT NULL,
  `roleid` int(11) DEFAULT NULL,
  UNIQUE KEY `roleiduserid` (`roleid`,`userid`) USING BTREE,
  KEY `FK_wf_sys_userrole` (`userid`)
) ENGINE=InnoDB DEFAULT CHARSET=utf8 CHECKSUM=1 DELAY_KEY_WRITE=1 ROW_FORMAT=DYNAMIC COMMENT='用户角色关系';

--
-- Dumping data for table `wf_sys_userrole`
--

INSERT INTO `wf_sys_userrole` (`userid`, `roleid`) VALUES
(1, 1),
(93, 11),
(106, 11),
(107, 11),
(110, 11),
(111, 11),
(112, 11),
(113, 11),
(115, 11),
(118, 11);

--
-- Constraints for dumped tables
--

--
-- Constraints for table `wf_sys_box`
--
ALTER TABLE `wf_sys_box`
  ADD CONSTRAINT `FK_wf_sys_box` FOREIGN KEY (`clientid`) REFERENCES `wf_sys_client` (`id`);

--
-- Constraints for table `wf_sys_companyclient`
--
ALTER TABLE `wf_sys_companyclient`
  ADD CONSTRAINT `wf_sys_companyclient_ibfk_1` FOREIGN KEY (`clientid`) REFERENCES `wf_sys_client` (`id`),
  ADD CONSTRAINT `wf_sys_companyclient_ibfk_2` FOREIGN KEY (`companyid`) REFERENCES `wf_sys_company` (`id`);

--
-- Constraints for table `wf_sys_companyuser`
--
ALTER TABLE `wf_sys_companyuser`
  ADD CONSTRAINT `wf_sys_companyuser_ibfk_1` FOREIGN KEY (`userid`) REFERENCES `wf_sys_user` (`id`),
  ADD CONSTRAINT `wf_sys_companyuser_ibfk_2` FOREIGN KEY (`companyid`) REFERENCES `wf_sys_company` (`id`);

--
-- Constraints for table `wf_sys_roleauthorise`
--
ALTER TABLE `wf_sys_roleauthorise`
  ADD CONSTRAINT `FK_wf_sys_roleauthorise` FOREIGN KEY (`menuid`) REFERENCES `wf_sys_authorization` (`id`),
  ADD CONSTRAINT `FK_wf_sys_roleauthorise2` FOREIGN KEY (`roleid`) REFERENCES `wf_sys_role` (`id`);

--
-- Constraints for table `wf_sys_userrole`
--
ALTER TABLE `wf_sys_userrole`
  ADD CONSTRAINT `FK_wf_sys_userrole` FOREIGN KEY (`userid`) REFERENCES `wf_sys_user` (`id`),
  ADD CONSTRAINT `FK_wf_sys_userrole2` FOREIGN KEY (`roleid`) REFERENCES `wf_sys_role` (`id`);

/*!40101 SET CHARACTER_SET_CLIENT=@OLD_CHARACTER_SET_CLIENT */;
/*!40101 SET CHARACTER_SET_RESULTS=@OLD_CHARACTER_SET_RESULTS */;
/*!40101 SET COLLATION_CONNECTION=@OLD_COLLATION_CONNECTION */;
